reference_product,unit,process_role,category,dataset_count
"1,1-difluoroethane, HFC-152a",kilogram,market,material/Chemicals/Organic/Market,1
"1,1-difluoroethane, HFC-152a",kilogram,transformation,material/Chemicals/Organic/Transformation,2
"1,1-dimethylcyclopentane",kilogram,market,material/Chemicals/Organic/Market,1
"1,1-dimethylcyclopentane",kilogram,transformation,material/Chemicals/Organic/Transformation,2
1-butanol,kilogram,market,material/Chemicals/Organic/Market,1
1-butanol,kilogram,transformation,material/Chemicals/Organic/Transformation,3
1-methoxy-2-propanol,kilogram,market,material/Chemicals/Organic/Market,1
1-methoxy-2-propanol,kilogram,transformation,material/Chemicals/Organic/Transformation,1
1-methylcyclopropene,kilogram,market,material/Chemicals/Organic/Market,1
1-methylcyclopropene,kilogram,transformation,material/Chemicals/Organic/Transformation,1
1-naphthylacetic acid,kilogram,market,material/Chemicals/Acids (organic)/Market,1
1-naphthylacetic acid,kilogram,transformation,material/Chemicals/Acids (organic)/Transformation,1
1-pentanol,kilogram,market,material/Chemicals/Organic/Market,1
1-pentanol,kilogram,transformation,material/Chemicals/Organic/Transformation,2
1-propanol,kilogram,market,material/Chemicals/Organic/Market,1
1-propanol,kilogram,transformation,material/Chemicals/Organic/Transformation,3
"2,3-dimethylbutan",kilogram,market,material/Chemicals/Pesticides/Market,1
"2,3-dimethylbutan",kilogram,transformation,material/Chemicals/Pesticides/Transformation,2
"2,4-di-tert-butylphenol",kilogram,market,material/Chemicals/Organic/Market,1
"2,4-di-tert-butylphenol",kilogram,transformation,material/Chemicals/Organic/Transformation,1
"2,4-dichlorophenol",kilogram,market,material/Chemicals/Pesticides/Market,1
"2,4-dichlorophenol",kilogram,transformation,material/Chemicals/Pesticides/Transformation,2
"2,4-dichlorotoluene",kilogram,market,material/Chemicals/Pesticides/Market,1
"2,4-dichlorotoluene",kilogram,transformation,material/Chemicals/Pesticides/Transformation,2
"2,4-dinitrotoluene",kilogram,market,material/Chemicals/Organic/Market,1
"2,4-dinitrotoluene",kilogram,transformation,material/Chemicals/Organic/Transformation,2
"2,4-dinitrotoluene",kilogram,transformation,material/Others/Obsolete,1
"2,5-dimethylhexane-2,5-dihydroperoxide",kilogram,market,material/Chemicals/Organic/Market,1
"2,5-dimethylhexane-2,5-dihydroperoxide",kilogram,transformation,material/Chemicals/Organic/Transformation,1
"2,6-di-tert-butylphenol",kilogram,market,material/Chemicals/Organic/Market,1
"2,6-di-tert-butylphenol",kilogram,transformation,material/Chemicals/Organic/Transformation,1
2-butanol,kilogram,market,material/Chemicals/Organic/Market,2
2-butanol,kilogram,market,material/Others/Obsolete,1
2-butanol,kilogram,transformation,material/Chemicals/Organic/Transformation,2
2-cyclopentone,kilogram,market,material/Chemicals/Organic/Market,1
2-cyclopentone,kilogram,transformation,material/Chemicals/Organic/Transformation,2
2-methyl-1-butanol,kilogram,market,material/Chemicals/Organic/Market,1
2-methyl-1-butanol,kilogram,transformation,material/Chemicals/Organic/Transformation,2
2-methyl-2-butanol,kilogram,market,material/Chemicals/Organic/Market,1
2-methyl-2-butanol,kilogram,transformation,material/Chemicals/Organic/Transformation,2
2-methylpentane,kilogram,market,material/Chemicals/Organic/Market,1
2-methylpentane,kilogram,transformation,material/Chemicals/Organic/Transformation,2
2-nitroaniline,kilogram,market,material/Chemicals/Organic/Market,1
2-nitroaniline,kilogram,transformation,material/Chemicals/Organic/Transformation,2
2-pyridinol,kilogram,market,material/Chemicals/Organic/Market,1
2-pyridinol,kilogram,transformation,material/Chemicals/Organic/Transformation,2
3-methyl-1-butanol,kilogram,market,material/Chemicals/Organic/Market,1
3-methyl-1-butanol,kilogram,transformation,material/Chemicals/Organic/Transformation,2
3-methyl-1-butyl acetate,kilogram,market,material/Chemicals/Organic/Market,1
3-methyl-1-butyl acetate,kilogram,transformation,material/Chemicals/Organic/Transformation,2
3-methylpyridine,kilogram,market,material/Chemicals/Organic/Market,2
3-methylpyridine,kilogram,transformation,material/Chemicals/Organic/Transformation,2
4-methyl-2-pentanone,kilogram,market,material/Chemicals/Organic/Market,1
4-methyl-2-pentanone,kilogram,transformation,material/Chemicals/Organic/Transformation,2
4-tert-butylbenzaldehyde,kilogram,market,material/Chemicals/Organic/Market,1
4-tert-butylbenzaldehyde,kilogram,transformation,material/Chemicals/Organic/Transformation,2
4-tert-butyltoluene,kilogram,market,material/Chemicals/Organic/Market,2
4-tert-butyltoluene,kilogram,market,material/Others/Obsolete,1
4-tert-butyltoluene,kilogram,transformation,material/Chemicals/Organic/Transformation,2
6-benzyladenine,kilogram,market,material/Chemicals/Organic/Market,1
6-benzyladenine,kilogram,transformation,material/Chemicals/Organic/Transformation,1
[sulfonyl]urea-compound,kilogram,market,material/Chemicals/Pesticides/Market,1
[sulfonyl]urea-compound,kilogram,transformation,material/Chemicals/Pesticides/Transformation,2
[thio]carbamate-compound,kilogram,market,material/Chemicals/Pesticides/Market,1
[thio]carbamate-compound,kilogram,transformation,material/Chemicals/Pesticides/Transformation,2
"absorption chiller, 100kW",unit,market,energy/Cogeneration/Gas/Market/Infrastructure,1
"absorption chiller, 100kW",unit,transformation,energy/Cogeneration/Gas/Transformation/Infrastructure,2
acetaldehyde,kilogram,market,material/Chemicals/Organic/Market,1
acetaldehyde,kilogram,transformation,material/Chemicals/Organic/Transformation,2
"acetamide-anillide-compound, unspecified",kilogram,market,material/Chemicals/Pesticides/Market,1
"acetamide-anillide-compound, unspecified",kilogram,transformation,material/Chemicals/Pesticides/Transformation,2
acetanilide,kilogram,market,material/Chemicals/Organic/Market,1
acetanilide,kilogram,transformation,material/Chemicals/Organic/Transformation,2
"acetic acid, without water, in 98% solution state",kilogram,market,material/Chemicals/Acids (organic)/Market,1
"acetic acid, without water, in 98% solution state",kilogram,transformation,material/Chemicals/Acids (organic)/Transformation,6
acetic anhydride,kilogram,market,material/Chemicals/Organic/Market,1
acetic anhydride,kilogram,market,material/Others/Obsolete,2
acetic anhydride,kilogram,transformation,material/Chemicals/Organic/Transformation,4
acetoacetic acid,kilogram,market,material/Chemicals/Acids (organic)/Market,1
acetoacetic acid,kilogram,transformation,material/Chemicals/Organic/Transformation,2
acetone cyanohydrin,kilogram,market,material/Chemicals/Organic/Market,2
acetone cyanohydrin,kilogram,market,material/Others/Obsolete,1
acetone cyanohydrin,kilogram,transformation,material/Chemicals/Organic/Transformation,2
"acetone, liquid",kilogram,market,material/Chemicals/Organic/Market,2
"acetone, liquid",kilogram,market,material/Others/Obsolete,1
"acetone, liquid",kilogram,transformation,material/Chemicals/Organic/Transformation,8
"acetone, liquid",kilogram,transformation,material/Others/Obsolete,4
acetonitrile,kilogram,market,material/Chemicals/Organic/Market,1
acetonitrile,kilogram,transformation,material/Chemicals/Organic/Transformation,2
acetyl chloride,kilogram,market,material/Chemicals/Acids (organic)/Market,1
acetyl chloride,kilogram,transformation,material/Chemicals/Organic/Transformation,2
acetylene,kilogram,market,material/Chemicals/Organic/Market,2
acetylene,kilogram,market,material/Others/Obsolete,1
acetylene,kilogram,transformation,material/Chemicals/Organic/Transformation,2
acetylene,kilogram,transformation,material/Others/Obsolete,1
aclonifen,kilogram,market,material/Chemicals/Pesticides/Market,1
aclonifen,kilogram,transformation,material/Chemicals/Pesticides/Transformation,2
acrolein,kilogram,market,material/Chemicals/Organic/Market,1
acrolein,kilogram,transformation,material/Chemicals/Organic/Transformation,2
acrylic acid,kilogram,market,material/Chemicals/Acids (organic)/Market,2
acrylic acid,kilogram,market,material/Others/Obsolete,1
acrylic acid,kilogram,transformation,material/Chemicals/Acids (organic)/Transformation,2
"acrylic binder, with water, in 54% solution state",kilogram,market,material/Chemicals/Organic/Market,2
"acrylic binder, with water, in 54% solution state",kilogram,transformation,material/Chemicals/Organic/Transformation,2
"acrylic binder, without water, in 34% solution state",kilogram,market,material/Others/Obsolete,1
"acrylic dispersion, with water, in 58% solution state",kilogram,market,material/Chemicals/Organic/Market,2
"acrylic dispersion, with water, in 58% solution state",kilogram,transformation,material/Chemicals/Organic/Transformation,2
"acrylic dispersion, without water, in 65% solution state",kilogram,market,material/Others/Obsolete,1
acrylic filler,kilogram,market,material/Construction/Coverings/Market,2
acrylic filler,kilogram,market,material/Others/Obsolete,1
acrylic filler,kilogram,transformation,material/Construction/Coverings/Transformation,2
"acrylic varnish, with water, in 53% solution state",kilogram,market,material/Construction/Paints/Market,2
"acrylic varnish, with water, in 53% solution state",kilogram,transformation,material/Construction/Paints/Transformation,2
"acrylic varnish, without water, in 87.5% solution state",kilogram,market,material/Others/Obsolete,1
acrylonitrile,kilogram,market,material/Chemicals/Organic/Market,1
acrylonitrile,kilogram,transformation,material/Chemicals/Organic/Transformation,2
acrylonitrile-butadiene-styrene copolymer,kilogram,market,material/Plastics/Rubbers/Market,1
acrylonitrile-butadiene-styrene copolymer,kilogram,transformation,material/Plastics/Rubbers/Transformation,2
activated bentonite,kilogram,market,material/Chemicals/Inorganic/Market,1
activated bentonite,kilogram,transformation,material/Chemicals/Inorganic/Transformation,2
"activated carbon, granular",kilogram,market,material/Chemicals/Organic/Market,1
"activated carbon, granular",kilogram,transformation,material/Chemicals/Organic/Transformation,2
"activated carbon, granular",kilogram,transformation,processing/Others/Transformation,2
activated silica,kilogram,market,material/Chemicals/Inorganic/Market,1
activated silica,kilogram,transformation,material/Chemicals/Inorganic/Transformation,1
adhesive mortar,kilogram,market,material/Construction/Binders/Market,1
adhesive mortar,kilogram,transformation,material/Construction/Binders/Transformation,2
"adhesive, for metal",kilogram,market,material/Chemicals/Others/Market,2
"adhesive, for metal",kilogram,market,material/Others/Obsolete,1
"adhesive, for metal",kilogram,transformation,material/Chemicals/Others/Transformation,2
adipic acid,kilogram,market,material/Chemicals/Acids (organic)/Market,1
adipic acid,kilogram,transformation,material/Chemicals/Acids (organic)/Transformation,2
adiponitrile,kilogram,market,material/Chemicals/Organic/Market,2
adiponitrile,kilogram,transformation,material/Chemicals/Organic/Transformation,2
"agricultural machinery, tillage",kilogram,market,processing/Agricultural/Market/Infrastructure,1
"agricultural machinery, tillage",kilogram,transformation,processing/Agricultural/Transformation/Infrastructure,2
"agricultural machinery, unspecified",kilogram,market,processing/Agricultural/Market/Infrastructure,1
"agricultural machinery, unspecified",kilogram,transformation,processing/Agricultural/Transformation/Infrastructure,2
agricultural trailer,kilogram,market,transport/Road/Market/Infrastructure,1
agricultural trailer,kilogram,transformation,transport/Road/Transformation/Infrastructure,2
"air compressor, screw-type compressor, 300kW",unit,market,processing/Compressed air/Market/Infrastructure,1
"air compressor, screw-type compressor, 300kW",unit,transformation,processing/Compressed air/Transformation/Infrastructure,2
"air compressor, screw-type compressor, 4kW",unit,market,processing/Compressed air/Market/Infrastructure,1
"air compressor, screw-type compressor, 4kW",unit,transformation,processing/Compressed air/Transformation/Infrastructure,2
"air distribution terminal panel, steel, 120 m3/h",unit,market,material/Construction/Ventilation/Market,1
"air distribution terminal panel, steel, 120 m3/h",unit,transformation,material/Construction/Ventilation/Transformation,2
"air filter, central unit, 600 m3/h",unit,market,material/Construction/Ventilation/Market,1
"air filter, central unit, 600 m3/h",unit,transformation,material/Construction/Ventilation/Transformation,2
"air filter, decentralized unit, 180-250 m3/h",unit,market,material/Construction/Ventilation/Market,1
"air filter, decentralized unit, 180-250 m3/h",unit,transformation,material/Construction/Ventilation/Transformation,2
"air filter, decentralized unit, 250 m3/h",unit,market,material/Construction/Ventilation/Market,1
"air filter, decentralized unit, 250 m3/h",unit,transformation,material/Construction/Ventilation/Transformation,2
"air filter, in exhaust air valve",unit,market,material/Construction/Ventilation/Market,1
"air filter, in exhaust air valve",unit,transformation,material/Construction/Ventilation/Transformation,2
"air input/output unit, heat and power co-generation unit, 160kW electrical",unit,market,energy/Cogeneration/Gas/Market/Infrastructure,1
"air input/output unit, heat and power co-generation unit, 160kW electrical",unit,transformation,energy/Cogeneration/Gas/Transformation/Infrastructure,2
air separation facility,unit,market,material/Chemicals/Gases/Market/Infrastructure,1
air separation facility,unit,transformation,material/Chemicals/Gases/Transformation/Infrastructure,2
"aircraft, belly freight, long haul",unit,market,transport/Air/Market/Infrastructure,1
"aircraft, belly freight, long haul",unit,transformation,transport/Air/Transformation/Infrastructure,1
"aircraft, belly freight, medium haul",unit,market,transport/Air/Market/Infrastructure,1
"aircraft, belly freight, medium haul",unit,transformation,transport/Air/Transformation/Infrastructure,1
"aircraft, belly freight, short haul",unit,market,transport/Air/Market/Infrastructure,1
"aircraft, belly freight, short haul",unit,transformation,transport/Air/Transformation/Infrastructure,1
"aircraft, belly freight, very short haul",unit,market,transport/Air/Market/Infrastructure,1
"aircraft, belly freight, very short haul",unit,transformation,transport/Air/Transformation/Infrastructure,1
"aircraft, dedicated freight, long haul",unit,market,transport/Air/Market/Infrastructure,1
"aircraft, dedicated freight, long haul",unit,transformation,transport/Air/Transformation/Infrastructure,1
"aircraft, dedicated freight, medium haul",unit,market,transport/Air/Market/Infrastructure,1
"aircraft, dedicated freight, medium haul",unit,transformation,transport/Air/Transformation/Infrastructure,1
"aircraft, dedicated freight, short haul",unit,market,transport/Air/Market/Infrastructure,1
"aircraft, dedicated freight, short haul",unit,transformation,transport/Air/Transformation/Infrastructure,1
"aircraft, dedicated freight, very short haul",unit,market,transport/Air/Market/Infrastructure,1
"aircraft, dedicated freight, very short haul",unit,transformation,transport/Air/Transformation/Infrastructure,1
"aircraft, long haul",unit,market,transport/Others/Obsolete,1
"aircraft, long haul",unit,transformation,transport/Others/Obsolete,2
"aircraft, medium haul",unit,market,transport/Others/Obsolete,1
"aircraft, medium haul",unit,transformation,transport/Others/Obsolete,2
"aircraft, passenger, long haul",unit,market,transport/Air/Market/Infrastructure,1
"aircraft, passenger, long haul",unit,transformation,transport/Air/Transformation/Infrastructure,1
"aircraft, passenger, medium haul",unit,market,transport/Air/Market/Infrastructure,1
"aircraft, passenger, medium haul",unit,transformation,transport/Air/Transformation/Infrastructure,1
"aircraft, passenger, short haul",unit,market,transport/Air/Market/Infrastructure,1
"aircraft, passenger, short haul",unit,transformation,transport/Air/Transformation/Infrastructure,1
"aircraft, passenger, very short haul",unit,market,transport/Air/Market/Infrastructure,1
"aircraft, passenger, very short haul",unit,transformation,transport/Air/Transformation/Infrastructure,1
airport,unit,market,transport/Air/Market/Infrastructure,1
airport,unit,transformation,transport/Air/Transformation/Infrastructure,2
"alfalfa-grass mixture, Swiss integrated production",kilogram,market,material/Agricultural/Plant production/Roughage/Market,1
"alfalfa-grass mixture, Swiss integrated production",kilogram,transformation,material/Agricultural/Plant production/Roughage/Transformation,1
alfalfa-grass silage,kilogram,market,material/Agricultural/Plant production/Roughage/Market,1
alfalfa-grass silage,kilogram,transformation,material/Agricultural/Plant production/Roughage/Transformation,3
"alkyd paint, white, without solvent, in 60% solution state",kilogram,market,material/Construction/Paints/Market,2
"alkyd paint, white, without solvent, in 60% solution state",kilogram,market,material/Others/Obsolete,1
"alkyd paint, white, without solvent, in 60% solution state",kilogram,transformation,material/Construction/Paints/Transformation,2
"alkyd paint, white, without water, in 60% solution state",kilogram,market,material/Construction/Paints/Market,2
"alkyd paint, white, without water, in 60% solution state",kilogram,market,material/Others/Obsolete,1
"alkyd paint, white, without water, in 60% solution state",kilogram,transformation,material/Construction/Paints/Transformation,2
"alkyd resin, long oil, without solvent, in 70% white spirit solution state",kilogram,market,material/Chemicals/Organic/Market,2
"alkyd resin, long oil, without solvent, in 70% white spirit solution state",kilogram,market,material/Others/Obsolete,1
"alkyd resin, long oil, without solvent, in 70% white spirit solution state",kilogram,transformation,material/Chemicals/Organic/Transformation,2
alkyl sulphate (C12-14),kilogram,market,material/Chemicals/Organic/Market,1
alkyl sulphate (C12-14),kilogram,transformation,material/Chemicals/Organic/Transformation,1
"alkylbenzene sulfonate, linear, petrochemical",kilogram,market,material/Chemicals/Washing agents/Tensides/Market,1
"alkylbenzene sulfonate, linear, petrochemical",kilogram,transformation,material/Chemicals/Washing agents/Tensides/Transformation,2
"alkylbenzene, linear",kilogram,market,material/Chemicals/Organic/Market,1
"alkylbenzene, linear",kilogram,transformation,material/Chemicals/Organic/Transformation,3
"alkylketene dimer sizing agent, for paper production",kilogram,market,material/Chemicals/Others/Market,2
"alkylketene dimer sizing agent, for paper production",kilogram,market,material/Others/Obsolete,1
"alkylketene dimer sizing agent, for paper production",kilogram,transformation,material/Chemicals/Others/Transformation,2
allyl chloride,kilogram,market,material/Chemicals/Organic/Market,2
allyl chloride,kilogram,market,material/Others/Obsolete,1
allyl chloride,kilogram,transformation,material/Chemicals/Organic/Transformation,2
almond,kilogram,market,material/Agricultural/Food/Market,1
almond,kilogram,transformation,material/Agricultural/Food/Transformation,3
alpha-naphthol,kilogram,market,material/Chemicals/Organic/Market,1
alpha-naphthol,kilogram,transformation,material/Chemicals/Organic/Transformation,2
alpha-picoline,kilogram,market,material/Chemicals/Organic/Market,1
alpha-picoline,kilogram,transformation,material/Chemicals/Organic/Transformation,2
aluminium (waste treatment),kilogram,transformation,waste treatment/Recycling/Transformation,1
"aluminium alloy, AlLi",kilogram,market,material/Metals/Alloys/Market,1
"aluminium alloy, AlLi",kilogram,transformation,material/Metals/Alloys/Transformation,2
"aluminium alloy, AlMg3",kilogram,market,material/Metals/Alloys/Market,1
"aluminium alloy, AlMg3",kilogram,transformation,material/Metals/Alloys/Transformation,2
"aluminium alloy, metal matrix composite",kilogram,market,material/Metals/Alloys/Market,1
"aluminium alloy, metal matrix composite",kilogram,transformation,material/Metals/Alloys/Transformation,2
"aluminium around steel bi-metal stranded cable, 3x3.67mm external diameter wire",meter,market,material/Metals/Alloys/Market,1
"aluminium around steel bi-metal stranded cable, 3x3.67mm external diameter wire",meter,transformation,material/Metals/Alloys/Transformation,2
"aluminium around steel bi-metal wire, 3.67mm external diameter",meter,market,material/Metals/Alloys/Market,1
"aluminium around steel bi-metal wire, 3.67mm external diameter",meter,transformation,material/Metals/Alloys/Transformation,2
aluminium casting facility,unit,market,material/Metals/Non ferro/Market/Infrastructure,1
aluminium casting facility,unit,transformation,material/Metals/Non ferro/Transformation/Infrastructure,2
aluminium chloride,kilogram,market,material/Chemicals/Inorganic/Market,1
aluminium chloride,kilogram,transformation,material/Chemicals/Inorganic/Transformation,1
"aluminium collector foil, for Li-ion battery",kilogram,market,material/Electronics/Battery/Market,1
"aluminium collector foil, for Li-ion battery",kilogram,transformation,material/Electronics/Battery/Transformation,1
aluminium electrolysis facility,unit,market,material/Metals/Non ferro/Market/Infrastructure,1
aluminium electrolysis facility,unit,transformation,material/Metals/Non ferro/Transformation/Infrastructure,2
aluminium fluoride,kilogram,market,material/Chemicals/Inorganic/Market,1
aluminium fluoride,kilogram,transformation,material/Chemicals/Inorganic/Transformation,2
aluminium hydroxide,kilogram,market,material/Chemicals/Inorganic/Market,1
aluminium hydroxide,kilogram,transformation,material/Chemicals/Inorganic/Transformation,8
aluminium hydroxide,kilogram,transformation,material/Others/Obsolete,1
aluminium hydroxide factory,unit,market,material/Metals/Non ferro/Market/Infrastructure,1
aluminium hydroxide factory,unit,transformation,material/Metals/Non ferro/Transformation/Infrastructure,2
aluminium in car shredder residue,kilogram,market,waste treatment/Metals/Market,2
aluminium in car shredder residue,kilogram,market,waste treatment/Others/Obsolete,1
aluminium in car shredder residue,kilogram,transformation,waste treatment/Metals/Transformation,3
aluminium melting furnace,unit,market,material/Metals/Non ferro/Market/Infrastructure,1
aluminium melting furnace,unit,transformation,material/Metals/Non ferro/Transformation/Infrastructure,2
aluminium oxide,kilogram,market,material/Others/Obsolete,1
aluminium oxide,kilogram,transformation,material/Others/Obsolete,8
aluminium oxide factory,unit,market,material/Chemicals/Inorganic/Market/Infrastructure,1
aluminium oxide factory,unit,transformation,material/Chemicals/Inorganic/Transformation/Infrastructure,2
"aluminium oxide, metallurgical",kilogram,market,material/Chemicals/Inorganic/Market,2
"aluminium oxide, metallurgical",kilogram,transformation,material/Chemicals/Inorganic/Market/Import,3
"aluminium oxide, metallurgical",kilogram,transformation,material/Chemicals/Inorganic/Transformation,7
"aluminium oxide, non-metallurgical",kilogram,market,material/Chemicals/Inorganic/Market,2
"aluminium oxide, non-metallurgical",kilogram,transformation,material/Chemicals/Inorganic/Transformation,11
"aluminium removed by drilling, computer numerical controlled",kilogram,market,processing/Metals/Chipping/Market,1
"aluminium removed by drilling, computer numerical controlled",kilogram,transformation,processing/Metals/Chipping/Transformation,2
"aluminium removed by drilling, conventional",kilogram,market,processing/Metals/Chipping/Market,1
"aluminium removed by drilling, conventional",kilogram,transformation,processing/Metals/Chipping/Transformation,2
"aluminium removed by milling, average",kilogram,market,processing/Metals/Chipping/Market,1
"aluminium removed by milling, average",kilogram,transformation,processing/Metals/Chipping/Transformation,2
"aluminium removed by milling, dressing",kilogram,market,processing/Metals/Chipping/Market,1
"aluminium removed by milling, dressing",kilogram,transformation,processing/Metals/Chipping/Transformation,2
"aluminium removed by milling, large parts",kilogram,market,processing/Metals/Chipping/Market,1
"aluminium removed by milling, large parts",kilogram,transformation,processing/Metals/Chipping/Transformation,2
"aluminium removed by milling, small parts",kilogram,market,processing/Metals/Chipping/Market,1
"aluminium removed by milling, small parts",kilogram,transformation,processing/Metals/Chipping/Transformation,2
"aluminium removed by turning, average, computer numerical controlled",kilogram,market,processing/Metals/Chipping/Market,1
"aluminium removed by turning, average, computer numerical controlled",kilogram,transformation,processing/Metals/Chipping/Transformation,2
"aluminium removed by turning, average, conventional",kilogram,market,processing/Metals/Chipping/Market,1
"aluminium removed by turning, average, conventional",kilogram,transformation,processing/Metals/Chipping/Transformation,2
"aluminium removed by turning, primarily dressing, computer numerical controlled",kilogram,market,processing/Metals/Chipping/Market,1
"aluminium removed by turning, primarily dressing, computer numerical controlled",kilogram,transformation,processing/Metals/Chipping/Transformation,2
"aluminium removed by turning, primarily dressing, conventional",kilogram,market,processing/Metals/Chipping/Market,1
"aluminium removed by turning, primarily dressing, conventional",kilogram,transformation,processing/Metals/Chipping/Transformation,2
"aluminium removed by turning, primarily roughing, computer numerical controlled",kilogram,market,processing/Metals/Chipping/Market,1
"aluminium removed by turning, primarily roughing, computer numerical controlled",kilogram,transformation,processing/Metals/Chipping/Transformation,2
"aluminium removed by turning, primarily roughing, conventional",kilogram,market,processing/Metals/Chipping/Market,1
"aluminium removed by turning, primarily roughing, conventional",kilogram,transformation,processing/Metals/Chipping/Transformation,2
"aluminium scrap, new",kilogram,market,material/Metals/Non ferro/Market,2
"aluminium scrap, new",kilogram,market,waste treatment/Others/Obsolete,2
"aluminium scrap, new",kilogram,transformation,material/Metals/Non ferro/Transformation,1
"aluminium scrap, new",kilogram,transformation,material/Others/Obsolete,1
"aluminium scrap, post-consumer",kilogram,market,material/Metals/Non ferro/Market,1
"aluminium scrap, post-consumer",kilogram,market,waste treatment/Others/Obsolete,1
"aluminium scrap, post-consumer",kilogram,transformation,material/Metals/Non ferro/Transformation,1
"aluminium scrap, post-consumer, prepared for melting",kilogram,market,material/Metals/Non ferro/Market,1
"aluminium scrap, post-consumer, prepared for melting",kilogram,market,waste treatment/Others/Obsolete,1
"aluminium scrap, post-consumer, prepared for melting",kilogram,transformation,material/Metals/Non ferro/Transformation,1
"aluminium scrap, post-consumer, prepared for melting",kilogram,transformation,material/Metals/Waste metals/Transformation,6
"aluminium scrap, post-consumer, prepared for melting",kilogram,transformation,processing/Transformation/Metals,2
"aluminium scrap, post-consumer, prepared for melting",kilogram,transformation,waste treatment/Others/Obsolete,6
"aluminium sulfate, powder",kilogram,market,material/Chemicals/Inorganic/Market,2
"aluminium sulfate, powder",kilogram,market,material/Others/Obsolete,1
"aluminium sulfate, powder",kilogram,transformation,material/Chemicals/Inorganic/Transformation,2
"aluminium sulfate, without water, in 4.33% aluminium solution state",kilogram,market,material/Chemicals/Inorganic/Market,1
"aluminium sulfate, without water, in 4.33% aluminium solution state",kilogram,transformation,material/Chemicals/Inorganic/Transformation,2
"aluminium, cast alloy",kilogram,market,material/Metals/Alloys/Market,1
"aluminium, cast alloy",kilogram,transformation,material/Metals/Alloys/Transformation,1
"aluminium, cast alloy",kilogram,transformation,material/Metals/Non ferro/Transformation,4
"aluminium, in mixed metal scrap",kilogram,market,material/Metals/Non ferro/Market,3
"aluminium, in mixed metal scrap",kilogram,transformation,material/Metals/Non ferro/Transformation,1
"aluminium, primary, cast alloy slab from continuous casting",kilogram,market,material/Metals/Non ferro/Market,1
"aluminium, primary, cast alloy slab from continuous casting",kilogram,transformation,material/Metals/Non ferro/Transformation,2
"aluminium, primary, ingot",kilogram,market,material/Metals/Non ferro/Market,3
"aluminium, primary, ingot",kilogram,market,material/Others/Obsolete,1
"aluminium, primary, ingot",kilogram,transformation,material/Metals/Non ferro/Market/Import,15
"aluminium, primary, ingot",kilogram,transformation,material/Metals/Non ferro/Transformation,10
"aluminium, primary, ingot",kilogram,transformation,material/Others/Obsolete,10
"aluminium, primary, liquid",kilogram,market,material/Metals/Non ferro/Market,1
"aluminium, primary, liquid",kilogram,transformation,material/Metals/Non ferro/Transformation,15
"aluminium, primary, liquid",kilogram,transformation,material/Others/Obsolete,17
"aluminium, wrought alloy",kilogram,market,material/Metals/Alloys/Market,1
"aluminium, wrought alloy",kilogram,transformation,material/Metals/Alloys/Transformation,1
"aluminium, wrought alloy",kilogram,transformation,material/Metals/Non ferro/Transformation,4
amidosulfuron,kilogram,market,material/Chemicals/Organic/Market,1
amidosulfuron,kilogram,transformation,material/Chemicals/Organic/Transformation,1
amine oxide,kilogram,market,material/Chemicals/Organic/Market,1
amine oxide,kilogram,transformation,material/Chemicals/Organic/Transformation,2
aminopyridine,kilogram,market,material/Chemicals/Organic/Market,2
aminopyridine,kilogram,market,material/Others/Obsolete,1
aminopyridine,kilogram,transformation,material/Chemicals/Organic/Transformation,2
"ammonia, anhydrous, liquid",kilogram,market,material/Chemicals/Fertilisers (inorganic)/Market,9
"ammonia, anhydrous, liquid",kilogram,transformation,material/Chemicals/Fertilisers (inorganic)/Transformation,16
"ammonia, liquid",kilogram,transformation,material/Others/Obsolete,2
ammonium bicarbonate,kilogram,market,material/Chemicals/Inorganic/Market,2
ammonium bicarbonate,kilogram,market,material/Others/Obsolete,1
ammonium bicarbonate,kilogram,transformation,material/Chemicals/Inorganic/Transformation,2
ammonium carbonate,kilogram,market,material/Chemicals/Organic/Market,2
ammonium carbonate,kilogram,market,material/Others/Obsolete,1
ammonium carbonate,kilogram,transformation,material/Chemicals/Organic/Transformation,2
ammonium chloride,kilogram,market,material/Chemicals/Inorganic/Market,1
ammonium chloride,kilogram,transformation,material/Chemicals/Inorganic/Transformation,3
ammonium nitrate,kilogram,market,material/Chemicals/Fertilisers (inorganic)/Market,4
ammonium nitrate,kilogram,transformation,material/Chemicals/Fertilisers (inorganic)/Transformation,6
ammonium nitrate phosphate,kilogram,market,material/Chemicals/Fertilisers (inorganic)/Market,4
ammonium nitrate phosphate,kilogram,transformation,material/Chemicals/Fertilisers (inorganic)/Transformation,4
"ammonium nitrate, as N",kilogram,market,material/Others/Obsolete,1
"ammonium nitrate, as N",kilogram,transformation,material/Others/Obsolete,8
ammonium nitrite,kilogram,market,material/Chemicals/Pesticides/Market,1
ammonium nitrite,kilogram,transformation,material/Chemicals/Pesticides/Transformation,2
ammonium paratungstate,kilogram,market,material/Chemicals/Inorganic/Market,1
ammonium paratungstate,kilogram,transformation,material/Chemicals/Inorganic/Transformation,5
ammonium sulfate,kilogram,market,material/Chemicals/Inorganic/Market,2
ammonium sulfate,kilogram,transformation,material/Chemicals/Inorganic/Transformation,6
"ammonium sulfate, as N",kilogram,market,material/Others/Obsolete,1
"ammonium sulfate, as N",kilogram,transformation,material/Others/Obsolete,5
ammonium thiocyanate,kilogram,market,material/Chemicals/Organic/Market,1
ammonium thiocyanate,kilogram,transformation,material/Chemicals/Organic/Transformation,1
"anaerobic digestion plant, agricultural",unit,market,material/Chemicals/Others/Market/Infrastructure,1
"anaerobic digestion plant, agricultural",unit,transformation,material/Chemicals/Others/Transformation/Infrastructure,2
"anaerobic digestion plant, agriculture, with methane recovery",unit,market,material/Chemicals/Others/Market/Infrastructure,1
"anaerobic digestion plant, agriculture, with methane recovery",unit,transformation,material/Chemicals/Others/Transformation/Infrastructure,2
"anaerobic digestion plant, for biowaste",unit,market,material/Chemicals/Others/Market/Infrastructure,1
"anaerobic digestion plant, for biowaste",unit,transformation,material/Chemicals/Others/Transformation/Infrastructure,2
"anaerobic digestion plant, for sewage sludge",unit,market,material/Chemicals/Others/Market/Infrastructure,1
"anaerobic digestion plant, for sewage sludge",unit,transformation,material/Chemicals/Others/Transformation/Infrastructure,2
anhydrite,kilogram,market,material/Chemicals/Inorganic/Market,2
anhydrite,kilogram,market,material/Others/Obsolete,1
anhydrite,kilogram,transformation,material/Chemicals/Inorganic/Transformation,2
anhydrite floor,kilogram,market,material/Construction/Coverings/Market,1
anhydrite floor,kilogram,transformation,material/Construction/Coverings/Transformation,2
anhydrite rock,kilogram,market,material/Chemicals/Inorganic/Market,2
anhydrite rock,kilogram,market,material/Others/Obsolete,1
anhydrite rock,kilogram,transformation,material/Chemicals/Inorganic/Transformation,4
"anhydrite, burned",kilogram,market,material/Chemicals/Inorganic/Market,1
"anhydrite, burned",kilogram,transformation,material/Chemicals/Inorganic/Transformation,2
aniline,kilogram,market,material/Chemicals/Organic/Market,2
aniline,kilogram,market,material/Others/Obsolete,1
aniline,kilogram,transformation,material/Chemicals/Organic/Transformation,2
anionic resin,kilogram,market,material/Chemicals/Others/Market,2
anionic resin,kilogram,market,material/Others/Obsolete,1
anionic resin,kilogram,transformation,material/Chemicals/Others/Transformation,2
anode factory,unit,market,material/Metals/Extraction/Market/Infrastructure,1
anode factory,unit,transformation,material/Metals/Extraction/Transformation/Infrastructure,2
anode refinery,unit,market,material/Metals/Extraction/Market/Infrastructure,1
anode refinery,unit,transformation,material/Metals/Extraction/Transformation/Infrastructure,2
"anode slime from electrorefining of copper, anode",kilogram,market,material/Metals/Non ferro/Market,1
"anode slime from electrorefining of copper, anode",kilogram,transformation,material/Metals/Non ferro/Transformation,1
"anode, for metal electrolysis",kilogram,market,material/Metals/Extraction/Market,1
"anode, for metal electrolysis",kilogram,transformation,material/Metals/Extraction/Transformation,2
"anode, graphite, for Li-ion battery",kilogram,market,material/Electronics/Battery/Market,2
"anode, graphite, for Li-ion battery",kilogram,transformation,material/Electronics/Battery/Transformation,2
"anode, graphite, for lithium-ion battery",kilogram,market,material/Others/Obsolete,1
"anode, graphite, for lithium-ion battery",kilogram,transformation,material/Others/Obsolete,2
"anode, paste, for aluminium electrolysis",kilogram,market,material/Metals/Extraction/Market,1
"anode, paste, for aluminium electrolysis",kilogram,transformation,material/Metals/Extraction/Transformation,8
"anode, paste, for aluminium electrolysis",kilogram,transformation,material/Others/Obsolete,1
"anode, prebake, for aluminium electrolysis",kilogram,market,material/Metals/Extraction/Market,1
"anode, prebake, for aluminium electrolysis",kilogram,transformation,material/Metals/Extraction/Transformation,10
"anode, prebake, for aluminium electrolysis",kilogram,transformation,material/Others/Obsolete,1
"anode, silicon coated graphite, for Li-ion battery",kilogram,market,material/Electronics/Battery/Market,2
"anode, silicon coated graphite, for Li-ion battery",kilogram,transformation,material/Electronics/Battery/Transformation,4
"anodising, aluminium sheet",square meter,market,processing/Metals/Coating/Market,1
"anodising, aluminium sheet",square meter,transformation,processing/Metals/Coating/Transformation,3
anthranilic acid,kilogram,market,material/Chemicals/Acids (organic)/Market,1
anthranilic acid,kilogram,transformation,material/Chemicals/Acids (organic)/Transformation,2
anthraquinone,kilogram,market,material/Chemicals/Organic/Market,1
anthraquinone,kilogram,transformation,material/Chemicals/Organic/Transformation,2
"anti-reflex-coating, etching, solar glass",square meter,market,processing/Glass/Market,1
"anti-reflex-coating, etching, solar glass",square meter,transformation,processing/Glass/Transformation,2
antifouling paint emissions,kilogram,market,waste treatment/Transport/Market,1
antifouling paint emissions,kilogram,transformation,waste treatment/Transport/Transformation,4
antimony,kilogram,market,material/Metals/Non ferro/Market,1
antimony,kilogram,transformation,material/Metals/Non ferro/Transformation,2
"antimony slag, desulfurised",kilogram,market,waste treatment/Metals/Waste metals/Market,1
"antimony slag, desulfurised",kilogram,transformation,waste treatment/Landfill/Residual material landfill/Transformation,1
"antimony slag, water-quenched",kilogram,market,waste treatment/Metals/Waste metals/Market,1
"antimony slag, water-quenched",kilogram,transformation,waste treatment/Landfill/Residual material landfill/Transformation,1
apple,kilogram,market,material/Agricultural/Plant production/Fruits/Market,1
apple,kilogram,transformation,material/Agricultural/Plant production/Fruits/Transformation,6
apple,kilogram,transformation,material/Others/Obsolete,1
"application of plant protection product, by field sprayer",hectare,market,processing/Agricultural/Market,1
"application of plant protection product, by field sprayer",hectare,market,processing/Others/Obsolete,2
"application of plant protection product, by field sprayer",hectare,transformation,processing/Agricultural/Transformation,6
apricot,kilogram,market,material/Agricultural/Plant production/Fruits/Market,1
apricot,kilogram,transformation,material/Agricultural/Plant production/Fruits/Transformation,5
"argon, crude, liquid",kilogram,market,material/Chemicals/Gases/Liquified/Market,1
"argon, crude, liquid",kilogram,transformation,material/Chemicals/Gases/Liquified/Transformation,3
"argon, liquid",kilogram,market,material/Chemicals/Gases/Liquified/Market,2
"argon, liquid",kilogram,market,material/Others/Obsolete,1
"argon, liquid",kilogram,transformation,material/Chemicals/Gases/Liquified/Transformation,2
arsine,kilogram,market,material/Chemicals/Inorganic/Market,1
arsine,kilogram,transformation,material/Chemicals/Inorganic/Transformation,1
"asbestos, crysotile type",kilogram,market,material/Minerals/Market,1
"asbestos, crysotile type",kilogram,transformation,material/Minerals/Transformation,1
ascorbic acid,kilogram,market,material/Chemicals/Acids (organic)/Market,1
ascorbic acid,kilogram,transformation,material/Chemicals/Acids (organic)/Transformation,2
ash from deinking sludge,kilogram,market,waste treatment/Others/Market,2
ash from deinking sludge,kilogram,market,waste treatment/Others/Obsolete,1
ash from deinking sludge,kilogram,transformation,waste treatment/Landfill/Residual material landfill/Transformation,2
ash from paper production sludge,kilogram,market,waste treatment/Others/Market,3
ash from paper production sludge,kilogram,market,waste treatment/Others/Obsolete,1
ash from paper production sludge,kilogram,transformation,waste treatment/Landfill/Residual material landfill/Transformation,3
"ash, from combustion of bagasse from sugar cane",kilogram,market,waste treatment/Others/Obsolete,1
"ash, from combustion of bagasse from sugar cane",kilogram,transformation,waste treatment/Others/Obsolete,1
"ash, from combustion of bagasse from sugarcane",kilogram,market,processing/Waste/Market,1
"ash, from combustion of bagasse from sugarcane",kilogram,transformation,material/Others/Transformation,1
"ash, from combustion of bagasse from sugarcane",kilogram,transformation,waste treatment/Others/Obsolete,1
"ash, from combustion of straw",kilogram,market,material/Others/Market,1
"ash, from combustion of straw",kilogram,transformation,material/Others/Transformation,1
"asparagus seedling, for planting",unit,market,material/Agricultural/Plant seeds/Market,1
"asparagus seedling, for planting",unit,transformation,material/Agricultural/Plant seeds/Transformation,2
"assembly of generator and motor, auxilliaries and energy use, for mini CHP plant",unit,market,processing/Electronics/Market,1
"assembly of generator and motor, auxilliaries and energy use, for mini CHP plant",unit,transformation,processing/Electronics/Transformation,2
"assembly of generator and motor, auxilliaries and energy use, heat and power co-generation unit, 160kW electrical",unit,market,processing/Electronics/Market,1
"assembly of generator and motor, auxilliaries and energy use, heat and power co-generation unit, 160kW electrical",unit,transformation,processing/Electronics/Transformation,2
"assembly of liquid crystal display, auxilliaries and energy use",kilogram,market,processing/Electronics/Market,1
"assembly of liquid crystal display, auxilliaries and energy use",kilogram,transformation,processing/Electronics/Transformation,1
atrazine,kilogram,market,material/Chemicals/Pesticides/Market,1
atrazine,kilogram,transformation,material/Chemicals/Pesticides/Transformation,2
aubergine,kilogram,market,material/Agricultural/Plant production/Fruits/Market,1
aubergine,kilogram,transformation,material/Agricultural/Plant production/Vegetables/Transformation,3
autoclaved aerated concrete block,kilogram,market,material/Construction/Concrete/Market,3
autoclaved aerated concrete block,kilogram,market,material/Others/Obsolete,1
autoclaved aerated concrete block,kilogram,transformation,material/Construction/Concrete/Transformation,3
"auxiliary heating unit, electric, 5kW",unit,market,energy/Heat/Solar/Market/Infrastructure,1
"auxiliary heating unit, electric, 5kW",unit,transformation,energy/Heat/Solar/Transformation/Infrastructure,2
average incineration residue,kilogram,market,waste treatment/Landfill/Residual material landfill/Market,2
average incineration residue,kilogram,market,waste treatment/Others/Obsolete,1
average incineration residue,kilogram,transformation,waste treatment/Landfill/Residual material landfill/Transformation,2
"average paper carbon storage (1.66 CO2/kg), use only in PAS2050 wizard",kilogram,transformation,material/Others/Carbon content biogenic materials,1
"average Rubber, use only in PAS2050 wizard",kilogram,transformation,material/Others/Carbon content fossil materials,1
avocado,kilogram,market,material/Agricultural/Plant production/Fruits/Market,1
avocado,kilogram,transformation,material/Agricultural/Plant production/Fruits/Transformation,1
azodicarbonamide,kilogram,market,material/Chemicals/Inorganic/Market,1
azodicarbonamide,kilogram,transformation,material/Chemicals/Inorganic/Transformation,2
"backlight, for liquid crystal display",kilogram,market,material/Electronics/Component/Market,1
"backlight, for liquid crystal display",kilogram,transformation,material/Electronics/Component/Transformation,1
"bagasse, from sugarcane",kilogram,market,material/Agricultural/Intermediate products/Market,3
"bagasse, from sugarcane",kilogram,market,material/Others/Obsolete,1
"bagasse, from sugarcane",kilogram,market,waste treatment/Others/Obsolete,3
"bagasse, from sugarcane",kilogram,transformation,material/Agricultural/Intermediate products/Transformation,4
"bagasse, from sugarcane",kilogram,transformation,material/Others/Obsolete,1
"bagasse, from sugarcane",kilogram,transformation,waste treatment/Others/Obsolete,4
"bagasse, from sweet sorghum",kilogram,market,material/Agricultural/Intermediate products/Market,1
"bagasse, from sweet sorghum",kilogram,market,waste treatment/Others/Obsolete,1
"bagasse, from sweet sorghum",kilogram,transformation,material/Agricultural/Plant production/Roughage/Transformation,2
bale loading,unit,market,processing/Agricultural/Market,1
bale loading,unit,transformation,processing/Agricultural/Transformation,3
baling,unit,market,processing/Agricultural/Market,1
baling,unit,transformation,processing/Agricultural/Transformation,3
bamboo culm,kilogram,market,material/Wood/Products/Market,5
bamboo culm,kilogram,transformation,material/Wood/Products/Transformation,5
bamboo pole,kilogram,market,material/Wood/Products/Market,5
bamboo pole,kilogram,transformation,material/Wood/Products/Transformation,5
bamboo residues,kilogram,transformation,material/Others/Obsolete,1
banana,kilogram,market,material/Agricultural/Plant production/Fruits/Market,1
banana,kilogram,transformation,material/Agricultural/Plant production/Fruits/Transformation,5
banana,kilogram,transformation,material/Others/Obsolete,1
barge,unit,market,transport/Water/Market/Infrastructure,1
barge,unit,transformation,transport/Water/Transformation/Infrastructure,2
barge tanker,unit,market,transport/Water/Market/Infrastructure,1
barge tanker,unit,transformation,transport/Water/Transformation/Infrastructure,2
barite,kilogram,market,material/Chemicals/Inorganic/Market,1
barite,kilogram,transformation,material/Chemicals/Inorganic/Transformation,5
barium carbonate,kilogram,market,material/Chemicals/Inorganic/Market,1
barium carbonate,kilogram,transformation,material/Chemicals/Inorganic/Transformation,1
barium hydroxide,kilogram,market,material/Chemicals/Inorganic/Market,1
barium hydroxide,kilogram,transformation,material/Chemicals/Inorganic/Transformation,1
barium oxide,kilogram,market,material/Chemicals/Inorganic/Market,1
barium oxide,kilogram,transformation,material/Chemicals/Inorganic/Transformation,1
barium sulfide,kilogram,market,material/Chemicals/Inorganic/Market,1
barium sulfide,kilogram,transformation,material/Chemicals/Inorganic/Transformation,1
bark,kilogram,market,material/Wood/Byproducts/Market,1
bark,kilogram,market,waste treatment/Others/Obsolete,1
bark,kilogram,transformation,material/Wood/Byproducts/Transformation,2
bark,kilogram,transformation,processing/Wood/Transformation,8
"bark chips, wet, measured as dry mass",kilogram,market,material/Others/Obsolete,1
"bark chips, wet, measured as dry mass",kilogram,market,material/Wood/Byproducts/Market,4
"bark chips, wet, measured as dry mass",kilogram,transformation,material/Others/Obsolete,4
"bark chips, wet, measured as dry mass",kilogram,transformation,material/Wood/Byproducts/Transformation,27
barley grain,kilogram,market,material/Agricultural/Plant production/Cereals/Market,1
barley grain,kilogram,transformation,material/Agricultural/Plant production/Cereals/Transformation,5
"barley grain, feed",kilogram,market,material/Agricultural/Animal feed/Market,1
"barley grain, feed",kilogram,transformation,material/Agricultural/Animal feed/Transformation,2
"barley grain, feed, organic",kilogram,market,material/Agricultural/Animal feed/Market,1
"barley grain, feed, organic",kilogram,transformation,material/Agricultural/Animal feed/Transformation,2
"barley grain, feed, Swiss integrated production",kilogram,market,material/Agricultural/Animal feed/Market,1
"barley grain, feed, Swiss integrated production",kilogram,transformation,material/Agricultural/Animal feed/Transformation,1
"barley grain, feed, Swiss integrated production",kilogram,transformation,material/Others/Obsolete,1
"barley grain, organic",kilogram,market,material/Agricultural/Plant production/Cereals/Market,1
"barley grain, organic",kilogram,transformation,material/Agricultural/Plant production/Cereals/Transformation,2
"barley grain, Swiss integrated production",kilogram,market,material/Agricultural/Plant production/Cereals/Market,1
"barley grain, Swiss integrated production",kilogram,transformation,material/Agricultural/Plant production/Cereals/Transformation,2
"barley seed, for sowing",kilogram,market,material/Agricultural/Plant seeds/Market,1
"barley seed, for sowing",kilogram,transformation,material/Agricultural/Plant seeds/Transformation,1
"barley seed, organic, for sowing",kilogram,market,material/Agricultural/Plant seeds/Market,1
"barley seed, organic, for sowing",kilogram,transformation,material/Agricultural/Plant seeds/Transformation,2
"barley seed, Swiss integrated production, for sowing",kilogram,market,material/Agricultural/Plant seeds/Market,1
"barley seed, Swiss integrated production, for sowing",kilogram,market,material/Others/Obsolete,1
"barley seed, Swiss integrated production, for sowing",kilogram,transformation,material/Agricultural/Plant seeds/Transformation,1
basalt,kilogram,market,material/Minerals/Market,1
basalt,kilogram,transformation,material/Minerals/Transformation,2
base oil,kilogram,market,material/Fuels/Oil/Crude oil/Market,1
base oil,kilogram,transformation,material/Fuels/Oil/Crude oil/Transformation,7
base plaster,kilogram,market,material/Construction/Coverings/Market,1
base plaster,kilogram,transformation,material/Construction/Coverings/Transformation,2
basic oxygen furnace dust,kilogram,market,waste treatment/Metals/Waste metals/Market,3
basic oxygen furnace dust,kilogram,transformation,waste treatment/Landfill/Residual material landfill/Transformation,1
basic oxygen furnace dust,kilogram,transformation,waste treatment/Metals/Waste metals/Transformation,2
"basic oxygen furnace dust, for recovery",kilogram,market,material/Metals/Waste metals/Market,2
"basic oxygen furnace dust, for recovery",kilogram,transformation,material/Metals/Waste metals/Transformation,1
basic oxygen furnace secondary metallurgy slag,kilogram,market,waste treatment/Metals/Waste metals/Market,2
basic oxygen furnace secondary metallurgy slag,kilogram,transformation,waste treatment/Landfill/Residual material landfill/Transformation,1
basic oxygen furnace secondary metallurgy slag,kilogram,transformation,waste treatment/Metals/Waste metals/Transformation,2
"basic oxygen furnace secondary metallurgy slag, for recovery",kilogram,market,material/Metals/Waste metals/Market,2
"basic oxygen furnace secondary metallurgy slag, for recovery",kilogram,transformation,material/Metals/Waste metals/Transformation,1
basic oxygen furnace slag,kilogram,market,waste treatment/Metals/Waste metals/Market,2
basic oxygen furnace slag,kilogram,transformation,waste treatment/Landfill/Residual material landfill/Transformation,1
basic oxygen furnace slag,kilogram,transformation,waste treatment/Metals/Waste metals/Transformation,2
"basic oxygen furnace slag, for recovery",kilogram,market,material/Metals/Waste metals/Market,2
"basic oxygen furnace slag, for recovery",kilogram,transformation,material/Metals/Waste metals/Transformation,1
basic oxygen furnace sludge,kilogram,market,waste treatment/Metals/Waste metals/Market,2
basic oxygen furnace sludge,kilogram,transformation,waste treatment/Landfill/Residual material landfill/Transformation,1
basic oxygen furnace sludge,kilogram,transformation,waste treatment/Metals/Waste metals/Transformation,2
"basic oxygen furnace sludge, for recovery",kilogram,market,material/Metals/Waste metals/Market,2
"basic oxygen furnace sludge, for recovery",kilogram,transformation,material/Metals/Waste metals/Transformation,1
basic oxygen furnace waste,kilogram,market,waste treatment/Metals/Market,1
basic oxygen furnace waste,kilogram,transformation,waste treatment/Landfill/Residual material landfill/Transformation,2
"batch dyeing, fibre, cotton",kilogram,market,processing/Textiles/Market,1
"batch dyeing, fibre, cotton",kilogram,transformation,processing/Textiles/Transformation,3
"battery cell, Li-ion, LFP",kilogram,market,material/Electronics/Battery/Market,1
"battery cell, Li-ion, LFP",kilogram,transformation,material/Electronics/Devices/Transformation,2
"battery cell, Li-ion, LiMn2O4",kilogram,market,material/Electronics/Battery/Market,1
"battery cell, Li-ion, LiMn2O4",kilogram,transformation,material/Electronics/Battery/Transformation,2
"battery cell, Li-ion, NCA",kilogram,market,material/Electronics/Battery/Market,1
"battery cell, Li-ion, NCA",kilogram,transformation,material/Electronics/Battery/Transformation,2
"battery cell, Li-ion, NMC111",kilogram,market,material/Electronics/Battery/Market,1
"battery cell, Li-ion, NMC111",kilogram,transformation,material/Electronics/Battery/Transformation,2
"battery cell, Li-ion, NMC811",kilogram,market,material/Electronics/Battery/Market,1
"battery cell, Li-ion, NMC811",kilogram,transformation,material/Electronics/Battery/Transformation,2
"battery management system, for Li-ion battery",kilogram,market,material/Electronics/Battery/Market,1
"battery management system, for Li-ion battery",kilogram,transformation,material/Electronics/Battery/Transformation,1
"battery module packaging, Li-ion",kilogram,market,material/Electronics/Battery/Market,1
"battery module packaging, Li-ion",kilogram,transformation,material/Electronics/Battery/Transformation,2
battery separator,kilogram,market,material/Electronics/Component/Market,1
battery separator,kilogram,transformation,material/Electronics/Component/Transformation,2
"battery, lead acid, rechargeable, stationary",kilogram,market,material/Electronics/Battery/Market,1
"battery, lead acid, rechargeable, stationary",kilogram,transformation,material/Electronics/Battery/Transformation,2
"battery, Li-ion, LFP, rechargeable, prismatic",kilogram,market,material/Electronics/Battery/Market,1
"battery, Li-ion, LFP, rechargeable, prismatic",kilogram,transformation,material/Electronics/Devices/Transformation,2
"battery, Li-ion, LiMn2O4, rechargeable, prismatic",kilogram,market,material/Electronics/Battery/Market,1
"battery, Li-ion, LiMn2O4, rechargeable, prismatic",kilogram,transformation,material/Electronics/Battery/Transformation,1
"battery, Li-ion, NCA, rechargeable, prismatic",kilogram,market,material/Electronics/Battery/Market,1
"battery, Li-ion, NCA, rechargeable, prismatic",kilogram,transformation,material/Electronics/Battery/Transformation,2
"battery, Li-ion, NMC111, rechargeable, prismatic",kilogram,market,material/Electronics/Battery/Market,1
"battery, Li-ion, NMC111, rechargeable, prismatic",kilogram,transformation,material/Electronics/Battery/Transformation,2
"battery, Li-ion, NMC811, rechargeable, prismatic",kilogram,market,material/Electronics/Battery/Market,1
"battery, Li-ion, NMC811, rechargeable, prismatic",kilogram,transformation,material/Electronics/Battery/Transformation,2
"battery, NaCl",kilogram,market,material/Electronics/Battery/Market,1
"battery, NaCl",kilogram,transformation,material/Electronics/Battery/Transformation,1
"battery, NiMH, rechargeable, prismatic",kilogram,market,material/Electronics/Battery/Market,1
"battery, NiMH, rechargeable, prismatic",kilogram,transformation,material/Electronics/Battery/Transformation,1
bauxite,kilogram,market,material/Minerals/Market,1
bauxite,kilogram,transformation,material/Minerals/Transformation,1
"bauxite, without water",kilogram,market,material/Others/Obsolete,1
"beet seed, Swiss integrated production, for sowing",kilogram,market,material/Agricultural/Plant seeds/Market,1
"beet seed, Swiss integrated production, for sowing",kilogram,transformation,material/Agricultural/Plant seeds/Transformation,1
"beet seed, Swiss integrated production, for sowing",kilogram,transformation,material/Others/Obsolete,1
bell pepper,kilogram,market,material/Agricultural/Plant production/Vegetables/Market,1
bell pepper,kilogram,transformation,material/Agricultural/Plant production/Vegetables/Transformation,4
bentonite,kilogram,market,material/Minerals/Market,1
bentonite,kilogram,transformation,material/Minerals/Transformation,2
bentonite quarry infrastructure,unit,market,material/Minerals/Market/Infrastructure,1
bentonite quarry infrastructure,unit,transformation,material/Minerals/Transformation/Infrastructure,2
benzal chloride,kilogram,market,material/Chemicals/Organic/Market,2
benzal chloride,kilogram,market,material/Others/Obsolete,1
benzal chloride,kilogram,transformation,material/Chemicals/Organic/Transformation,2
benzaldehyde,kilogram,market,material/Chemicals/Organic/Market,2
benzaldehyde,kilogram,market,material/Others/Obsolete,1
benzaldehyde,kilogram,transformation,material/Chemicals/Organic/Transformation,2
benzaldehyde-2-sulfonic acid,kilogram,market,material/Chemicals/Acids (organic)/Market,1
benzaldehyde-2-sulfonic acid,kilogram,transformation,material/Chemicals/Acids (organic)/Transformation,1
benzene,kilogram,market,material/Chemicals/Organic/Market,1
benzene,kilogram,transformation,material/Chemicals/Organic/Transformation,4
benzimidazole-compound,kilogram,market,material/Chemicals/Pesticides/Market,1
benzimidazole-compound,kilogram,transformation,material/Chemicals/Pesticides/Transformation,2
benzo[thia]diazole-compound,kilogram,market,material/Chemicals/Pesticides/Market,1
benzo[thia]diazole-compound,kilogram,transformation,material/Chemicals/Pesticides/Transformation,2
benzoic acid,kilogram,market,material/Chemicals/Acids (organic)/Market,2
benzoic acid,kilogram,market,material/Others/Obsolete,1
benzoic acid,kilogram,transformation,material/Chemicals/Acids (organic)/Transformation,2
benzoic-compound,kilogram,market,material/Chemicals/Pesticides/Market,1
benzoic-compound,kilogram,transformation,material/Chemicals/Pesticides/Transformation,2
benzyl alcohol,kilogram,market,material/Chemicals/Organic/Market,1
benzyl alcohol,kilogram,transformation,material/Chemicals/Organic/Transformation,2
benzyl chloride,kilogram,market,material/Chemicals/Organic/Market,2
benzyl chloride,kilogram,market,material/Others/Obsolete,1
benzyl chloride,kilogram,transformation,material/Chemicals/Organic/Transformation,2
beryllium,kilogram,market,material/Metals/Non ferro/Market,1
beryllium,kilogram,transformation,material/Metals/Non ferro/Transformation,2
beryllium hydroxide,kilogram,market,material/Chemicals/Inorganic/Market,1
beryllium hydroxide,kilogram,transformation,material/Chemicals/Inorganic/Transformation,2
beverage carton converting,square meter,market,processing/Cardboard/Market,1
beverage carton converting,square meter,transformation,processing/Cardboard/Transformation,1
bicycle,unit,market,transport/Road/Market/Infrastructure,1
bicycle,unit,transformation,transport/Road/Transformation/Infrastructure,2
bilge oil,kilogram,market,waste treatment/Others/Market,3
bilge oil,kilogram,market,waste treatment/Others/Obsolete,1
bilge oil,kilogram,transformation,waste treatment/Incineration/Hazardous waste incineration/Transformation,6
biogas,cubic meter,market,material/Fuels/Biofuels/Biogas/Market,2
biogas,cubic meter,market,processing/Others/Obsolete,1
biogas,cubic meter,transformation,material/Fuels/Biofuels/Biogas/Transformation,8
biogas,cubic meter,transformation,material/Others/Obsolete,10
"biogas, from grass",cubic meter,market,material/Fuels/Biofuels/Biogas/Market,1
"biogas, from grass",cubic meter,market,material/Others/Obsolete,2
"biogas, from grass",cubic meter,transformation,material/Fuels/Biofuels/Biogas/Transformation,1
"biogas, from grass",cubic meter,transformation,material/Others/Obsolete,1
"biomethane, high pressure",cubic meter,market,material/Fuels/Biofuels/Methane/Market,2
"biomethane, high pressure",cubic meter,transformation,material/Fuels/Biofuels/Methane/Transformation,10
"biomethane, high pressure, vehicle grade",kilogram,market,material/Fuels/Biofuels/Methane/Market,2
"biomethane, high pressure, vehicle grade",kilogram,transformation,material/Fuels/Biofuels/Methane/Transformation,2
"biomethane, low pressure",megajoule,market,material/Fuels/Biofuels/Methane/Market,2
"biomethane, low pressure",megajoule,transformation,material/Fuels/Biofuels/Methane/Transformation,2
"biomethane, low pressure, vehicle grade",kilogram,market,material/Fuels/Biofuels/Methane/Market,2
"biomethane, low pressure, vehicle grade",kilogram,transformation,material/Fuels/Biofuels/Methane/Transformation,2
"biomethane, medium pressure, vehicle grade",kilogram,market,material/Fuels/Biofuels/Methane/Market,2
"biomethane, medium pressure, vehicle grade",kilogram,transformation,material/Fuels/Biofuels/Methane/Transformation,2
biowaste,kilogram,market,waste treatment/Biowaste/Market,2
biowaste,kilogram,transformation,waste treatment/Biowaste/Transformation,11
biowaste,kilogram,transformation,waste treatment/Others/Obsolete,2
"biowaste, garden waste",kilogram,market,waste treatment/Biowaste/Market,1
"biowaste, garden waste",kilogram,transformation,waste treatment/Biowaste/Transformation,2
"biowaste, kitchen and garden waste",kilogram,market,waste treatment/Biowaste/Market,1
"biowaste, kitchen and garden waste",kilogram,transformation,waste treatment/Biowaste/Transformation,2
bipyridylium-compound,kilogram,market,material/Chemicals/Pesticides/Market,1
bipyridylium-compound,kilogram,transformation,material/Chemicals/Pesticides/Transformation,2
bisphenol A epoxy based vinyl ester resin,kilogram,market,material/Chemicals/Organic/Market,1
bisphenol A epoxy based vinyl ester resin,kilogram,transformation,material/Chemicals/Organic/Transformation,2
"bisphenol A, powder",kilogram,market,material/Chemicals/Organic/Market,1
"bisphenol A, powder",kilogram,transformation,material/Chemicals/Organic/Transformation,2
"bitumen adhesive compound, cold",kilogram,market,material/Construction/Sealing/Market,1
"bitumen adhesive compound, cold",kilogram,transformation,material/Construction/Sealing/Transformation,2
"bitumen adhesive compound, hot",kilogram,market,material/Construction/Sealing/Market,1
"bitumen adhesive compound, hot",kilogram,transformation,material/Construction/Sealing/Transformation,2
bitumen seal,kilogram,market,material/Construction/Sealing/Market,1
bitumen seal,kilogram,transformation,material/Construction/Sealing/Transformation,2
"bitumen seal, Alu80",kilogram,market,material/Construction/Sealing/Market,1
"bitumen seal, Alu80",kilogram,transformation,material/Construction/Sealing/Transformation,2
"bitumen seal, polymer EP4 flame retardant",kilogram,market,material/Construction/Sealing/Market,1
"bitumen seal, polymer EP4 flame retardant",kilogram,transformation,material/Construction/Sealing/Transformation,3
"bitumen seal, V60",kilogram,market,material/Construction/Sealing/Market,1
"bitumen seal, V60",kilogram,transformation,material/Construction/Sealing/Transformation,3
"bitumen seal, VA4",kilogram,market,material/Construction/Sealing/Market,1
"bitumen seal, VA4",kilogram,transformation,material/Construction/Sealing/Transformation,2
blast furnace,unit,market,material/Metals/Ferro/Market/Infrastructure,1
blast furnace,unit,transformation,material/Metals/Ferro/Transformation/Infrastructure,2
blast furnace dust,kilogram,market,waste treatment/Metals/Waste metals/Market,2
blast furnace dust,kilogram,transformation,waste treatment/Landfill/Residual material landfill/Transformation,1
blast furnace dust,kilogram,transformation,waste treatment/Metals/Waste metals/Transformation,2
"blast furnace dust, for recovery",kilogram,market,material/Metals/Waste metals/Market,2
"blast furnace dust, for recovery",kilogram,transformation,material/Metals/Waste metals/Transformation,1
blast furnace gas,megajoule,market,material/Fuels/Natural gas/Market,1
blast furnace gas,megajoule,market,waste treatment/Others/Obsolete,1
blast furnace gas,megajoule,transformation,material/Fuels/Natural gas/Transformation,1
blast furnace slag,kilogram,market,material/Construction/Binders/Market,1
blast furnace slag,kilogram,market,waste treatment/Others/Obsolete,1
blast furnace slag,kilogram,transformation,material/Construction/Binders/Transformation,1
blast furnace slag,kilogram,transformation,waste treatment/Others/Obsolete,6
blast furnace sludge,kilogram,market,waste treatment/Others/Market,4
blast furnace sludge,kilogram,transformation,waste treatment/Others/Transformation,9
"blast furnace sludge, for recovery",kilogram,market,material/Construction/Coverings/Market,2
"blast furnace sludge, for recovery",kilogram,market,waste treatment/Others/Obsolete,2
"blast furnace sludge, for recovery",kilogram,transformation,material/Construction/Coverings/Transformation,1
"blast furnace sludge, for recovery",kilogram,transformation,waste treatment/Others/Obsolete,1
blast oxygen furnace converter,unit,market,material/Metals/Ferro/Market/Infrastructure,1
blast oxygen furnace converter,unit,transformation,material/Metals/Ferro/Transformation/Infrastructure,2
blasting,kilogram,market,processing/Others/Market,1
blasting,kilogram,transformation,processing/Others/Transformation,2
"bleaching and dyeing, yarn",kilogram,market,processing/Textiles/Market,1
"bleaching and dyeing, yarn",kilogram,transformation,processing/Textiles/Transformation,3
"bleaching, textile",kilogram,market,processing/Textiles/Market,1
"bleaching, textile",kilogram,transformation,processing/Textiles/Transformation,3
blister-copper conversion facility,unit,market,material/Others/Obsolete,1
blister-copper conversion facility,unit,transformation,material/Others/Obsolete,2
blow moulding,kilogram,market,processing/Plastics/Market,1
blow moulding,kilogram,transformation,processing/Others/Obsolete,3
blow moulding,kilogram,transformation,processing/Plastics/Transformation,3
"blower and heat exchange unit, Avent E 97",unit,market,material/Construction/Ventilation/Market,1
"blower and heat exchange unit, Avent E 97",unit,transformation,material/Construction/Ventilation/Transformation,2
"blower and heat exchange unit, central, 600-1200 m3/h",unit,market,material/Construction/Ventilation/Market,1
"blower and heat exchange unit, central, 600-1200 m3/h",unit,transformation,material/Construction/Ventilation/Transformation,2
"blower and heat exchange unit, decentralized, 180-250 m3/h",unit,market,material/Construction/Ventilation/Market,1
"blower and heat exchange unit, decentralized, 180-250 m3/h",unit,transformation,material/Construction/Ventilation/Transformation,2
"blower and heat exchange unit, GE 250 RH",unit,market,material/Construction/Ventilation/Market,1
"blower and heat exchange unit, GE 250 RH",unit,transformation,material/Construction/Ventilation/Transformation,2
"blower and heat exchange unit, KWL 250",unit,market,material/Construction/Ventilation/Market,1
"blower and heat exchange unit, KWL 250",unit,transformation,material/Construction/Ventilation/Transformation,2
"blower and heat exchange unit, KWLC 1200",unit,market,material/Construction/Ventilation/Market,1
"blower and heat exchange unit, KWLC 1200",unit,transformation,material/Construction/Ventilation/Transformation,2
"blower and heat exchange unit, Storkair G 90",unit,market,material/Construction/Ventilation/Market,1
"blower and heat exchange unit, Storkair G 90",unit,transformation,material/Construction/Ventilation/Transformation,2
"blower and heat exchange unit, Twl-700",unit,market,material/Construction/Ventilation/Market,1
"blower and heat exchange unit, Twl-700",unit,transformation,material/Construction/Ventilation/Transformation,2
"borax, anhydrous, powder",kilogram,market,material/Chemicals/Inorganic/Market,1
"borax, anhydrous, powder",kilogram,transformation,material/Chemicals/Inorganic/Transformation,2
"borehole heat exchanger, 150m",unit,market,energy/Heat/Heat pump/Market/Infrastructure,1
"borehole heat exchanger, 150m",unit,transformation,energy/Heat/Heat pump/Transformation/Infrastructure,2
"boric acid, anhydrous, powder",kilogram,market,material/Chemicals/Acids (inorganic)/Market,1
"boric acid, anhydrous, powder",kilogram,transformation,material/Chemicals/Acids (inorganic)/Transformation,2
boric oxide,kilogram,market,material/Chemicals/Inorganic/Market,1
boric oxide,kilogram,transformation,material/Chemicals/Inorganic/Transformation,1
boron carbide,kilogram,market,material/Chemicals/Inorganic/Market,1
boron carbide,kilogram,transformation,material/Chemicals/Inorganic/Transformation,1
boron trifluoride,kilogram,market,material/Chemicals/Inorganic/Market,1
boron trifluoride,kilogram,transformation,material/Chemicals/Inorganic/Transformation,1
"bottom ash, MSWI-WWT, condensate from light oil boiler",kilogram,market,waste treatment/Landfill/Slag compartment/Market,1
"bottom ash, MSWI-WWT, condensate from light oil boiler",kilogram,transformation,waste treatment/Landfill/Slag compartment/Transformation,1
"bottom ash, MSWI-WWT, heat carrier liquid, 40% C3H8O2",kilogram,market,waste treatment/Landfill/Slag compartment/Market,1
"bottom ash, MSWI-WWT, heat carrier liquid, 40% C3H8O2",kilogram,transformation,waste treatment/Landfill/Slag compartment/Transformation,1
"bottom ash, MSWI-WWT, rainwater mineral oil storage",kilogram,market,waste treatment/Landfill/Slag compartment/Market,2
"bottom ash, MSWI-WWT, rainwater mineral oil storage",kilogram,transformation,waste treatment/Landfill/Slag compartment/Transformation,2
"bottom ash, MSWI-WWT, WW from ammonium paratungstate production",kilogram,market,waste treatment/Landfill/Slag compartment/Market,2
"bottom ash, MSWI-WWT, WW from ammonium paratungstate production",kilogram,transformation,waste treatment/Landfill/Slag compartment/Transformation,2
"bottom ash, MSWI-WWT, WW from black chrome coating",kilogram,market,waste treatment/Landfill/Slag compartment/Market,1
"bottom ash, MSWI-WWT, WW from black chrome coating",kilogram,transformation,waste treatment/Landfill/Slag compartment/Transformation,1
"bottom ash, MSWI-WWT, WW from ceramic production",kilogram,market,waste treatment/Landfill/Slag compartment/Market,1
"bottom ash, MSWI-WWT, WW from ceramic production",kilogram,transformation,waste treatment/Landfill/Slag compartment/Transformation,1
"bottom ash, MSWI-WWT, WW from concrete production",kilogram,market,waste treatment/Landfill/Slag compartment/Market,1
"bottom ash, MSWI-WWT, WW from concrete production",kilogram,transformation,waste treatment/Landfill/Slag compartment/Transformation,1
"bottom ash, MSWI-WWT, WW from CRT production",kilogram,market,waste treatment/Landfill/Slag compartment/Market,1
"bottom ash, MSWI-WWT, WW from CRT production",kilogram,transformation,waste treatment/Landfill/Slag compartment/Transformation,1
"bottom ash, MSWI-WWT, WW from GGBFS production",kilogram,market,waste treatment/Landfill/Slag compartment/Market,2
"bottom ash, MSWI-WWT, WW from GGBFS production",kilogram,transformation,waste treatment/Landfill/Slag compartment/Transformation,2
"bottom ash, MSWI-WWT, WW from glass production",kilogram,market,waste treatment/Landfill/Slag compartment/Market,1
"bottom ash, MSWI-WWT, WW from glass production",kilogram,transformation,waste treatment/Landfill/Slag compartment/Transformation,1
"bottom ash, MSWI-WWT, WW from grass refinery",kilogram,market,waste treatment/Landfill/Slag compartment/Market,1
"bottom ash, MSWI-WWT, WW from grass refinery",kilogram,transformation,waste treatment/Landfill/Slag compartment/Transformation,1
"bottom ash, MSWI-WWT, WW from hard fibreboard production",kilogram,market,waste treatment/Landfill/Slag compartment/Market,2
"bottom ash, MSWI-WWT, WW from hard fibreboard production",kilogram,transformation,waste treatment/Landfill/Slag compartment/Transformation,2
"bottom ash, MSWI-WWT, WW from LCD backlight production",kilogram,market,waste treatment/Landfill/Slag compartment/Market,1
"bottom ash, MSWI-WWT, WW from LCD backlight production",kilogram,transformation,waste treatment/Landfill/Slag compartment/Transformation,1
"bottom ash, MSWI-WWT, WW from LCD production",kilogram,market,waste treatment/Landfill/Slag compartment/Market,1
"bottom ash, MSWI-WWT, WW from LCD production",kilogram,transformation,waste treatment/Landfill/Slag compartment/Transformation,1
"bottom ash, MSWI-WWT, WW from liquid crystal production",kilogram,market,waste treatment/Landfill/Slag compartment/Market,1
"bottom ash, MSWI-WWT, WW from liquid crystal production",kilogram,transformation,waste treatment/Landfill/Slag compartment/Transformation,1
"bottom ash, MSWI-WWT, WW from maize starch production",kilogram,market,waste treatment/Landfill/Slag compartment/Market,1
"bottom ash, MSWI-WWT, WW from maize starch production",kilogram,transformation,waste treatment/Landfill/Slag compartment/Transformation,1
"bottom ash, MSWI-WWT, WW from medium density board production",kilogram,market,waste treatment/Landfill/Slag compartment/Market,2
"bottom ash, MSWI-WWT, WW from medium density board production",kilogram,transformation,waste treatment/Landfill/Slag compartment/Transformation,2
"bottom ash, MSWI-WWT, WW from particle board production",kilogram,market,waste treatment/Landfill/Slag compartment/Market,2
"bottom ash, MSWI-WWT, WW from particle board production",kilogram,transformation,waste treatment/Landfill/Slag compartment/Transformation,2
"bottom ash, MSWI-WWT, WW from pig iron production",kilogram,market,waste treatment/Landfill/Slag compartment/Market,2
"bottom ash, MSWI-WWT, WW from pig iron production",kilogram,transformation,waste treatment/Landfill/Slag compartment/Transformation,2
"bottom ash, MSWI-WWT, WW from plywood production",kilogram,market,waste treatment/Landfill/Slag compartment/Market,1
"bottom ash, MSWI-WWT, WW from plywood production",kilogram,transformation,waste treatment/Landfill/Slag compartment/Transformation,1
"bottom ash, MSWI-WWT, WW from potato starch production",kilogram,market,waste treatment/Landfill/Slag compartment/Market,1
"bottom ash, MSWI-WWT, WW from potato starch production",kilogram,transformation,waste treatment/Landfill/Slag compartment/Transformation,1
"bottom ash, MSWI-WWT, WW from PV cell production",kilogram,market,waste treatment/Landfill/Slag compartment/Market,1
"bottom ash, MSWI-WWT, WW from PV cell production",kilogram,transformation,waste treatment/Landfill/Slag compartment/Transformation,1
"bottom ash, MSWI-WWT, WW from soft fibreboard production",kilogram,market,waste treatment/Landfill/Slag compartment/Market,1
"bottom ash, MSWI-WWT, WW from soft fibreboard production",kilogram,transformation,waste treatment/Landfill/Slag compartment/Transformation,1
"bottom ash, MSWI-WWT, WW from tube collector production",kilogram,market,waste treatment/Landfill/Slag compartment/Market,1
"bottom ash, MSWI-WWT, WW from tube collector production",kilogram,transformation,waste treatment/Landfill/Slag compartment/Transformation,1
"bottom ash, MSWI-WWT, WW from vegetable oil refinery",kilogram,market,waste treatment/Landfill/Slag compartment/Market,1
"bottom ash, MSWI-WWT, WW from vegetable oil refinery",kilogram,transformation,waste treatment/Landfill/Slag compartment/Transformation,1
"bottom ash, MSWI-WWT, WW from wafer fabrication",kilogram,market,waste treatment/Landfill/Slag compartment/Market,1
"bottom ash, MSWI-WWT, WW from wafer fabrication",kilogram,transformation,waste treatment/Landfill/Slag compartment/Transformation,1
"bottom ash, MSWI-WWT, WW, average",kilogram,market,waste treatment/Landfill/Slag compartment/Market,2
"bottom ash, MSWI-WWT, WW, average",kilogram,transformation,waste treatment/Landfill/Slag compartment/Transformation,2
"bottom ash, MSWI-WWT[R], WW from anaerobic digestion of whey",kilogram,market,waste treatment/Landfill/Slag compartment/Market,1
"bottom ash, MSWI-WWT[R], WW from anaerobic digestion of whey",kilogram,transformation,waste treatment/Landfill/Slag compartment/Transformation,1
"bottom ash, MSWI-WWT[U], WW from lorry production",kilogram,market,waste treatment/Landfill/Slag compartment/Market,1
"bottom ash, MSWI-WWT[U], WW from lorry production",kilogram,transformation,waste treatment/Landfill/Slag compartment/Transformation,1
"bottom ash, MSWI[F]-WWT, condensate from light oil boiler",kilogram,market,waste treatment/Landfill/Slag compartment/Market,1
"bottom ash, MSWI[F]-WWT, condensate from light oil boiler",kilogram,transformation,waste treatment/Landfill/Slag compartment/Transformation,1
"bottom ash, MSWI[F]-WWT, heat carrier liquid, 40% C3H8O2",kilogram,market,waste treatment/Landfill/Slag compartment/Market,1
"bottom ash, MSWI[F]-WWT, heat carrier liquid, 40% C3H8O2",kilogram,transformation,waste treatment/Landfill/Slag compartment/Transformation,1
"bottom ash, MSWI[F]-WWT, rainwater mineral oil storage",kilogram,market,waste treatment/Landfill/Slag compartment/Market,1
"bottom ash, MSWI[F]-WWT, rainwater mineral oil storage",kilogram,transformation,waste treatment/Landfill/Slag compartment/Transformation,1
"bottom ash, MSWI[F]-WWT, WW from black chrome coating",kilogram,market,waste treatment/Landfill/Slag compartment/Market,1
"bottom ash, MSWI[F]-WWT, WW from black chrome coating",kilogram,transformation,waste treatment/Landfill/Slag compartment/Transformation,1
"bottom ash, MSWI[F]-WWT, WW from ceramic production",kilogram,market,waste treatment/Landfill/Slag compartment/Market,1
"bottom ash, MSWI[F]-WWT, WW from ceramic production",kilogram,transformation,waste treatment/Landfill/Slag compartment/Transformation,1
"bottom ash, MSWI[F]-WWT, WW from concrete production",kilogram,market,waste treatment/Landfill/Slag compartment/Market,1
"bottom ash, MSWI[F]-WWT, WW from concrete production",kilogram,transformation,waste treatment/Landfill/Slag compartment/Transformation,1
"bottom ash, MSWI[F]-WWT, WW from CRT production",kilogram,market,waste treatment/Landfill/Slag compartment/Market,1
"bottom ash, MSWI[F]-WWT, WW from CRT production",kilogram,transformation,waste treatment/Landfill/Slag compartment/Transformation,1
"bottom ash, MSWI[F]-WWT, WW from glass production",kilogram,market,waste treatment/Landfill/Slag compartment/Market,1
"bottom ash, MSWI[F]-WWT, WW from glass production",kilogram,transformation,waste treatment/Landfill/Slag compartment/Transformation,1
"bottom ash, MSWI[F]-WWT, WW from grass refinery",kilogram,market,waste treatment/Landfill/Slag compartment/Market,1
"bottom ash, MSWI[F]-WWT, WW from grass refinery",kilogram,transformation,waste treatment/Landfill/Slag compartment/Transformation,1
"bottom ash, MSWI[F]-WWT, WW from LCD backlight production",kilogram,market,waste treatment/Landfill/Slag compartment/Market,1
"bottom ash, MSWI[F]-WWT, WW from LCD backlight production",kilogram,transformation,waste treatment/Landfill/Slag compartment/Transformation,1
"bottom ash, MSWI[F]-WWT, WW from LCD production",kilogram,market,waste treatment/Landfill/Slag compartment/Market,1
"bottom ash, MSWI[F]-WWT, WW from LCD production",kilogram,transformation,waste treatment/Landfill/Slag compartment/Transformation,1
"bottom ash, MSWI[F]-WWT, WW from liquid crystal production",kilogram,market,waste treatment/Landfill/Slag compartment/Market,1
"bottom ash, MSWI[F]-WWT, WW from liquid crystal production",kilogram,transformation,waste treatment/Landfill/Slag compartment/Transformation,1
"bottom ash, MSWI[F]-WWT, WW from maize starch production",kilogram,market,waste treatment/Landfill/Slag compartment/Market,1
"bottom ash, MSWI[F]-WWT, WW from maize starch production",kilogram,transformation,waste treatment/Landfill/Slag compartment/Transformation,1
"bottom ash, MSWI[F]-WWT, WW from pig iron production",kilogram,market,waste treatment/Landfill/Slag compartment/Market,1
"bottom ash, MSWI[F]-WWT, WW from pig iron production",kilogram,transformation,waste treatment/Landfill/Slag compartment/Transformation,1
"bottom ash, MSWI[F]-WWT, WW from plywood production",kilogram,market,waste treatment/Landfill/Slag compartment/Market,1
"bottom ash, MSWI[F]-WWT, WW from plywood production",kilogram,transformation,waste treatment/Landfill/Slag compartment/Transformation,1
"bottom ash, MSWI[F]-WWT, WW from potato starch production",kilogram,market,waste treatment/Landfill/Slag compartment/Market,1
"bottom ash, MSWI[F]-WWT, WW from potato starch production",kilogram,transformation,waste treatment/Landfill/Slag compartment/Transformation,1
"bottom ash, MSWI[F]-WWT, WW from PV cell production",kilogram,market,waste treatment/Landfill/Slag compartment/Market,1
"bottom ash, MSWI[F]-WWT, WW from PV cell production",kilogram,transformation,waste treatment/Landfill/Slag compartment/Transformation,1
"bottom ash, MSWI[F]-WWT, WW from soft fibreboard production",kilogram,market,waste treatment/Landfill/Slag compartment/Market,1
"bottom ash, MSWI[F]-WWT, WW from soft fibreboard production",kilogram,transformation,waste treatment/Landfill/Slag compartment/Transformation,1
"bottom ash, MSWI[F]-WWT, WW from tube collector production",kilogram,market,waste treatment/Landfill/Slag compartment/Market,1
"bottom ash, MSWI[F]-WWT, WW from tube collector production",kilogram,transformation,waste treatment/Landfill/Slag compartment/Transformation,1
"bottom ash, MSWI[F]-WWT, WW from wafer fabrication",kilogram,market,waste treatment/Landfill/Slag compartment/Market,1
"bottom ash, MSWI[F]-WWT, WW from wafer fabrication",kilogram,transformation,waste treatment/Landfill/Slag compartment/Transformation,1
"bottom ash, MSWI[F]-WWT, WW, average",kilogram,market,waste treatment/Landfill/Slag compartment/Market,1
"bottom ash, MSWI[F]-WWT, WW, average",kilogram,transformation,waste treatment/Landfill/Slag compartment/Transformation,1
"bottom ash, MSWI[F]-WWT[R], WW from anaerobic digestion of whey",kilogram,market,waste treatment/Landfill/Slag compartment/Market,1
"bottom ash, MSWI[F]-WWT[R], WW from anaerobic digestion of whey",kilogram,transformation,waste treatment/Landfill/Slag compartment/Transformation,1
"bottom ash, MSWI[F]-WWT[U], WW from lorry production",kilogram,market,waste treatment/Landfill/Slag compartment/Market,1
"bottom ash, MSWI[F]-WWT[U], WW from lorry production",kilogram,transformation,waste treatment/Landfill/Slag compartment/Transformation,1
"brake wear emissions, lorry",kilogram,market,waste treatment/Transport/Market,1
"brake wear emissions, lorry",kilogram,transformation,waste treatment/Transport/Transformation,2
"brake wear emissions, passenger car",kilogram,market,waste treatment/Transport/Market,1
"brake wear emissions, passenger car",kilogram,transformation,waste treatment/Transport/Transformation,2
brass,kilogram,market,material/Metals/Non ferro/Market,2
brass,kilogram,market,material/Others/Obsolete,1
brass,kilogram,transformation,material/Metals/Non ferro/Transformation,2
"brass removed by drilling, computer numerical controlled",kilogram,market,processing/Metals/Chipping/Market,1
"brass removed by drilling, computer numerical controlled",kilogram,transformation,processing/Metals/Chipping/Transformation,2
"brass removed by drilling, conventional",kilogram,market,processing/Metals/Chipping/Market,1
"brass removed by drilling, conventional",kilogram,transformation,processing/Metals/Chipping/Transformation,2
"brass removed by turning, average, computer numerical controlled",kilogram,market,processing/Metals/Chipping/Market,1
"brass removed by turning, average, computer numerical controlled",kilogram,transformation,processing/Metals/Chipping/Transformation,2
"brass removed by turning, average, conventional",kilogram,market,processing/Metals/Chipping/Market,1
"brass removed by turning, average, conventional",kilogram,transformation,processing/Metals/Chipping/Transformation,2
"brass removed by turning, primarily dressing, computer numerical controlled",kilogram,market,processing/Metals/Chipping/Market,1
"brass removed by turning, primarily dressing, computer numerical controlled",kilogram,transformation,processing/Metals/Chipping/Transformation,2
"brass removed by turning, primarily dressing, conventional",kilogram,market,processing/Metals/Chipping/Market,1
"brass removed by turning, primarily dressing, conventional",kilogram,transformation,processing/Metals/Chipping/Transformation,2
"brass removed by turning, primarily roughing, computer numerical controlled",kilogram,market,processing/Metals/Chipping/Market,1
"brass removed by turning, primarily roughing, computer numerical controlled",kilogram,transformation,processing/Metals/Chipping/Transformation,2
"brass removed by turning, primarily roughing, conventional",kilogram,market,processing/Metals/Chipping/Market,1
"brass removed by turning, primarily roughing, conventional",kilogram,transformation,processing/Metals/Chipping/Transformation,2
"brazing solder, cadmium free",kilogram,market,processing/Metals/Chipping/Market,1
"brazing solder, cadmium free",kilogram,transformation,material/Metals/Alloys/Transformation,2
breadcrumbs,kilogram,market,material/Agricultural/Food/Market,1
breadcrumbs,kilogram,transformation,material/Agricultural/Food/Transformation,2
brick,kilogram,market,material/Others/Obsolete,1
brick,kilogram,transformation,material/Others/Obsolete,2
brick production facility,unit,market,material/Construction/Bricks/Market/Infrastructure,1
brick production facility,unit,transformation,material/Construction/Bricks/Transformation/Infrastructure,2
brick shale,kilogram,market,material/Others/Obsolete,1
brick shale,kilogram,transformation,material/Others/Obsolete,2
broccoli,kilogram,market,material/Agricultural/Plant production/Vegetables/Market,1
broccoli,kilogram,transformation,material/Agricultural/Plant production/Vegetables/Transformation,1
bromine,kilogram,market,material/Chemicals/Inorganic/Market,1
bromine,kilogram,transformation,material/Chemicals/Inorganic/Transformation,2
bromopropane,kilogram,market,material/Chemicals/Organic/Market,1
bromopropane,kilogram,transformation,material/Chemicals/Organic/Transformation,2
bromoxynil,kilogram,market,material/Chemicals/Organic/Market,1
bromoxynil,kilogram,transformation,material/Chemicals/Organic/Transformation,1
bronze,kilogram,market,material/Metals/Non ferro/Market,1
bronze,kilogram,transformation,material/Metals/Non ferro/Transformation,3
"bronze scrap, post-consumer",kilogram,market,material/Metals/Waste metals/Market,1
"bronze scrap, post-consumer",kilogram,market,waste treatment/Others/Obsolete,1
"bronze scrap, post-consumer",kilogram,transformation,material/Metals/Non ferro/Transformation,1
"bronze scrap, post-consumer",kilogram,transformation,waste treatment/Others/Obsolete,1
building machine,unit,market,transport/Building equipment/Market/Infrastructure,1
building machine,unit,transformation,transport/Building equipment/Transformation/Infrastructure,2
"building operation, budget hotel",guestnight,market,use/Tourism/Hotels/Market,1
"building operation, budget hotel",guestnight,transformation,use/Tourism/Hotels/Transformation,2
"building operation, hostel",guestnight,market,use/Tourism/Hotels/Market,1
"building operation, hostel",guestnight,transformation,use/Tourism/Hotels/Transformation,2
"building operation, luxury hotel",guestnight,market,use/Tourism/Hotels/Market,1
"building operation, luxury hotel",guestnight,transformation,use/Tourism/Hotels/Transformation,2
"building operation, upmarket hotel",guestnight,market,use/Tourism/Hotels/Market,1
"building operation, upmarket hotel",guestnight,transformation,use/Tourism/Hotels/Transformation,1
"building, budget hotel",unit,market,use/Tourism/Hotels/Market/Infrastructure,1
"building, budget hotel",unit,transformation,use/Tourism/Hotels/Transformation/Infrastructure,2
"building, hall",square meter,market,material/Construction/Others/Market/Infrastructure,1
"building, hall",square meter,transformation,material/Construction/Others/Transformation/Infrastructure,2
"building, hall, steel construction",square meter,market,material/Construction/Others/Market/Infrastructure,1
"building, hall, steel construction",square meter,transformation,material/Construction/Others/Transformation/Infrastructure,2
"building, hall, wood construction",square meter,market,material/Construction/Others/Market/Infrastructure,1
"building, hall, wood construction",square meter,transformation,material/Construction/Others/Transformation/Infrastructure,2
"building, hostel",unit,market,use/Tourism/Hotels/Market/Infrastructure,1
"building, hostel",unit,transformation,use/Tourism/Hotels/Transformation/Infrastructure,2
"building, luxury hotel",unit,market,use/Tourism/Hotels/Market/Infrastructure,1
"building, luxury hotel",unit,transformation,use/Tourism/Hotels/Transformation/Infrastructure,2
"building, multi-storey",cubic meter,market,material/Construction/Others/Market/Infrastructure,1
"building, multi-storey",cubic meter,transformation,material/Construction/Others/Transformation/Infrastructure,2
"building, upmarket hotel",unit,market,use/Tourism/Hotels/Market/Infrastructure,1
"building, upmarket hotel",unit,transformation,use/Tourism/Hotels/Transformation/Infrastructure,1
"bulk carrier, for dry goods",unit,market,transport/Water/Market/Infrastructure,1
"bulk carrier, for dry goods",unit,transformation,transport/Water/Transformation/Infrastructure,1
bulk lead-zinc concentrate,kilogram,market,material/Minerals/Market,1
bulk lead-zinc concentrate,kilogram,transformation,material/Minerals/Transformation,1
"bundle, energy wood, measured as dry mass",kilogram,market,material/Others/Obsolete,1
"bundle, energy wood, measured as dry mass",kilogram,market,material/Wood/Extraction/Market,2
"bundle, energy wood, measured as dry mass",kilogram,transformation,material/Wood/Extraction/Transformation,6
burnt shale,kilogram,market,material/Chemicals/Inorganic/Market,1
burnt shale,kilogram,transformation,material/Chemicals/Inorganic/Transformation,2
burnt shale,kilogram,transformation,waste treatment/Others/Obsolete,12
bus,unit,market,transport/Road/Market/Infrastructure,1
bus,unit,transformation,transport/Road/Transformation/Infrastructure,2
butadiene,kilogram,market,material/Chemicals/Organic/Market,2
butadiene,kilogram,market,material/Others/Obsolete,1
butadiene,kilogram,transformation,material/Chemicals/Organic/Transformation,2
butane,kilogram,market,material/Chemicals/Organic/Market,1
butane,kilogram,transformation,material/Chemicals/Organic/Transformation,3
butane,kilogram,transformation,material/Others/Obsolete,3
"butane-1,4-diol",kilogram,market,material/Chemicals/Organic/Market,1
"butane-1,4-diol",kilogram,transformation,material/Chemicals/Organic/Transformation,2
"butene, mixed",kilogram,market,material/Chemicals/Organic/Market,2
"butene, mixed",kilogram,market,material/Others/Obsolete,1
"butene, mixed",kilogram,transformation,material/Chemicals/Organic/Transformation,2
"butter, from cow milk",kilogram,market,material/Agricultural/Food/Market,1
"butter, from cow milk",kilogram,transformation,material/Agricultural/Food/Transformation,2
"buttermilk, from cow milk",kilogram,market,material/Agricultural/Food/Market,1
"buttermilk, from cow milk",kilogram,transformation,material/Agricultural/Food/Transformation,2
butyl acetate,kilogram,market,material/Chemicals/Organic/Market,2
butyl acetate,kilogram,market,material/Others/Obsolete,1
butyl acetate,kilogram,transformation,material/Chemicals/Organic/Transformation,2
butyl acrylate,kilogram,market,material/Chemicals/Organic/Market,2
butyl acrylate,kilogram,market,material/Others/Obsolete,1
butyl acrylate,kilogram,transformation,material/Chemicals/Organic/Transformation,3
butyldiglycol acetate,kilogram,market,material/Chemicals/Organic/Market,1
butyldiglycol acetate,kilogram,transformation,material/Chemicals/Organic/Transformation,1
butyrolactone,kilogram,market,material/Chemicals/Organic/Market,2
butyrolactone,kilogram,market,material/Others/Obsolete,1
butyrolactone,kilogram,transformation,material/Chemicals/Organic/Transformation,2
butyrolactone,kilogram,transformation,material/Others/Obsolete,1
c3 hydrocarbon mixture,kilogram,market,material/Chemicals/Organic/Market,1
c3 hydrocarbon mixture,kilogram,transformation,material/Chemicals/Organic/Transformation,7
CA + US resource use and emissions inventory,unit,transformation,material/Others,1
cabbage red,kilogram,market,material/Agricultural/Plant production/Vegetables/Market,1
cabbage red,kilogram,transformation,material/Agricultural/Plant production/Vegetables/Transformation,1
cabbage white,kilogram,market,material/Agricultural/Plant production/Vegetables/Market,1
cabbage white,kilogram,transformation,material/Agricultural/Plant production/Vegetables/Transformation,3
cabbage white,kilogram,transformation,material/Others/Obsolete,1
cable yarder with sled winch,unit,market,material/Electronics/Component/Market,1
cable yarder with sled winch,unit,transformation,material/Electronics/Component/Transformation,1
cable yarding,hour,market,transport/Building equipment/Market,1
cable yarding,hour,transformation,transport/Building equipment/Transformation,6
"cable, connector for computer, without plugs",meter,market,material/Electronics/Component/Market,1
"cable, connector for computer, without plugs",meter,transformation,material/Electronics/Component/Transformation,1
"cable, data cable in infrastructure",meter,market,material/Electronics/Component/Market,1
"cable, data cable in infrastructure",meter,transformation,material/Electronics/Component/Transformation,1
"cable, network cable, category 5, without plugs",meter,market,material/Electronics/Component/Market,1
"cable, network cable, category 5, without plugs",meter,transformation,material/Electronics/Component/Transformation,1
"cable, printer cable, without plugs",meter,market,material/Electronics/Component/Market,1
"cable, printer cable, without plugs",meter,transformation,material/Electronics/Component/Transformation,1
"cable, ribbon cable, 20-pin, with plugs",kilogram,market,material/Electronics/Component/Market,1
"cable, ribbon cable, 20-pin, with plugs",kilogram,transformation,material/Electronics/Component/Transformation,1
"cable, three-conductor cable",meter,market,material/Electronics/Component/Market,1
"cable, three-conductor cable",meter,transformation,material/Electronics/Component/Transformation,1
"cable, unspecified",kilogram,market,material/Electronics/Component/Market,1
"cable, unspecified",kilogram,transformation,material/Electronics/Component/Transformation,1
cadmium,kilogram,market,material/Metals/Non ferro/Market,1
cadmium,kilogram,transformation,material/Metals/Non ferro/Transformation,3
"cadmium chloride, semiconductor-grade",kilogram,market,material/Chemicals/Inorganic/Market,1
"cadmium chloride, semiconductor-grade",kilogram,transformation,material/Chemicals/Inorganic/Transformation,2
cadmium sludge from zinc electrolysis,kilogram,market,material/Metals/Non ferro/Market,1
cadmium sludge from zinc electrolysis,kilogram,transformation,material/Metals/Non ferro/Transformation,4
cadmium sludge from zinc electrolysis,kilogram,transformation,material/Others/Obsolete,1
cadmium sludge from zinc electrolysis stockpiling,kilogram,market,processing/Others/Market,1
cadmium sludge from zinc electrolysis stockpiling,kilogram,transformation,processing/Others/Transformation,2
"cadmium sulfide, semiconductor-grade",kilogram,market,material/Chemicals/Inorganic/Market,1
"cadmium sulfide, semiconductor-grade",kilogram,transformation,material/Chemicals/Inorganic/Transformation,2
"cadmium telluride, semiconductor-grade",kilogram,market,material/Chemicals/Inorganic/Market,1
"cadmium telluride, semiconductor-grade",kilogram,transformation,material/Chemicals/Inorganic/Transformation,2
"cadmium, semiconductor-grade",kilogram,market,material/Metals/Non ferro/Market,1
"cadmium, semiconductor-grade",kilogram,transformation,material/Metals/Non ferro/Transformation,2
calcareous marl,kilogram,market,material/Chemicals/Inorganic/Market,2
calcareous marl,kilogram,market,material/Others/Obsolete,1
calcareous marl,kilogram,transformation,material/Chemicals/Inorganic/Transformation,2
calcined clay,kilogram,market,material/Chemicals/Inorganic/Market,2
calcined clay,kilogram,transformation,material/Chemicals/Inorganic/Transformation,2
calcium ammonium nitrate,kilogram,market,material/Chemicals/Fertilisers (inorganic)/Market,4
calcium ammonium nitrate,kilogram,transformation,material/Chemicals/Fertilisers (inorganic)/Transformation,4
calcium borates,kilogram,market,material/Chemicals/Inorganic/Market,1
calcium borates,kilogram,transformation,material/Chemicals/Inorganic/Transformation,2
"calcium carbide, technical grade",kilogram,market,material/Chemicals/Inorganic/Market,2
"calcium carbide, technical grade",kilogram,market,material/Others/Obsolete,1
"calcium carbide, technical grade",kilogram,transformation,material/Chemicals/Inorganic/Transformation,2
"calcium carbonate, precipitated",kilogram,market,material/Chemicals/Inorganic/Market,2
"calcium carbonate, precipitated",kilogram,market,material/Others/Obsolete,1
"calcium carbonate, precipitated",kilogram,transformation,material/Chemicals/Inorganic/Transformation,4
calcium chloride,kilogram,market,material/Chemicals/Inorganic/Market,2
calcium chloride,kilogram,market,material/Others/Obsolete,1
calcium chloride,kilogram,transformation,material/Chemicals/Inorganic/Transformation,5
calcium nitrate,kilogram,market,material/Chemicals/Fertilisers (inorganic)/Market,2
calcium nitrate,kilogram,market,material/Others/Obsolete,1
calcium nitrate,kilogram,transformation,material/Chemicals/Fertilisers (inorganic)/Transformation,2
"calendering, rigid sheets",kilogram,market,processing/Plastics/Market,1
"calendering, rigid sheets",kilogram,transformation,processing/Others/Obsolete,2
"calendering, rigid sheets",kilogram,transformation,processing/Plastics/Transformation,2
canada resource use and emissions inventory,unit,transformation,material/Others,1
canal,meter-year,market,transport/Water/Market/Infrastructure,1
canal,meter-year,transformation,transport/Water/Transformation/Infrastructure,2
"capacitor, auxilliaries and energy use",kilogram,market,material/Electronics/Component/Market,1
"capacitor, auxilliaries and energy use",kilogram,transformation,material/Electronics/Component/Transformation,1
"capacitor, electrolyte type, < 2cm height",kilogram,market,material/Electronics/Component/Market,1
"capacitor, electrolyte type, < 2cm height",kilogram,transformation,material/Electronics/Component/Transformation,1
"capacitor, electrolyte type, > 2cm height",kilogram,market,material/Electronics/Component/Market,1
"capacitor, electrolyte type, > 2cm height",kilogram,transformation,material/Electronics/Component/Transformation,1
"capacitor, film type, for through-hole mounting",kilogram,market,material/Electronics/Component/Market,1
"capacitor, film type, for through-hole mounting",kilogram,transformation,material/Electronics/Component/Transformation,1
"capacitor, for surface-mounting",kilogram,market,material/Electronics/Component/Market,1
"capacitor, for surface-mounting",kilogram,transformation,material/Electronics/Component/Transformation,1
"capacitor, tantalum-, for through-hole mounting",kilogram,market,material/Electronics/Component/Market,1
"capacitor, tantalum-, for through-hole mounting",kilogram,transformation,material/Electronics/Component/Transformation,1
captan,kilogram,market,material/Chemicals/Pesticides/Market,1
captan,kilogram,transformation,material/Chemicals/Pesticides/Transformation,2
carbon black,kilogram,market,material/Chemicals/Organic/Market,1
carbon black,kilogram,transformation,material/Chemicals/Organic/Transformation,1
"carbon dioxide, in chemical industry",kilogram,market,material/Chemicals/Gases/Market,1
"carbon dioxide, in chemical industry",kilogram,transformation,material/Chemicals/Gases/Transformation,6
"carbon dioxide, liquid",kilogram,market,material/Chemicals/Gases/Liquified/Market,2
"carbon dioxide, liquid",kilogram,transformation,material/Chemicals/Gases/Liquified/Transformation,2
carbon disulfide,kilogram,market,material/Chemicals/Organic/Market,1
carbon disulfide,kilogram,transformation,material/Chemicals/Organic/Transformation,2
"carbon fibre reinforced plastic, injection moulded",kilogram,market,material/Plastics/Thermoplasts/Market,1
"carbon fibre reinforced plastic, injection moulded",kilogram,transformation,material/Plastics/Thermoplasts/Transformation,1
carbon monoxide,kilogram,market,material/Chemicals/Gases/Market,2
carbon monoxide,kilogram,transformation,material/Chemicals/Gases/Transformation,3
carbon tetrachloride,kilogram,market,material/Chemicals/Organic/Market,2
carbon tetrachloride,kilogram,market,material/Others/Obsolete,1
carbon tetrachloride,kilogram,transformation,material/Chemicals/Organic/Transformation,2
"carboxymethyl cellulose, powder",kilogram,market,material/Chemicals/Washing agents/Auxiliaries/Market,1
"carboxymethyl cellulose, powder",kilogram,transformation,material/Chemicals/Washing agents/Auxiliaries/Transformation,2
"cardboard carbon storage (1.774 kg CO2/kg cardboard), use only in PAS2050 wizard",kilogram,transformation,material/Others/Carbon content biogenic materials,1
carrot,kilogram,market,material/Agricultural/Plant production/Roots and tubers/Market,1
carrot,kilogram,transformation,material/Agricultural/Plant production/Roots and tubers/Transformation,4
carrot,kilogram,transformation,material/Others/Obsolete,1
"carrot seed, for sowing",kilogram,market,material/Agricultural/Plant seeds/Market,1
"carrot seed, for sowing",kilogram,transformation,material/Agricultural/Plant seeds/Transformation,2
"carrot seed, Swiss integrated production, at farm",kilogram,market,material/Agricultural/Plant seeds/Market,1
"carrot seed, Swiss integrated production, at farm",kilogram,transformation,material/Agricultural/Plant seeds/Transformation,1
"carrot seed, Swiss integrated production, at farm",kilogram,transformation,material/Others/Obsolete,1
"carton board box production, with gravure printing",kilogram,market,processing/Cardboard/Market,1
"carton board box production, with gravure printing",kilogram,transformation,processing/Cardboard/Transformation,3
"carton board box production, with offset printing",kilogram,market,processing/Cardboard/Market,1
"carton board box production, with offset printing",kilogram,transformation,processing/Cardboard/Transformation,3
cashew,kilogram,market,material/Agricultural/Food/Market,1
cashew,kilogram,transformation,material/Agricultural/Food/Transformation,2
cast iron,kilogram,market,material/Metals/Ferro/Market,1
cast iron,kilogram,transformation,material/Metals/Ferro/Transformation,2
"cast iron removed by drilling, computer numerical controlled",kilogram,market,processing/Metals/Chipping/Market,1
"cast iron removed by drilling, computer numerical controlled",kilogram,transformation,processing/Metals/Chipping/Transformation,2
"cast iron removed by drilling, conventional",kilogram,market,processing/Metals/Chipping/Market,1
"cast iron removed by drilling, conventional",kilogram,transformation,processing/Metals/Chipping/Transformation,2
"cast iron removed by milling, average",kilogram,market,processing/Metals/Chipping/Market,1
"cast iron removed by milling, average",kilogram,transformation,processing/Metals/Chipping/Transformation,2
"cast iron removed by milling, dressing",kilogram,market,processing/Metals/Chipping/Market,1
"cast iron removed by milling, dressing",kilogram,transformation,processing/Metals/Chipping/Transformation,2
"cast iron removed by milling, large parts",kilogram,market,processing/Metals/Chipping/Market,1
"cast iron removed by milling, large parts",kilogram,transformation,processing/Metals/Chipping/Transformation,2
"cast iron removed by milling, small parts",kilogram,market,processing/Metals/Chipping/Market,1
"cast iron removed by milling, small parts",kilogram,transformation,processing/Metals/Chipping/Transformation,2
"cast iron removed by turning, average, computer numerical controlled",kilogram,market,processing/Metals/Chipping/Market,1
"cast iron removed by turning, average, computer numerical controlled",kilogram,transformation,processing/Metals/Chipping/Transformation,2
"cast iron removed by turning, average, conventional",kilogram,market,processing/Metals/Chipping/Market,1
"cast iron removed by turning, average, conventional",kilogram,transformation,processing/Metals/Chipping/Transformation,2
"cast iron removed by turning, primarily dressing, computer numerical controlled",kilogram,market,processing/Metals/Chipping/Market,1
"cast iron removed by turning, primarily dressing, computer numerical controlled",kilogram,transformation,processing/Metals/Chipping/Transformation,2
"cast iron removed by turning, primarily dressing, conventional",kilogram,market,processing/Metals/Chipping/Market,1
"cast iron removed by turning, primarily dressing, conventional",kilogram,transformation,processing/Metals/Chipping/Transformation,2
"cast iron removed by turning, primarily roughing, computer numerical controlled",kilogram,market,processing/Metals/Chipping/Market,1
"cast iron removed by turning, primarily roughing, computer numerical controlled",kilogram,transformation,processing/Metals/Chipping/Transformation,2
"cast iron removed by turning, primarily roughing, conventional",kilogram,market,processing/Metals/Chipping/Market,1
"cast iron removed by turning, primarily roughing, conventional",kilogram,transformation,processing/Metals/Chipping/Transformation,2
"casting, aluminium, lost-wax",kilogram,market,processing/Metals/Chipless shaping/Market,1
"casting, aluminium, lost-wax",kilogram,transformation,processing/Metals/Chipless shaping/Transformation,2
"casting, brass",kilogram,market,processing/Metals/Chipless shaping/Market,1
"casting, brass",kilogram,transformation,processing/Metals/Chipless shaping/Transformation,2
"casting, bronze",kilogram,market,processing/Metals/Chipless shaping/Market,1
"casting, bronze",kilogram,transformation,processing/Metals/Chipless shaping/Transformation,2
"casting, steel, lost-wax",kilogram,market,processing/Metals/Chipless shaping/Market,1
"casting, steel, lost-wax",kilogram,transformation,processing/Metals/Chipless shaping/Transformation,2
castor bean,kilogram,market,material/Agricultural/Plant production/Legumes/Market,1
castor bean,kilogram,transformation,material/Agricultural/Plant production/Legumes/Transformation,2
"catalytic converter, oxidation, 20 litre",unit,market,energy/Cogeneration/Oil/Market/Infrastructure,1
"catalytic converter, oxidation, 20 litre",unit,transformation,energy/Cogeneration/Oil/Transformation/Infrastructure,2
"catalytic converter, selective catalytic reduction, 200 litre",unit,market,energy/Cogeneration/Oil/Market/Infrastructure,1
"catalytic converter, selective catalytic reduction, 200 litre",unit,transformation,energy/Cogeneration/Oil/Transformation/Infrastructure,2
"catalytic converter, three-way, 19.1l",unit,market,energy/Cogeneration/Gas/Market/Infrastructure,1
"catalytic converter, three-way, 19.1l",unit,transformation,energy/Cogeneration/Gas/Transformation/Infrastructure,2
"catalytic converter, three-way, mini CHP plant",unit,market,energy/Cogeneration/Gas/Market/Infrastructure,1
"catalytic converter, three-way, mini CHP plant",unit,transformation,energy/Cogeneration/Gas/Transformation/Infrastructure,2
"cathode, for aluminium electrolysis",kilogram,market,material/Chemicals/Others/Market,1
"cathode, for aluminium electrolysis",kilogram,transformation,material/Chemicals/Others/Transformation,2
"cathode, LFP, for Li-ion battery",kilogram,market,material/Electronics/Battery/Market,2
"cathode, LFP, for Li-ion battery",kilogram,transformation,material/Electronics/Battery/Transformation,2
"cathode, LiMn2O4, for Li-ion battery",kilogram,market,material/Electronics/Battery/Market,1
"cathode, LiMn2O4, for Li-ion battery",kilogram,transformation,material/Electronics/Battery/Transformation,2
"cathode, NCA, for Li-ion battery",kilogram,market,material/Electronics/Battery/Market,2
"cathode, NCA, for Li-ion battery",kilogram,transformation,material/Electronics/Battery/Transformation,2
"cathode, NMC111, for Li-ion battery",kilogram,market,material/Electronics/Battery/Market,2
"cathode, NMC111, for Li-ion battery",kilogram,transformation,material/Electronics/Battery/Transformation,2
"cathode, NMC811, for Li-ion battery",kilogram,market,material/Electronics/Battery/Market,2
"cathode, NMC811, for Li-ion battery",kilogram,transformation,material/Electronics/Battery/Transformation,2
"cathode-ray tube, cathode ray tube display",kilogram,market,material/Electronics/Module/Market,1
"cathode-ray tube, cathode ray tube display",kilogram,transformation,material/Electronics/Module/Transformation,1
cationic resin,kilogram,market,material/Chemicals/Others/Market,2
cationic resin,kilogram,market,material/Others/Obsolete,1
cationic resin,kilogram,transformation,material/Chemicals/Others/Transformation,2
"cattle for slaughtering, live weight",kilogram,market,material/Agricultural/Animal production/Bovine/Market,3
"cattle for slaughtering, live weight",kilogram,market,material/Others/Obsolete,1
"cattle for slaughtering, live weight",kilogram,transformation,material/Agricultural/Animal production/Bovine/Transformation,27
cauliflower,kilogram,market,material/Agricultural/Plant production/Vegetables/Market,1
cauliflower,kilogram,transformation,material/Agricultural/Plant production/Vegetables/Transformation,1
celery,kilogram,market,material/Agricultural/Plant production/Vegetables/Market,1
celery,kilogram,transformation,material/Agricultural/Plant production/Vegetables/Transformation,1
cellulose fibre,kilogram,market,material/Construction/Insulation/Market,2
cellulose fibre,kilogram,transformation,material/Construction/Insulation/Transformation,2
"cellulose fibre, inclusive blowing in",kilogram,market,material/Others/Obsolete,1
cement cast plaster floor,kilogram,market,material/Construction/Coverings/Market,1
cement cast plaster floor,kilogram,transformation,material/Construction/Coverings/Transformation,2
cement factory,unit,market,material/Construction/Binders/Market/Infrastructure,1
cement factory,unit,transformation,material/Construction/Binders/Transformation/Infrastructure,2
cement mortar,kilogram,market,material/Construction/Binders/Market,3
cement mortar,kilogram,market,material/Others/Obsolete,1
cement mortar,kilogram,transformation,material/Construction/Binders/Transformation,4
cement plaster,cubic meter,market,material/Construction/Binders/Market,2
cement plaster,cubic meter,transformation,material/Construction/Coverings/Transformation,2
cement tile,kilogram,market,material/Construction/Coverings/Market,1
cement tile,kilogram,transformation,material/Construction/Coverings/Transformation,2
"cement, alternative constituents 45%",kilogram,market,material/Others/Obsolete,1
"cement, alternative constituents 45%",kilogram,transformation,material/Others/Obsolete,1
"cement, ART",kilogram,market,material/Construction/Binders/Market,1
"cement, ART",kilogram,transformation,material/Construction/Binders/Transformation,1
"cement, blast furnace slag 21-35%",kilogram,market,material/Others/Obsolete,1
"cement, blast furnace slag 21-35%",kilogram,transformation,material/Others/Obsolete,1
"cement, blast furnace slag 25-70%",kilogram,market,material/Others/Obsolete,1
"cement, blast furnace slag 25-70%",kilogram,transformation,material/Others/Obsolete,1
"cement, blast furnace slag 35-70%",kilogram,market,material/Others/Obsolete,1
"cement, blast furnace slag 35-70%",kilogram,transformation,material/Others/Obsolete,1
"cement, blast furnace slag 36-65%, non-US",kilogram,market,material/Others/Obsolete,1
"cement, blast furnace slag 36-65%, non-US",kilogram,transformation,material/Others/Obsolete,1
"cement, blast furnace slag 40-70%",kilogram,market,material/Others/Obsolete,1
"cement, blast furnace slag 40-70%",kilogram,transformation,material/Others/Obsolete,1
"cement, blast furnace slag 5-25%",kilogram,market,material/Others/Obsolete,1
"cement, blast furnace slag 5-25%",kilogram,transformation,material/Others/Obsolete,1
"cement, blast furnace slag 6-20%",kilogram,market,material/Others/Obsolete,1
"cement, blast furnace slag 6-20%",kilogram,transformation,material/Others/Obsolete,1
"cement, blast furnace slag 6-34%",kilogram,market,material/Others/Obsolete,1
"cement, blast furnace slag 6-34%",kilogram,transformation,material/Others/Obsolete,1
"cement, blast furnace slag 70-100%",kilogram,market,material/Others/Obsolete,1
"cement, blast furnace slag 70-100%",kilogram,transformation,material/Others/Obsolete,1
"cement, CEM II/A",kilogram,market,material/Construction/Binders/Market,4
"cement, CEM II/A",kilogram,transformation,material/Construction/Binders/Transformation,4
"cement, CEM II/A-L",kilogram,market,material/Construction/Binders/Market,1
"cement, CEM II/A-L",kilogram,transformation,material/Construction/Binders/Transformation,1
"cement, CEM II/A-S",kilogram,market,material/Construction/Binders/Market,1
"cement, CEM II/A-S",kilogram,transformation,material/Construction/Binders/Transformation,1
"cement, CEM II/A-V",kilogram,market,material/Construction/Binders/Market,1
"cement, CEM II/A-V",kilogram,transformation,material/Construction/Binders/Transformation,1
"cement, CEM II/B",kilogram,market,material/Construction/Binders/Market,3
"cement, CEM II/B",kilogram,transformation,material/Construction/Binders/Transformation,3
"cement, CEM II/B-L",kilogram,market,material/Construction/Binders/Market,1
"cement, CEM II/B-L",kilogram,transformation,material/Construction/Binders/Transformation,1
"cement, CEM II/B-S",kilogram,market,material/Construction/Binders/Market,1
"cement, CEM II/B-S",kilogram,transformation,material/Construction/Binders/Transformation,1
"cement, CEM II/B-V",kilogram,market,material/Construction/Binders/Market,1
"cement, CEM II/B-V",kilogram,transformation,material/Construction/Binders/Transformation,1
"cement, CEM III/A",kilogram,market,material/Construction/Binders/Market,4
"cement, CEM III/A",kilogram,transformation,material/Construction/Binders/Transformation,4
"cement, CEM III/B",kilogram,market,material/Construction/Binders/Market,3
"cement, CEM III/B",kilogram,transformation,material/Construction/Binders/Transformation,3
"cement, CEM III/C",kilogram,market,material/Construction/Binders/Market,3
"cement, CEM III/C",kilogram,transformation,material/Construction/Binders/Transformation,3
"cement, CEM IV/A",kilogram,market,material/Construction/Binders/Market,3
"cement, CEM IV/A",kilogram,transformation,material/Construction/Binders/Transformation,3
"cement, CEM IV/B",kilogram,market,material/Construction/Binders/Market,3
"cement, CEM IV/B",kilogram,transformation,material/Construction/Binders/Transformation,3
"cement, CEM V/A",kilogram,market,material/Construction/Binders/Market,3
"cement, CEM V/A",kilogram,transformation,material/Construction/Binders/Transformation,3
"cement, CEM V/B",kilogram,market,material/Construction/Binders/Market,3
"cement, CEM V/B",kilogram,transformation,material/Construction/Binders/Transformation,3
"cement, CP II-E",kilogram,market,material/Construction/Binders/Market,1
"cement, CP II-E",kilogram,transformation,material/Construction/Binders/Transformation,1
"cement, CP II-F",kilogram,market,material/Construction/Binders/Market,1
"cement, CP II-F",kilogram,transformation,material/Construction/Binders/Transformation,1
"cement, CP II-Z",kilogram,market,material/Construction/Binders/Market,1
"cement, CP II-Z",kilogram,transformation,material/Construction/Binders/Transformation,1
"cement, CP III",kilogram,market,material/Construction/Binders/Market,1
"cement, CP III",kilogram,transformation,material/Construction/Binders/Transformation,1
"cement, CP IV",kilogram,market,material/Construction/Binders/Market,1
"cement, CP IV",kilogram,transformation,material/Construction/Binders/Transformation,1
"cement, CP V RS",kilogram,market,material/Construction/Binders/Market,1
"cement, CP V RS",kilogram,transformation,material/Construction/Binders/Transformation,1
"cement, limestone 21-35%",kilogram,market,material/Others/Obsolete,1
"cement, limestone 21-35%",kilogram,transformation,material/Others/Obsolete,1
"cement, limestone 6-10%",kilogram,market,material/Others/Obsolete,1
"cement, limestone 6-10%",kilogram,transformation,material/Others/Obsolete,1
"cement, limestone 6-20%",kilogram,market,material/Others/Obsolete,1
"cement, limestone 6-20%",kilogram,transformation,material/Others/Obsolete,1
"cement, Portland",kilogram,market,material/Construction/Binders/Market,9
"cement, Portland",kilogram,transformation,material/Construction/Binders/Transformation,9
"cement, portland fly ash cement 21-35%",kilogram,market,material/Others/Obsolete,1
"cement, portland fly ash cement 21-35%",kilogram,transformation,material/Others/Obsolete,1
"cement, portland fly ash cement 6-20%",kilogram,market,material/Others/Obsolete,1
"cement, portland fly ash cement 6-20%",kilogram,transformation,material/Others/Obsolete,1
"cement, Portland Slag",kilogram,market,material/Construction/Binders/Market,1
"cement, Portland Slag",kilogram,transformation,material/Construction/Binders/Transformation,1
"cement, pozzolana and fly ash 15-40%",kilogram,market,material/Others/Obsolete,1
"cement, pozzolana and fly ash 15-40%",kilogram,transformation,material/Others/Obsolete,1
"cement, pozzolana and fly ash 15-50%",kilogram,market,material/Others/Obsolete,1
"cement, pozzolana and fly ash 15-50%",kilogram,transformation,material/Others/Obsolete,1
"cement, pozzolana and fly ash 25-35%",kilogram,market,material/Others/Obsolete,1
"cement, pozzolana and fly ash 25-35%",kilogram,transformation,material/Others/Obsolete,1
"cement, pozzolana and fly ash 36-55%,non-US",kilogram,transformation,material/Others/Obsolete,1
"cement, pozzolana and fly ash 5-15%",kilogram,market,material/Others/Obsolete,1
"cement, pozzolana and fly ash 5-15%",kilogram,transformation,material/Others/Obsolete,1
"cement, pozzolana and fly ash 6-14%",kilogram,market,material/Others/Obsolete,1
"cement, pozzolana and fly ash 6-14%",kilogram,transformation,material/Others/Obsolete,1
"cement, Pozzolana Portland",kilogram,market,material/Construction/Binders/Market,1
"cement, Pozzolana Portland",kilogram,transformation,material/Construction/Binders/Transformation,1
"cement, type general use",kilogram,market,material/Construction/Binders/Market,1
"cement, type general use",kilogram,transformation,material/Construction/Binders/Transformation,1
"cement, type I (SM)",kilogram,market,material/Construction/Binders/Market,1
"cement, type I (SM)",kilogram,transformation,material/Construction/Binders/Transformation,1
"cement, type I-PM",kilogram,market,material/Construction/Binders/Market,1
"cement, type I-PM",kilogram,transformation,material/Construction/Binders/Transformation,1
"cement, type ICo",kilogram,market,material/Construction/Binders/Market,1
"cement, type ICo",kilogram,transformation,material/Construction/Binders/Transformation,1
"cement, type IP",kilogram,market,material/Construction/Binders/Market,1
"cement, type IP",kilogram,transformation,material/Construction/Binders/Transformation,1
"cement, type IP/P",kilogram,market,material/Construction/Binders/Market,1
"cement, type IP/P",kilogram,transformation,material/Construction/Binders/Transformation,1
"cement, type IS",kilogram,market,material/Construction/Binders/Market,1
"cement, type IS",kilogram,transformation,material/Construction/Binders/Transformation,1
"cement, type S",kilogram,market,material/Construction/Binders/Market,1
"cement, type S",kilogram,transformation,material/Construction/Binders/Transformation,1
"cement, unspecified",kilogram,market,material/Construction/Binders/Market,11
"cement, unspecified",kilogram,market,material/Others/Obsolete,1
"cement, unspecified",kilogram,transformation,material/Construction/Binders/Market,10
"cement, unspecified",kilogram,transformation,material/Construction/Binders/Market/Import,1
"cement, unspecified",kilogram,transformation,material/Others/Obsolete,42
"cement, ZN/D, new alternative constituents 36-50%, in conformity with SIA 2049",kilogram,market,material/Construction/Binders/Market,1
"cement, ZN/D, new alternative constituents 36-50%, in conformity with SIA 2049",kilogram,transformation,material/Construction/Binders/Transformation,1
ceramic factory,unit,market,material/Construction/Ceramics/Market/Infrastructure,1
ceramic factory,unit,transformation,material/Construction/Ceramics/Transformation/Infrastructure,2
ceramic tile,kilogram,market,material/Construction/Ceramics/Market,1
ceramic tile,kilogram,transformation,material/Construction/Ceramics/Transformation,2
"cerium concentrate, 60% cerium oxide",kilogram,market,material/Others/Obsolete,1
"cerium concentrate, 60% cerium oxide",kilogram,transformation,material/Others/Obsolete,2
cerium oxide,kilogram,market,material/Chemicals/Inorganic/Market,1
cerium oxide,kilogram,transformation,material/Chemicals/Inorganic/Transformation,4
charcoal,kilogram,market,material/Fuels/Coal/Market,1
charcoal,kilogram,transformation,material/Fuels/Coal/Transformation,1
"charger, electric passenger car",kilogram,market,material/Electronics/Devices/Market,1
"charger, electric passenger car",kilogram,transformation,material/Electronics/Devices/Transformation,1
"charger, for electric scooter",kilogram,market,material/Electronics/Devices/Market,1
"charger, for electric scooter",kilogram,transformation,material/Electronics/Devices/Transformation,1
"chassis, internet access equipment",kilogram,market,material/Electronics/Component/Market,1
"chassis, internet access equipment",kilogram,transformation,material/Electronics/Component/Transformation,2
"cheese, from cow milk, fresh, unripened",kilogram,market,material/Agricultural/Food/Market,1
"cheese, from cow milk, fresh, unripened",kilogram,transformation,material/Agricultural/Food/Transformation,3
chemi-thermomechanical pulp,kilogram,market,material/Paper+ Board/Pulp/Market,1
chemi-thermomechanical pulp,kilogram,transformation,material/Paper+ Board/Pulp/Transformation,2
chemical factory,kilogram,market,material/Chemicals/Others/Market/Infrastructure,1
chemical factory,kilogram,transformation,material/Chemicals/Others/Transformation/Infrastructure,2
"chemical factory, organics",unit,market,material/Chemicals/Organic/Market/Infrastructure,1
"chemical factory, organics",unit,transformation,material/Chemicals/Organic/Transformation/Infrastructure,2
"chemical, inorganic",kilogram,market,material/Chemicals/Inorganic/Market,1
"chemical, inorganic",kilogram,transformation,material/Chemicals/Inorganic/Transformation,1
"chemical, organic",kilogram,market,material/Chemicals/Organic/Market,1
"chemical, organic",kilogram,transformation,material/Chemicals/Organic/Market,3
"chemical, organic",kilogram,transformation,material/Chemicals/Organic/Transformation,2
"chicken for slaughtering, live weight",kilogram,market,material/Agricultural/Animal production/Avian/Market,1
"chicken for slaughtering, live weight",kilogram,transformation,material/Agricultural/Animal production/Avian/Transformation,1
chickpea,kilogram,market,material/Agricultural/Plant production/Legumes/Market,1
chickpea,kilogram,transformation,material/Agricultural/Plant production/Legumes/Transformation,2
chilli,kilogram,market,material/Agricultural/Plant production/Vegetables/Market,1
chilli,kilogram,transformation,material/Agricultural/Plant production/Vegetables/Transformation,2
chimney,meter,market,energy/Heat/Oil/Market/Infrastructure,1
chimney,meter,transformation,energy/Heat/Oil/Transformation/Infrastructure,2
"chipper, mobile, diesel",unit,market,processing/Wood/Market/Infrastructure,1
"chipper, mobile, diesel",unit,transformation,processing/Others/Obsolete,2
"chipper, mobile, diesel",unit,transformation,processing/Wood/Transformation/Infrastructure,1
"chipper, stationary, electric",unit,market,processing/Wood/Market/Infrastructure,1
"chipper, stationary, electric",unit,transformation,processing/Others/Obsolete,2
"chipper, stationary, electric",unit,transformation,processing/Wood/Transformation/Infrastructure,1
chloridazon,kilogram,market,material/Chemicals/Organic/Market,1
chloridazon,kilogram,transformation,material/Chemicals/Organic/Transformation,1
chlorine dioxide,kilogram,market,material/Chemicals/Gases/Market,2
chlorine dioxide,kilogram,market,material/Others/Obsolete,1
chlorine dioxide,kilogram,transformation,material/Chemicals/Gases/Transformation,2
"chlorine, for reuse in titanium tetrachloride production",kilogram,market,material/Chemicals/Inorganic/Market,3
"chlorine, for reuse in titanium tetrachloride production",kilogram,transformation,material/Chemicals/Inorganic/Transformation,3
"chlorine, for reuse in zirconium and hafnium tetrachloride production",kilogram,market,material/Chemicals/Inorganic/Market,3
"chlorine, for reuse in zirconium and hafnium tetrachloride production",kilogram,transformation,material/Chemicals/Inorganic/Transformation,6
"chlorine, gaseous",kilogram,market,material/Chemicals/Gases/Market,2
"chlorine, gaseous",kilogram,transformation,material/Chemicals/Gases/Transformation,12
"chlorine, liquid",kilogram,market,material/Chemicals/Gases/Liquified/Market,2
"chlorine, liquid",kilogram,market,material/Others/Obsolete,1
"chlorine, liquid",kilogram,transformation,material/Chemicals/Gases/Liquified/Market,3
"chlorine, liquid",kilogram,transformation,material/Chemicals/Gases/Liquified/Transformation,7
"chlorine, liquid",kilogram,transformation,material/Others/Obsolete,1
chlormequat chloride,kilogram,market,material/Chemicals/Organic/Market,1
chlormequat chloride,kilogram,transformation,material/Chemicals/Organic/Transformation,1
chloroacetic acid,kilogram,market,material/Chemicals/Acids (organic)/Market,2
chloroacetic acid,kilogram,market,material/Others/Obsolete,1
chloroacetic acid,kilogram,transformation,material/Chemicals/Acids (organic)/Transformation,2
chloroacetyl chloride,kilogram,market,material/Chemicals/Organic/Market,1
chloroacetyl chloride,kilogram,transformation,material/Chemicals/Organic/Transformation,2
chlorodifluoromethane,kilogram,market,material/Chemicals/Organic/Market,2
chlorodifluoromethane,kilogram,market,material/Others/Obsolete,1
chlorodifluoromethane,kilogram,transformation,material/Chemicals/Organic/Transformation,2
chloromethyl methyl ether,kilogram,market,material/Chemicals/Organic/Market,2
chloromethyl methyl ether,kilogram,market,material/Others/Obsolete,1
chloromethyl methyl ether,kilogram,transformation,material/Chemicals/Organic/Transformation,2
chloronitrobenzene,kilogram,market,material/Chemicals/Organic/Market,1
chloronitrobenzene,kilogram,transformation,material/Chemicals/Organic/Transformation,2
chloropropionic acid,kilogram,market,material/Chemicals/Acids (organic)/Market,1
chloropropionic acid,kilogram,transformation,material/Chemicals/Acids (organic)/Transformation,2
chlorosulfonic acid,kilogram,market,material/Chemicals/Acids (inorganic)/Market,2
chlorosulfonic acid,kilogram,market,material/Others/Obsolete,1
chlorosulfonic acid,kilogram,transformation,material/Chemicals/Acids (inorganic)/Transformation,2
chlorothalonil,kilogram,market,material/Chemicals/Pesticides/Market,1
chlorothalonil,kilogram,transformation,material/Chemicals/Pesticides/Transformation,2
chlorotoluron,kilogram,market,material/Chemicals/Pesticides/Market,1
chlorotoluron,kilogram,transformation,material/Chemicals/Pesticides/Transformation,2
chlorpropham,kilogram,market,material/Chemicals/Organic/Market,1
chlorpropham,kilogram,transformation,material/Chemicals/Organic/Transformation,1
"chopping, maize",hectare,market,processing/Agricultural/Market,1
"chopping, maize",hectare,transformation,processing/Agricultural/Transformation,2
chromite ore concentrate,kilogram,market,material/Minerals/Market,1
chromite ore concentrate,kilogram,transformation,material/Minerals/Transformation,2
chromite ore concentrate,kilogram,transformation,material/Others/Obsolete,1
chromium,kilogram,market,material/Metals/Non ferro/Market,1
chromium,kilogram,transformation,material/Metals/Non ferro/Transformation,2
"chromium oxide, flakes",kilogram,market,material/Chemicals/Inorganic/Market,1
"chromium oxide, flakes",kilogram,transformation,material/Chemicals/Inorganic/Transformation,2
chromium steel pipe,kilogram,market,material/Metals/Ferro/Market,1
chromium steel pipe,kilogram,transformation,material/Metals/Ferro/Transformation,1
"chromium steel removed by drilling, computer numerical controlled",kilogram,market,processing/Metals/Chipping/Market,1
"chromium steel removed by drilling, computer numerical controlled",kilogram,transformation,processing/Metals/Chipping/Transformation,2
"chromium steel removed by drilling, conventional",kilogram,market,processing/Metals/Chipping/Market,1
"chromium steel removed by drilling, conventional",kilogram,transformation,processing/Metals/Chipping/Transformation,2
"chromium steel removed by milling, average",kilogram,market,processing/Metals/Chipping/Market,1
"chromium steel removed by milling, average",kilogram,transformation,processing/Metals/Chipping/Transformation,2
"chromium steel removed by milling, dressing",kilogram,market,processing/Metals/Chipping/Market,1
"chromium steel removed by milling, dressing",kilogram,transformation,processing/Metals/Chipping/Transformation,2
"chromium steel removed by milling, large parts",kilogram,market,processing/Metals/Chipping/Market,1
"chromium steel removed by milling, large parts",kilogram,transformation,processing/Metals/Chipping/Transformation,2
"chromium steel removed by milling, small parts",kilogram,market,processing/Metals/Chipping/Market,1
"chromium steel removed by milling, small parts",kilogram,transformation,processing/Metals/Chipping/Transformation,2
"chromium steel removed by turning, average, computer numerical controlled",kilogram,market,processing/Metals/Chipping/Market,1
"chromium steel removed by turning, average, computer numerical controlled",kilogram,transformation,processing/Metals/Chipping/Transformation,2
"chromium steel removed by turning, average, conventional",kilogram,market,processing/Metals/Chipping/Market,1
"chromium steel removed by turning, average, conventional",kilogram,transformation,processing/Metals/Chipping/Transformation,2
"chromium steel removed by turning, primarily dressing, computer numerical controlled",kilogram,market,processing/Metals/Chipping/Market,1
"chromium steel removed by turning, primarily dressing, computer numerical controlled",kilogram,transformation,processing/Metals/Chipping/Transformation,2
"chromium steel removed by turning, primarily dressing, conventional",kilogram,market,processing/Metals/Chipping/Market,1
"chromium steel removed by turning, primarily dressing, conventional",kilogram,transformation,processing/Metals/Chipping/Transformation,2
"chromium steel removed by turning, primarily roughing, computer numerical controlled",kilogram,market,processing/Metals/Chipping/Market,1
"chromium steel removed by turning, primarily roughing, computer numerical controlled",kilogram,transformation,processing/Metals/Chipping/Transformation,2
"chromium steel removed by turning, primarily roughing, conventional",kilogram,market,processing/Metals/Chipping/Market,1
"chromium steel removed by turning, primarily roughing, conventional",kilogram,transformation,processing/Metals/Chipping/Transformation,2
citric acid,kilogram,market,material/Chemicals/Acids (organic)/Market,1
citric acid,kilogram,transformation,material/Chemicals/Acids (organic)/Transformation,4
citrus,kilogram,market,material/Others/Obsolete,1
citrus,kilogram,transformation,material/Others/Obsolete,1
"cladding, crossbar-pole, aluminium",square meter,market,material/Construction/Cladding/Market,1
"cladding, crossbar-pole, aluminium",square meter,transformation,material/Construction/Cladding/Transformation,2
clay,kilogram,market,material/Minerals/Market,2
clay,kilogram,market,material/Others/Obsolete,1
clay,kilogram,transformation,material/Minerals/Transformation,2
clay brick,kilogram,market,material/Construction/Bricks/Market,1
clay brick,kilogram,transformation,material/Construction/Bricks/Transformation,2
clay pit infrastructure,unit,market,material/Minerals/Market/Infrastructure,1
clay pit infrastructure,unit,transformation,material/Minerals/Transformation/Infrastructure,2
clay plaster,kilogram,market,material/Construction/Coverings/Market,1
clay plaster,kilogram,transformation,material/Construction/Coverings/Transformation,3
"cleaning consumables, without water, in 13.6% solution state",kilogram,market,material/Chemicals/Others/Market,1
"cleaning consumables, without water, in 13.6% solution state",kilogram,transformation,material/Chemicals/Others/Transformation,1
"cleft timber, measured as dry mass",kilogram,market,material/Others/Obsolete,1
"cleft timber, measured as dry mass",kilogram,market,material/Wood/Extraction/Market,4
"cleft timber, measured as dry mass",kilogram,transformation,material/Others/Obsolete,2
"cleft timber, measured as dry mass",kilogram,transformation,material/Wood/Extraction/Transformation,20
clefting of energy wood,hour,market,processing/Wood/Market,1
clefting of energy wood,hour,transformation,processing/Wood/Transformation,2
clinker,kilogram,market,material/Chemicals/Inorganic/Market,8
clinker,kilogram,market,material/Others/Obsolete,1
clinker,kilogram,transformation,material/Chemicals/Inorganic/Transformation,10
"clover seed, Swiss integrated production, at farm",kilogram,market,material/Agricultural/Plant seeds/Market,1
"clover seed, Swiss integrated production, at farm",kilogram,transformation,material/Agricultural/Plant seeds/Transformation,1
"clover seed, Swiss integrated production, at farm",kilogram,transformation,material/Others/Obsolete,1
"clover seed, Swiss integrated production, for sowing",kilogram,market,material/Agricultural/Plant seeds/Market,1
"clover seed, Swiss integrated production, for sowing",kilogram,transformation,material/Agricultural/Plant seeds/Transformation,1
"clover seed, Swiss integrated production, for sowing",kilogram,transformation,material/Others/Obsolete,1
coal gas,megajoule,market,material/Fuels/Coal/Market,1
coal gas,megajoule,market,waste treatment/Others/Obsolete,1
coal gas,megajoule,transformation,material/Fuels/Coal/Transformation,2
coal slurry,kilogram,market,waste treatment/Others/Market,1
coal slurry,kilogram,transformation,waste treatment/Others/Transformation,1
"coal stove, 5-15kW",unit,market,energy/Heat/Coal/Market/Infrastructure,1
"coal stove, 5-15kW",unit,transformation,energy/Heat/Coal/Transformation/Infrastructure,2
coal tar,kilogram,market,material/Fuels/Coal/Market,1
coal tar,kilogram,market,waste treatment/Others/Obsolete,1
coal tar,kilogram,transformation,material/Fuels/Coal/Market,1
coal tar,kilogram,transformation,material/Fuels/Coal/Transformation,2
coal tar,kilogram,transformation,waste treatment/Others/Obsolete,1
coating from waste cathode ray tube display,kilogram,market,waste treatment/Electronics waste/Market,2
coating from waste cathode ray tube display,kilogram,transformation,waste treatment/Electronics waste/Transformation,1
coating from waste cathode ray tube display,kilogram,transformation,waste treatment/Incineration/Municipal incineration/Transformation,2
coating powder,kilogram,market,material/Chemicals/Others/Market,2
coating powder,kilogram,market,material/Others/Obsolete,1
coating powder,kilogram,transformation,material/Chemicals/Others/Transformation,2
"coating, with melamine impregnated paper",square meter,market,processing/Others/Market,1
"coating, with melamine impregnated paper",square meter,transformation,processing/Others/Transformation,2
cobalt,kilogram,market,material/Metals/Non ferro/Market,1
cobalt,kilogram,transformation,material/Metals/Non ferro/Transformation,4
cobalt acetate,kilogram,market,material/Chemicals/Organic/Market,1
cobalt acetate,kilogram,transformation,material/Chemicals/Organic/Transformation,1
cobalt carbonate,kilogram,market,material/Chemicals/Inorganic/Market,1
cobalt carbonate,kilogram,transformation,material/Chemicals/Inorganic/Transformation,1
cobalt hydroxide,kilogram,market,material/Chemicals/Inorganic/Market,1
cobalt hydroxide,kilogram,transformation,material/Chemicals/Inorganic/Transformation,1
cobalt oxide,kilogram,market,material/Chemicals/Inorganic/Market,1
cobalt oxide,kilogram,transformation,material/Chemicals/Inorganic/Transformation,1
cobalt sulfate,kilogram,market,material/Chemicals/Inorganic/Market,2
cobalt sulfate,kilogram,transformation,material/Chemicals/Inorganic/Transformation,2
cobwork,kilogram,market,material/Construction/Coverings/Market,1
cobwork,kilogram,transformation,material/Construction/Coverings/Transformation,2
cocamide diethanolamine,kilogram,market,material/Chemicals/Organic/Market,1
cocamide diethanolamine,kilogram,transformation,material/Chemicals/Inorganic/Transformation,2
cocoa bean,kilogram,market,material/Agricultural/Plant production/Fruits/Market,1
cocoa bean,kilogram,transformation,material/Agricultural/Plant production/Fruits/Transformation,4
coconut husk,kilogram,market,material/Agricultural/Intermediate products/Market,1
coconut husk,kilogram,transformation,material/Agricultural/Intermediate products/Transformation,1
"coconut oil, crude",kilogram,market,material/Agricultural/Plant oils/Market,1
"coconut oil, crude",kilogram,transformation,material/Agricultural/Plant oils/Transformation,2
"coconut, dehusked",kilogram,market,material/Agricultural/Food/Market,1
"coconut, dehusked",kilogram,transformation,material/Agricultural/Food/Transformation,4
"coconut, husked",kilogram,market,material/Others/Obsolete,1
"coconut, husked",kilogram,transformation,material/Others/Obsolete,2
cocoons,kilogram,market,material/Agricultural/Intermediate products/Market,2
cocoons,kilogram,transformation,material/Agricultural/Intermediate products/Transformation,2
coffee maker,unit,market,material/Appliances/Market/Infrastructure,1
coffee maker,unit,transformation,material/Appliances/Transformation/Infrastructure,1
"coffee, green bean",kilogram,market,material/Agricultural/Plant production/Fruits/Market,1
"coffee, green bean",kilogram,transformation,material/Agricultural/Plant production/Fruits/Transformation,15
"coffee, green bean",kilogram,transformation,material/Others/Obsolete,1
coke,megajoule,market,material/Fuels/Coal/Market,1
coke,megajoule,transformation,material/Fuels/Coal/Market,1
coke,megajoule,transformation,material/Fuels/Coal/Transformation,2
"collector field area, solar thermal parabolic trough, 50 MW",unit,market,energy/Heat/Solar/Market/Infrastructure,1
"collector field area, solar thermal parabolic trough, 50 MW",unit,transformation,energy/Heat/Solar/Transformation/Infrastructure,2
"collector field area, solar tower power plant, 20 MW",unit,market,energy/Heat/Solar/Market/Infrastructure,1
"collector field area, solar tower power plant, 20 MW",unit,transformation,energy/Heat/Solar/Transformation/Infrastructure,2
combine harvesting,hectare,market,processing/Agricultural/Market,1
combine harvesting,hectare,transformation,processing/Agricultural/Transformation,6
compact fluorescent lamp,unit,market,material/Electronics/Component/Market,1
compact fluorescent lamp,unit,transformation,material/Electronics/Component/Transformation,1
compost,kilogram,market,processing/Waste/Market,1
compost,kilogram,transformation,material/Chemicals/Fertilisers (organic)/Transformation,6
compost,kilogram,transformation,waste treatment/Others/Obsolete,6
"composting facility, open",unit,market,processing/Waste/Market/Infrastructure,1
"composting facility, open",unit,transformation,processing/Waste/Transformation/Infrastructure,2
"compressed air energy storage plant, 200 MW electrical",unit,market,processing/Compressed air/Market/Infrastructure,1
"compressed air energy storage plant, 200 MW electrical",unit,transformation,processing/Compressed air/Transformation/Infrastructure,2
"compressed air energy storage plant, adiabatic, 150 MW electrical",unit,market,processing/Compressed air/Market/Infrastructure,1
"compressed air energy storage plant, adiabatic, 150 MW electrical",unit,transformation,processing/Compressed air/Transformation/Infrastructure,2
"compressed air, 1000 kPa gauge",cubic meter,market,processing/Compressed air/Market,2
"compressed air, 1000 kPa gauge",cubic meter,market,processing/Others/Obsolete,1
"compressed air, 1000 kPa gauge",cubic meter,transformation,processing/Compressed air/Transformation,4
"compressed air, 1200 kPa gauge",cubic meter,market,processing/Compressed air/Market,2
"compressed air, 1200 kPa gauge",cubic meter,market,processing/Others/Obsolete,1
"compressed air, 1200 kPa gauge",cubic meter,transformation,processing/Compressed air/Transformation,4
"compressed air, 600 kPa gauge",cubic meter,market,processing/Compressed air/Market,2
"compressed air, 600 kPa gauge",cubic meter,market,processing/Others/Obsolete,1
"compressed air, 600 kPa gauge",cubic meter,transformation,processing/Compressed air/Transformation,6
"compressed air, 700 kPa gauge",cubic meter,market,processing/Compressed air/Market,2
"compressed air, 700 kPa gauge",cubic meter,market,processing/Others/Obsolete,1
"compressed air, 700 kPa gauge",cubic meter,transformation,processing/Compressed air/Transformation,6
"compressed air, 800 kPa gauge",cubic meter,market,processing/Compressed air/Market,2
"compressed air, 800 kPa gauge",cubic meter,market,processing/Others/Obsolete,1
"compressed air, 800 kPa gauge",cubic meter,transformation,processing/Compressed air/Transformation,10
"computer, desktop, without screen",unit,market,material/Electronics/Devices/Market,1
"computer, desktop, without screen",unit,transformation,material/Electronics/Devices/Transformation,1
"computer, laptop",unit,market,material/Electronics/Devices/Market,1
"computer, laptop",unit,transformation,material/Electronics/Devices/Transformation,1
"concentrated solar power plant, solar thermal parabolic trough, 50 MW",unit,market,energy/Heat/Solar/Market/Infrastructure,1
"concentrated solar power plant, solar thermal parabolic trough, 50 MW",unit,transformation,energy/Electricity by fuel/Photovoltaic/Transformation/Infrastructure,2
"concentrated solar power plant, solar tower, 20 MW",unit,market,energy/Heat/Solar/Market/Infrastructure,1
"concentrated solar power plant, solar tower, 20 MW",unit,transformation,energy/Heat/Solar/Transformation/Infrastructure,2
concrete block,kilogram,market,material/Construction/Concrete/Market,3
concrete block,kilogram,market,material/Others/Obsolete,1
concrete block,kilogram,transformation,material/Construction/Concrete/Transformation,3
concrete mixing factory,unit,market,material/Construction/Concrete/Market/Infrastructure,1
concrete mixing factory,unit,transformation,material/Construction/Concrete/Transformation/Infrastructure,2
concrete roof tile,kilogram,market,material/Construction/Concrete/Market,1
concrete roof tile,kilogram,transformation,material/Construction/Concrete/Transformation,2
concrete slab,cubic meter,market,material/Construction/Concrete/Market,2
concrete slab,cubic meter,transformation,material/Construction/Concrete/Transformation,2
"concrete, 20MPa",cubic meter,market,material/Construction/Concrete/Market,5
"concrete, 20MPa",cubic meter,market,material/Others/Obsolete,1
"concrete, 20MPa",cubic meter,transformation,material/Construction/Concrete/Transformation,13
"concrete, 20MPa",cubic meter,transformation,material/Others/Obsolete,8
"concrete, 25-30MPa",cubic meter,market,material/Construction/Concrete/Market,1
"concrete, 25-30MPa",cubic meter,market,material/Others/Obsolete,1
"concrete, 25-30MPa",cubic meter,transformation,material/Construction/Concrete/Transformation,1
"concrete, 25-30MPa",cubic meter,transformation,material/Others/Obsolete,1
"concrete, 25MPa",cubic meter,market,material/Construction/Concrete/Market,6
"concrete, 25MPa",cubic meter,market,material/Others/Obsolete,1
"concrete, 25MPa",cubic meter,transformation,material/Construction/Concrete/Transformation,17
"concrete, 25MPa",cubic meter,transformation,material/Others/Obsolete,4
"concrete, 30-32MPa",cubic meter,market,material/Construction/Concrete/Market,1
"concrete, 30-32MPa",cubic meter,market,material/Others/Obsolete,2
"concrete, 30-32MPa",cubic meter,transformation,material/Construction/Concrete/Transformation,2
"concrete, 30-32MPa",cubic meter,transformation,material/Others/Obsolete,1
"concrete, 30MPa",cubic meter,market,material/Construction/Concrete/Market,5
"concrete, 30MPa",cubic meter,transformation,material/Construction/Concrete/Transformation,17
"concrete, 30MPa",cubic meter,transformation,material/Others/Obsolete,5
"concrete, 35MPa",cubic meter,market,material/Construction/Concrete/Market,4
"concrete, 35MPa",cubic meter,market,material/Others/Obsolete,1
"concrete, 35MPa",cubic meter,transformation,material/Construction/Concrete/Transformation,10
"concrete, 35MPa",cubic meter,transformation,material/Others/Obsolete,1
"concrete, 37MPa",cubic meter,market,material/Construction/Concrete/Market,1
"concrete, 37MPa",cubic meter,transformation,material/Construction/Concrete/Transformation,6
"concrete, 40MPa",cubic meter,market,material/Construction/Concrete/Market,5
"concrete, 40MPa",cubic meter,transformation,material/Construction/Concrete/Transformation,13
"concrete, 40MPa",cubic meter,transformation,material/Others/Obsolete,3
"concrete, 45MPa",cubic meter,market,material/Construction/Concrete/Market,2
"concrete, 45MPa",cubic meter,transformation,material/Construction/Concrete/Transformation,2
"concrete, 45MPa",cubic meter,transformation,material/Others/Obsolete,1
"concrete, 50MPa",cubic meter,market,material/Construction/Concrete/Market,3
"concrete, 50MPa",cubic meter,market,material/Others/Obsolete,1
"concrete, 50MPa",cubic meter,transformation,material/Construction/Concrete/Transformation,5
"concrete, for de-icing salt contact",cubic meter,market,material/Others/Obsolete,2
"concrete, for de-icing salt contact",cubic meter,transformation,material/Others/Obsolete,5
"concrete, high exacting requirements",cubic meter,market,material/Others/Obsolete,2
"concrete, high exacting requirements",cubic meter,transformation,material/Others/Obsolete,4
"concrete, medium strength",cubic meter,market,material/Construction/Concrete/Market,7
"concrete, medium strength",cubic meter,transformation,material/Construction/Concrete/Market,6
"concrete, normal",cubic meter,market,material/Others/Obsolete,1
"concrete, normal",cubic meter,transformation,material/Others/Obsolete,4
"concrete, normal strength",cubic meter,market,material/Construction/Concrete/Market,10
"concrete, normal strength",cubic meter,transformation,material/Construction/Concrete/Transformation,9
"concrete, sole plate and foundation",cubic meter,market,material/Others/Obsolete,2
"concrete, sole plate and foundation",cubic meter,transformation,material/Others/Obsolete,5
condensate from light oil boiler,cubic meter,market,waste treatment/Others/Market,2
condensate from light oil boiler,cubic meter,market,waste treatment/Others/Obsolete,1
condensate from light oil boiler,cubic meter,transformation,waste treatment/Wastewater treatment/Transformation,2
conditioned spent nuclear fuel,cubic meter,market,waste treatment/Nuclear waste/Market,3
conditioned spent nuclear fuel,cubic meter,market,waste treatment/Others/Obsolete,1
conditioned spent nuclear fuel,cubic meter,transformation,waste treatment/Nuclear waste/Transformation,3
"construction work, heat and power co-generation unit, 160kW electrical",unit,market,energy/Cogeneration/Gas/Market/Infrastructure,1
"construction work, heat and power co-generation unit, 160kW electrical",unit,transformation,energy/Cogeneration/Gas/Transformation/Infrastructure,2
"consumer electronics, mobile device, smartphone",unit,market,material/Electronics/Devices/Market,1
"consumer electronics, mobile device, smartphone",unit,transformation,material/Electronics/Devices/Transformation,1
"consumer electronics, mobile device, tablet",unit,market,material/Electronics/Devices/Market,1
"consumer electronics, mobile device, tablet",unit,transformation,material/Electronics/Devices/Transformation,1
container ship,unit,market,transport/Water/Market/Infrastructure,1
container ship,unit,transformation,transport/Water/Transformation/Infrastructure,1
"container, for collection of post-consumer waste plastic for recycling",unit,market,material/Plastics/Recycling/Market/Infrastructure,4
"container, for collection of post-consumer waste plastic for recycling",unit,transformation,material/Plastics/Recycling/Transformation/Infrastructure,4
"containerboard, fluting medium",kilogram,market,material/Paper+ Board/Board/Market,3
"containerboard, fluting medium",kilogram,transformation,material/Paper+ Board/Board/Transformation,5
"containerboard, linerboard",kilogram,market,material/Paper+ Board/Board/Market,3
"containerboard, linerboard",kilogram,transformation,material/Paper+ Board/Board/Transformation,6
"containerboard, unspecified",kilogram,market,material/Paper+ Board/Board/Market,1
"containerboard, unspecified",kilogram,transformation,material/Paper+ Board/Board/Transformation,1
"continuous dyeing, fibre, cotton",kilogram,market,processing/Textiles/Market,1
"continuous dyeing, fibre, cotton",kilogram,transformation,processing/Textiles/Transformation,1
"contouring, brass",kilogram,market,processing/Metals/Chipless shaping/Market,1
"contouring, brass",kilogram,transformation,processing/Metals/Chipless shaping/Transformation,3
"contouring, bronze",kilogram,market,processing/Metals/Chipless shaping/Market,1
"contouring, bronze",kilogram,transformation,processing/Metals/Chipless shaping/Transformation,3
"control cabinet, heat and power co-generation unit, 160kW electrical",unit,market,energy/Cogeneration/Gas/Market/Infrastructure,1
"control cabinet, heat and power co-generation unit, 160kW electrical",unit,transformation,energy/Cogeneration/Gas/Transformation/Infrastructure,2
"controller, for electric scooter",kilogram,market,material/Electronics/Component/Market,1
"controller, for electric scooter",kilogram,transformation,material/Electronics/Component/Transformation,1
"converter, for electric passenger car",kilogram,market,material/Electronics/Component/Market,1
"converter, for electric passenger car",kilogram,transformation,material/Electronics/Component/Transformation,1
conveyor belt,meter,market,transport/Building equipment/Market/Infrastructure,1
conveyor belt,meter,transformation,transport/Building equipment/Transformation/Infrastructure,2
cookstove,unit,market,material/Appliances/Market/Infrastructure,1
cookstove,unit,transformation,material/Appliances/Transformation/Infrastructure,1
cooling energy,megajoule,market,energy/Cogeneration/Gas/Market,1
cooling energy,megajoule,transformation,energy/Cogeneration/Gas/Transformation,2
copper,kilogram,market,material/Others/Obsolete,1
copper,kilogram,transformation,material/Others/Obsolete,9
copper cake,kilogram,market,material/Metals/Non ferro/Market,1
copper cake,kilogram,market,waste treatment/Others/Obsolete,1
copper cake,kilogram,transformation,material/Metals/Non ferro/Transformation,3
copper carbonate,kilogram,market,material/Chemicals/Inorganic/Market,1
copper carbonate,kilogram,transformation,material/Chemicals/Inorganic/Transformation,2
"copper collector foil, for Li-ion battery",kilogram,market,material/Electronics/Battery/Market,1
"copper collector foil, for Li-ion battery",kilogram,transformation,material/Electronics/Battery/Transformation,1
"copper concentrate, sulfide ore",kilogram,market,material/Minerals/Market,1
"copper concentrate, sulfide ore",kilogram,transformation,material/Minerals/Transformation,16
"copper concentrate, sulfide ore",kilogram,transformation,material/Others/Obsolete,4
copper in car shredder residue,kilogram,market,waste treatment/Metals/Market,2
copper in car shredder residue,kilogram,market,waste treatment/Others/Obsolete,1
copper in car shredder residue,kilogram,transformation,waste treatment/Metals/Transformation,3
copper oxide,kilogram,market,material/Chemicals/Inorganic/Market,1
copper oxide,kilogram,transformation,material/Chemicals/Inorganic/Transformation,2
"copper scrap, sorted, pressed",kilogram,market,material/Metals/Waste metals/Market,1
"copper scrap, sorted, pressed",kilogram,market,waste treatment/Others/Obsolete,1
"copper scrap, sorted, pressed",kilogram,transformation,material/Metals/Non ferro/Transformation,1
copper slag,kilogram,market,waste treatment/Others/Market,1
copper slag,kilogram,transformation,waste treatment/Landfill/Residual material landfill/Transformation,1
copper smelting facility,unit,market,material/Metals/Non ferro/Market/Infrastructure,1
copper smelting facility,unit,transformation,material/Metals/Non ferro/Transformation/Infrastructure,2
copper sulfate,kilogram,market,material/Chemicals/Inorganic/Market,1
copper sulfate,kilogram,transformation,material/Chemicals/Inorganic/Transformation,2
copper telluride cement,kilogram,market,material/Metals/Non ferro/Market,1
copper telluride cement,kilogram,transformation,material/Metals/Non ferro/Transformation,1
"copper, anode",kilogram,market,material/Metals/Non ferro/Market,1
"copper, anode",kilogram,transformation,material/Metals/Non ferro/Transformation,7
"copper, blister-copper",kilogram,transformation,material/Others/Obsolete,2
"copper, cathode",kilogram,market,material/Metals/Non ferro/Market,1
"copper, cathode",kilogram,transformation,material/Metals/Non ferro/Transformation,19
"copper, from solvent-extraction electro-winning",kilogram,market,material/Others/Obsolete,1
copper-rich materials,kilogram,market,material/Metals/Non ferro/Market,1
copper-rich materials,kilogram,transformation,material/Metals/Non ferro/Market,2
core board,kilogram,market,material/Paper+ Board/Board/Market,1
core board,kilogram,transformation,material/Paper+ Board/Board/Transformation,3
core board (waste treatment),kilogram,transformation,waste treatment/Recycling/Transformation,1
coriander,kilogram,market,material/Agricultural/Plant production/Vegetables/Transformation,1
coriander,kilogram,transformation,material/Agricultural/Plant production/Vegetables/Transformation,2
cork slab,kilogram,market,material/Construction/Insulation/Market,2
cork slab,kilogram,market,material/Others/Obsolete,1
cork slab,kilogram,transformation,material/Construction/Insulation/Transformation,2
"cork, raw",kilogram,market,material/Others/Obsolete,1
"cork, raw",kilogram,market,material/Wood/Extraction/Market,2
"cork, raw",kilogram,transformation,material/Others/Obsolete,1
"cork, raw",kilogram,transformation,material/Wood/Extraction/Transformation,2
corrugated board box,kilogram,market,material/Others/Obsolete,1
corrugated board box,kilogram,market,material/Paper+ Board/Corrugated board/Market,4
corrugated board box,kilogram,transformation,material/Paper+ Board/Corrugated board/Transformation,4
cotton fibre,kilogram,transformation,material/Others/Obsolete,3
cotton seed,kilogram,market,material/Others/Obsolete,1
cotton seed,kilogram,transformation,material/Others/Obsolete,3
cottonseed,kilogram,market,material/Agricultural/Plant seeds/Market,3
cottonseed,kilogram,transformation,material/Agricultural/Plant seeds/Transformation,3
cottonseed meal,kilogram,market,material/Agricultural/Animal feed/Market,1
cottonseed meal,kilogram,transformation,material/Agricultural/Animal feed/Transformation,2
cottonseed meal,kilogram,transformation,material/Others/Obsolete,1
"cottonseed oil, crude",kilogram,market,material/Agricultural/Plant oils/Market,1
"cottonseed oil, crude",kilogram,transformation,material/Agricultural/Plant oils/Transformation,2
"cottonseed oil, crude",kilogram,transformation,material/Others/Obsolete,1
"cottonseed oil, refined",kilogram,market,material/Agricultural/Plant oils/Market,1
"cottonseed oil, refined",kilogram,transformation,material/Agricultural/Plant oils/Transformation,2
"cottonseed, for sowing",kilogram,market,material/Agricultural/Plant seeds/Market,1
"cottonseed, for sowing",kilogram,transformation,material/Agricultural/Plant seeds/Transformation,2
"cottonseed, organic",kilogram,market,material/Agricultural/Plant seeds/Market,2
"cottonseed, organic",kilogram,transformation,material/Agricultural/Plant seeds/Transformation,2
"cottonseed, organic, for sowing",kilogram,market,material/Agricultural/Plant seeds/Market,1
"cottonseed, organic, for sowing",kilogram,transformation,material/Agricultural/Plant seeds/Transformation,2
"cover plaster, mineral",kilogram,market,material/Construction/Coverings/Market,1
"cover plaster, mineral",kilogram,transformation,material/Construction/Coverings/Transformation,2
"cover plaster, organic",kilogram,market,material/Construction/Coverings/Market,1
"cover plaster, organic",kilogram,transformation,material/Construction/Coverings/Transformation,2
cow milk,kilogram,market,material/Agricultural/Food/Market,1
cow milk,kilogram,transformation,material/Agricultural/Food/Transformation,3
"cream, from cow milk",kilogram,market,material/Agricultural/Food/Market,1
"cream, from cow milk",kilogram,transformation,material/Agricultural/Food/Transformation,2
cross-laminated timber,cubic meter,market,material/Wood/Products/Market,2
cross-laminated timber,cubic meter,transformation,material/Wood/Products/Transformation,2
crust from Parkes process for lead production,kilogram,market,material/Metals/Non ferro/Market,1
crust from Parkes process for lead production,kilogram,market,waste treatment/Others/Obsolete,1
crust from Parkes process for lead production,kilogram,transformation,material/Metals/Non ferro/Transformation,1
cryolite,kilogram,market,material/Chemicals/Inorganic/Market,1
cryolite,kilogram,transformation,material/Chemicals/Inorganic/Transformation,3
cucumber,kilogram,market,material/Agricultural/Plant production/Vegetables/Market,1
cucumber,kilogram,transformation,material/Agricultural/Plant production/Vegetables/Transformation,1
cumene,kilogram,market,material/Chemicals/Organic/Market,1
cumene,kilogram,transformation,material/Chemicals/Organic/Transformation,2
curb side collection (waste scenario),kilogram,transformation,waste scenario/Others/Obsolete,3
cyanoacetic acid,kilogram,market,material/Chemicals/Acids (organic)/Market,2
cyanoacetic acid,kilogram,market,material/Others/Obsolete,1
cyanoacetic acid,kilogram,transformation,material/Chemicals/Acids (organic)/Transformation,2
cyanogen chloride,kilogram,market,material/Chemicals/Inorganic/Market,1
cyanogen chloride,kilogram,transformation,material/Chemicals/Inorganic/Transformation,2
cyanuric chloride,kilogram,market,material/Chemicals/Organic/Market,1
cyanuric chloride,kilogram,transformation,material/Chemicals/Organic/Transformation,1
cyclic N-compound,kilogram,market,material/Chemicals/Pesticides/Market,1
cyclic N-compound,kilogram,transformation,material/Chemicals/Pesticides/Transformation,2
cyclohexane,kilogram,market,material/Chemicals/Organic/Market,1
cyclohexane,kilogram,transformation,material/Chemicals/Organic/Transformation,2
cyclohexanol,kilogram,market,material/Chemicals/Organic/Market,2
cyclohexanol,kilogram,market,material/Others/Obsolete,1
cyclohexanol,kilogram,transformation,material/Chemicals/Organic/Transformation,2
cyclohexanone,kilogram,market,material/Chemicals/Organic/Market,2
cyclohexanone,kilogram,market,material/Others/Obsolete,1
cyclohexanone,kilogram,transformation,material/Chemicals/Organic/Transformation,2
dairy,cubic meter,market,material/Agricultural/Food/Market/Infrastructure,1
dairy,cubic meter,transformation,material/Agricultural/Food/Transformation/Infrastructure,1
daminozide,kilogram,market,material/Chemicals/Organic/Market,1
daminozide,kilogram,transformation,material/Chemicals/Organic/Transformation,1
de-icer,kilogram,market,material/Chemicals/Others/Market,1
de-icer,kilogram,transformation,material/Chemicals/Inorganic/Market,1
de-icer,kilogram,transformation,material/Chemicals/Others/Market,2
de-icer,kilogram,transformation,material/Others/Obsolete,1
decabromodiphenyl ether,kilogram,market,material/Chemicals/Organic/Market,1
decabromodiphenyl ether,kilogram,transformation,material/Chemicals/Organic/Transformation,2
decarbonising waste,kilogram,market,waste treatment/Others/Market,2
decarbonising waste,kilogram,market,waste treatment/Others/Obsolete,1
decarbonising waste,kilogram,transformation,waste treatment/Landfill/Residual material landfill/Transformation,2
"decommissioned airport infrastructure, contaminated gravel",unit,market,waste treatment/Construction waste/Market,1
"decommissioned airport infrastructure, contaminated gravel",unit,transformation,waste treatment/Construction waste/Transformation,2
decommissioned chemical production facilities,kilogram,market,waste treatment/Construction waste/Market,1
decommissioned chemical production facilities,kilogram,transformation,waste treatment/Construction waste/Transformation,2
"decommissioned pipeline, natural gas",kilogram,market,waste treatment/Others/Obsolete,1
"decommissioned pipeline, natural gas",kilogram,market,waste treatment/Transport/Market,2
"decommissioned pipeline, natural gas",kilogram,transformation,waste treatment/Landfill/Inert material landfill/Transformation,2
decommissioned road,meter-year,market,waste treatment/Transport/Market,1
decommissioned road,meter-year,transformation,waste treatment/Transport/Transformation,2
decommissioned tram track,meter-year,market,waste treatment/Others/Obsolete,1
decommissioned tram track,meter-year,market,waste treatment/Transport/Market,2
decommissioned tram track,meter-year,transformation,waste treatment/Transport/Transformation,2
"deep drawing, steel, 10000 kN press, automode",kilogram,market,processing/Metals/Chipless shaping/Market,1
"deep drawing, steel, 10000 kN press, automode",kilogram,transformation,processing/Metals/Chipless shaping/Transformation,2
"deep drawing, steel, 10000 kN press, single stroke",kilogram,market,processing/Metals/Chipless shaping/Market,1
"deep drawing, steel, 10000 kN press, single stroke",kilogram,transformation,processing/Metals/Chipless shaping/Transformation,2
"deep drawing, steel, 3500 kN press, automode",kilogram,market,processing/Metals/Chipless shaping/Market,1
"deep drawing, steel, 3500 kN press, automode",kilogram,transformation,processing/Metals/Chipless shaping/Transformation,2
"deep drawing, steel, 3500 kN press, single stroke",kilogram,market,processing/Metals/Chipless shaping/Market,1
"deep drawing, steel, 3500 kN press, single stroke",kilogram,transformation,processing/Metals/Chipless shaping/Transformation,2
"deep drawing, steel, 38000 kN press, automode",kilogram,market,processing/Metals/Chipless shaping/Market,1
"deep drawing, steel, 38000 kN press, automode",kilogram,transformation,processing/Metals/Chipless shaping/Transformation,2
"deep drawing, steel, 38000 kN press, single stroke",kilogram,market,processing/Metals/Chipless shaping/Market,1
"deep drawing, steel, 38000 kN press, single stroke",kilogram,transformation,processing/Metals/Chipless shaping/Transformation,2
"deep drawing, steel, 650 kN press, automode",kilogram,market,processing/Metals/Chipless shaping/Market,1
"deep drawing, steel, 650 kN press, automode",kilogram,transformation,processing/Metals/Chipless shaping/Transformation,2
"deep drawing, steel, 650 kN press, single stroke",kilogram,market,processing/Metals/Chipless shaping/Market,1
"deep drawing, steel, 650 kN press, single stroke",kilogram,transformation,processing/Metals/Chipless shaping/Transformation,2
deep well closure,meter,market,energy/Electricity by fuel/Geothermal/Market/Infrastructure,1
deep well closure,meter,transformation,energy/Electricity by fuel/Geothermal/Transformation/Infrastructure,1
"deep well, drilled, for geothermal power",meter,market,energy/Electricity by fuel/Geothermal/Market/Infrastructure,1
"deep well, drilled, for geothermal power",meter,transformation,energy/Electricity by fuel/Geothermal/Transformation/Infrastructure,21
"deep well, for geothermal power, onshore, 6000m",meter,market,energy/Electricity by fuel/Geothermal/Market/Infrastructure,1
"deep well, for geothermal power, onshore, 6000m",meter,transformation,energy/Electricity by fuel/Geothermal/Transformation/Infrastructure,1
"degreasing, metal part in alkaline bath",square meter,market,processing/Metals/Metal working/Market,1
"degreasing, metal part in alkaline bath",square meter,transformation,processing/Metals/Metal working/Transformation,2
"deinked pulp, wet lap",kilogram,market,material/Chemicals/Others/Market,1
"deinked pulp, wet lap",kilogram,transformation,material/Chemicals/Others/Transformation,2
"deinking emulsion, in paper production",kilogram,market,material/Chemicals/Others/Market,2
"deinking emulsion, in paper production",kilogram,market,material/Others/Obsolete,1
"deinking emulsion, in paper production",kilogram,transformation,material/Chemicals/Others/Transformation,2
"delimbing/sorting, excavator-based processor",hour,market,processing/Wood/Market,1
"delimbing/sorting, excavator-based processor",hour,transformation,processing/Wood/Transformation,2
"demersal fish, fresh",kilogram,market,material/Agricultural/Animal production/Fish/Market,1
"demersal fish, fresh",kilogram,transformation,material/Agricultural/Animal production/Fish/Transformation,6
diammonium phosphate,kilogram,market,material/Chemicals/Fertilisers (inorganic)/Market,4
diammonium phosphate,kilogram,transformation,material/Chemicals/Fertilisers (inorganic)/Transformation,4
diazine-compound,kilogram,market,material/Chemicals/Pesticides/Market,1
diazine-compound,kilogram,transformation,material/Chemicals/Pesticides/Transformation,2
diazole-compound,kilogram,market,material/Chemicals/Pesticides/Market,1
diazole-compound,kilogram,transformation,material/Chemicals/Pesticides/Transformation,2
diborane,kilogram,market,material/Chemicals/Inorganic/Market,1
diborane,kilogram,transformation,material/Chemicals/Inorganic/Transformation,1
dichlobenil,kilogram,market,material/Chemicals/Organic/Market,1
dichlobenil,kilogram,transformation,material/Chemicals/Organic/Transformation,1
dichloromethane,kilogram,market,material/Chemicals/Organic/Market,2
dichloromethane,kilogram,market,material/Others/Obsolete,1
dichloromethane,kilogram,transformation,material/Chemicals/Organic/Transformation,2
dichloropropene,kilogram,market,material/Chemicals/Inorganic/Market,1
dichloropropene,kilogram,market,waste treatment/Others/Obsolete,1
dichloropropene,kilogram,transformation,material/Chemicals/Inorganic/Transformation,2
dicyclopentadiene based unsaturated polyester resin,kilogram,market,material/Chemicals/Organic/Market,1
dicyclopentadiene based unsaturated polyester resin,kilogram,transformation,material/Chemicals/Organic/Transformation,2
diesel,kilogram,market,material/Fuels/Oil/Diesel/Market,10
diesel,kilogram,transformation,material/Fuels/Oil/Diesel/Market/Import,5
diesel,kilogram,transformation,material/Fuels/Oil/Diesel/Transformation,8
diesel,kilogram,transformation,material/Others/Obsolete,1
"diesel, burned in agricultural machinery",megajoule,market,energy/Heat/Oil/Market,1
"diesel, burned in agricultural machinery",megajoule,transformation,energy/Mechanical/Transformation,1
"diesel, burned in building machine",megajoule,market,energy/Mechanical/Market,1
"diesel, burned in building machine",megajoule,transformation,energy/Mechanical/Transformation,1
"diesel, burned in diesel-electric generating set",megajoule,market,energy/Others/Obsolete,1
"diesel, burned in diesel-electric generating set",megajoule,transformation,material/Others/Obsolete,1
"diesel, burned in diesel-electric generating set, 10MW",megajoule,market,energy/Mechanical/Market,1
"diesel, burned in diesel-electric generating set, 10MW",megajoule,transformation,energy/Mechanical/Transformation,1
"diesel, burned in diesel-electric generating set, 10MW, for oil and gas extraction",megajoule,market,energy/Mechanical/Market,1
"diesel, burned in diesel-electric generating set, 10MW, for oil and gas extraction",megajoule,transformation,energy/Mechanical/Transformation,1
"diesel, burned in diesel-electric generating set, 18.5kW",megajoule,market,energy/Mechanical/Market,1
"diesel, burned in diesel-electric generating set, 18.5kW",megajoule,transformation,energy/Mechanical/Transformation,1
"diesel, burned in fishing vessel",megajoule,market,energy/Mechanical/Market,1
"diesel, burned in fishing vessel",megajoule,transformation,energy/Mechanical/Transformation,1
"diesel, low-sulfur",kilogram,market,material/Fuels/Oil/Diesel/Market,10
"diesel, low-sulfur",kilogram,transformation,material/Fuels/Oil/Diesel/Market/Import,6
"diesel, low-sulfur",kilogram,transformation,material/Fuels/Oil/Diesel/Transformation,9
"diesel, low-sulfur",kilogram,transformation,material/Others/Obsolete,1
diesel-electric generating set production 10MW,megajoule,market,energy/Others/Obsolete,1
diesel-electric generating set production 10MW,unit,market,energy/Others/Obsolete,1
diesel-electric generating set production 10MW,unit,transformation,energy/Others/Obsolete,2
"diesel-electric generating set, 10MW",unit,market,energy/Mechanical/Market/Infrastructure,1
"diesel-electric generating set, 10MW",unit,transformation,energy/Mechanical/Transformation/Infrastructure,2
"diesel-electric generating set, 10MW",unit,transformation,energy/Others/Obsolete,2
"diesel-electric generating set, 18.5kW",unit,market,energy/Mechanical/Market/Infrastructure,1
"diesel-electric generating set, 18.5kW",unit,transformation,energy/Mechanical/Transformation/Infrastructure,1
diethanolamine,kilogram,market,material/Chemicals/Organic/Market,1
diethanolamine,kilogram,transformation,material/Chemicals/Organic/Transformation,2
"diethyl ether, without water, in 99.95% solution state",kilogram,market,material/Chemicals/Organic/Market,2
"diethyl ether, without water, in 99.95% solution state",kilogram,market,material/Others/Obsolete,1
"diethyl ether, without water, in 99.95% solution state",kilogram,transformation,material/Chemicals/Organic/Transformation,3
diethylene glycol,kilogram,market,material/Chemicals/Organic/Market,1
diethylene glycol,kilogram,transformation,material/Chemicals/Organic/Transformation,2
digester sludge,kilogram,market,material/Chemicals/Organic/Market,1
digester sludge,kilogram,market,waste treatment/Others/Obsolete,1
digester sludge,kilogram,transformation,material/Chemicals/Organic/Transformation,1
dimethenamide,kilogram,market,material/Chemicals/Pesticides/Market,1
dimethenamide,kilogram,transformation,material/Chemicals/Pesticides/Transformation,2
dimethyl carbonate,kilogram,market,material/Chemicals/Organic/Market,1
dimethyl carbonate,kilogram,transformation,material/Chemicals/Organic/Transformation,2
dimethyl ether,kilogram,market,material/Chemicals/Organic/Market,2
dimethyl ether,kilogram,market,material/Others/Obsolete,1
dimethyl ether,kilogram,transformation,material/Chemicals/Organic/Transformation,2
dimethyl hexanediol,kilogram,market,material/Chemicals/Organic/Market,1
dimethyl hexanediol,kilogram,transformation,material/Chemicals/Organic/Transformation,1
dimethyl hexynediol,kilogram,market,material/Chemicals/Organic/Market,1
dimethyl hexynediol,kilogram,transformation,material/Chemicals/Organic/Transformation,1
dimethyl malonate,kilogram,market,material/Chemicals/Organic/Market,1
dimethyl malonate,kilogram,transformation,material/Chemicals/Organic/Transformation,2
dimethyl sulfate,kilogram,market,material/Chemicals/Organic/Market,2
dimethyl sulfate,kilogram,market,material/Others/Obsolete,1
dimethyl sulfate,kilogram,transformation,material/Chemicals/Organic/Transformation,2
dimethyl sulfide,kilogram,market,material/Chemicals/Organic/Market,1
dimethyl sulfide,kilogram,transformation,material/Chemicals/Organic/Transformation,2
dimethyl sulfoxide,kilogram,market,material/Chemicals/Organic/Market,1
dimethyl sulfoxide,kilogram,transformation,material/Chemicals/Organic/Transformation,2
dimethylacetamide,kilogram,market,material/Chemicals/Organic/Market,1
dimethylacetamide,kilogram,transformation,material/Chemicals/Organic/Transformation,1
dimethylamine,kilogram,market,material/Chemicals/Organic/Market,2
dimethylamine,kilogram,market,material/Others/Obsolete,1
dimethylamine,kilogram,transformation,material/Chemicals/Organic/Transformation,2
dimethylamine borane,kilogram,market,material/Chemicals/Organic/Market,1
dimethylamine borane,kilogram,transformation,material/Chemicals/Organic/Transformation,1
dimethylaminopropylamine,kilogram,market,material/Chemicals/Organic/Market,1
dimethylaminopropylamine,kilogram,transformation,material/Chemicals/Organic/Transformation,2
dimethyldichlorosilane,kilogram,market,material/Chemicals/Inorganic/Market,1
dimethyldichlorosilane,kilogram,transformation,material/Chemicals/Inorganic/Transformation,1
dinitroaniline-compound,kilogram,market,material/Chemicals/Pesticides/Market,1
dinitroaniline-compound,kilogram,transformation,material/Chemicals/Pesticides/Transformation,2
dinitrogen tetroxide,kilogram,market,material/Chemicals/Inorganic/Market,1
dinitrogen tetroxide,kilogram,transformation,material/Chemicals/Inorganic/Transformation,1
dioctyl adipate,kilogram,market,material/Chemicals/Organic/Market,1
dioctyl adipate,kilogram,transformation,material/Chemicals/Organic/Transformation,1
dioctyl terephthalate,kilogram,market,material/Chemicals/Organic/Market,1
dioctyl terephthalate,kilogram,transformation,material/Chemicals/Organic/Transformation,1
"diode, auxilliaries and energy use",kilogram,market,material/Electronics/Component/Market,1
"diode, auxilliaries and energy use",kilogram,transformation,material/Electronics/Component/Transformation,1
"diode, glass-, for surface-mounting",kilogram,market,material/Electronics/Component/Market,1
"diode, glass-, for surface-mounting",kilogram,transformation,material/Electronics/Component/Transformation,1
"diode, glass-, for through-hole mounting",kilogram,market,material/Electronics/Component/Market,1
"diode, glass-, for through-hole mounting",kilogram,transformation,material/Electronics/Component/Transformation,1
dioxane,kilogram,market,material/Chemicals/Organic/Market,2
dioxane,kilogram,market,material/Others/Obsolete,1
dioxane,kilogram,transformation,material/Chemicals/Organic/Transformation,2
diphenylether-compound,kilogram,market,material/Chemicals/Pesticides/Market,1
diphenylether-compound,kilogram,transformation,material/Chemicals/Pesticides/Transformation,2
dipropyl amine,kilogram,market,material/Chemicals/Organic/Market,1
dipropyl amine,kilogram,transformation,material/Chemicals/Organic/Transformation,2
dipropylene glycol monomethyl ether,kilogram,market,material/Chemicals/Organic/Market,2
dipropylene glycol monomethyl ether,kilogram,market,material/Others/Obsolete,1
dipropylene glycol monomethyl ether,kilogram,transformation,material/Chemicals/Organic/Transformation,2
dishwasher,unit,market,material/Appliances/Market/Infrastructure,1
dishwasher,unit,transformation,material/Appliances/Transformation/Infrastructure,1
"disk drive, CD/DVD, ROM, for desktop computer",unit,market,material/Electronics/Module/Market,1
"disk drive, CD/DVD, ROM, for desktop computer",unit,transformation,material/Electronics/Module/Transformation,1
"disk drive, CD/DVD, ROM, for laptop computer",unit,market,material/Electronics/Module/Market,1
"disk drive, CD/DVD, ROM, for laptop computer",unit,transformation,material/Electronics/Module/Transformation,1
disodium disulphite,kilogram,market,material/Chemicals/Inorganic/Market,1
disodium disulphite,kilogram,transformation,material/Chemicals/Inorganic/Transformation,1
"display, cathode ray tube, 17 inches",unit,market,material/Electronics/Devices/Market,1
"display, cathode ray tube, 17 inches",unit,transformation,material/Electronics/Devices/Transformation,1
"display, liquid crystal, 17 inches",unit,market,material/Electronics/Devices/Market,1
"display, liquid crystal, 17 inches",unit,transformation,material/Electronics/Devices/Transformation,1
distiller's Dried Grains with Solubles,kilogram,market,material/Agricultural/Animal feed/Market,1
distiller's Dried Grains with Solubles,kilogram,market,waste treatment/Others/Obsolete,1
distiller's Dried Grains with Solubles,kilogram,transformation,material/Agricultural/Animal feed/Transformation,6
"distribution network, electricity, low voltage",kilometer,market,transport/Electricity/Market/Infrastructure,1
"distribution network, electricity, low voltage",kilometer,transformation,transport/Electricity/Transformation/Infrastructure,3
dithiocarbamate-compound,kilogram,market,material/Chemicals/Pesticides/Market,1
dithiocarbamate-compound,kilogram,transformation,material/Chemicals/Pesticides/Transformation,2
dodecanol,kilogram,market,material/Chemicals/Organic/Market,1
dodecanol,kilogram,transformation,material/Chemicals/Organic/Transformation,2
dolomite,kilogram,market,material/Minerals/Market,2
dolomite,kilogram,market,material/Others/Obsolete,1
dolomite,kilogram,transformation,material/Minerals/Transformation,2
dolomite quarry infrastructure,unit,market,material/Minerals/Market/Infrastructure,1
dolomite quarry infrastructure,unit,transformation,material/Minerals/Transformation/Infrastructure,2
"door, inner, glass-wood",square meter,market,material/Construction/Doors/Market,1
"door, inner, glass-wood",square meter,transformation,material/Construction/Doors/Transformation,2
"door, inner, wood",square meter,market,material/Construction/Doors/Market,1
"door, inner, wood",square meter,transformation,material/Construction/Doors/Transformation,2
"door, outer, wood-aluminium",square meter,market,material/Construction/Doors/Market,1
"door, outer, wood-aluminium",square meter,transformation,material/Construction/Doors/Transformation,2
"door, outer, wood-glass",square meter,market,material/Construction/Doors/Market,1
"door, outer, wood-glass",square meter,transformation,material/Construction/Doors/Transformation,2
"drawing of pipe, steel",kilogram,market,processing/Metals/Chipless shaping/Market,1
"drawing of pipe, steel",kilogram,transformation,processing/Metals/Chipless shaping/Transformation,2
"dried roughage store, air dried, solar",cubic meter,market,processing/Agricultural/Market/Infrastructure,1
"dried roughage store, air dried, solar",cubic meter,transformation,processing/Agricultural/Transformation/Infrastructure,2
"dried roughage store, cold-air dried, conventional",cubic meter,market,processing/Agricultural/Market/Infrastructure,1
"dried roughage store, cold-air dried, conventional",cubic meter,transformation,processing/Agricultural/Transformation/Infrastructure,2
"dried roughage store, non ventilated",cubic meter,market,processing/Agricultural/Market/Infrastructure,1
"dried roughage store, non ventilated",cubic meter,transformation,processing/Agricultural/Transformation/Infrastructure,2
drilling waste,kilogram,market,waste treatment/Others/Market,1
drilling waste,kilogram,market,waste treatment/Others/Obsolete,1
drilling waste,kilogram,transformation,waste treatment/Landfarming/Transformation,2
drilling waste,kilogram,transformation,waste treatment/Landfill/Residual material landfill/Transformation,2
dross from Al electrolysis,kilogram,market,waste treatment/Others/Market,1
dross from Al electrolysis,kilogram,transformation,waste treatment/Landfill/Residual material landfill/Transformation,2
dryer,unit,market,material/Appliances/Market/Infrastructure,1
dryer,unit,transformation,material/Appliances/Transformation/Infrastructure,1
"drying of bread grain, seed and legumes",litre,market,processing/Agricultural/Market,1
"drying of bread grain, seed and legumes",litre,transformation,processing/Agricultural/Transformation,2
drying of feed grain,litre,market,processing/Agricultural/Market,1
drying of feed grain,litre,transformation,processing/Agricultural/Transformation,3
drying of grass,litre,market,processing/Agricultural/Market,1
drying of grass,litre,transformation,processing/Agricultural/Transformation,2
drying of lentils,litre,market,processing/Agricultural/Market,1
drying of lentils,litre,transformation,processing/Agricultural/Transformation,3
drying of maize grain,litre,market,processing/Agricultural/Market,1
drying of maize grain,litre,transformation,processing/Agricultural/Transformation,3
drying of maize straw and whole-plant,litre,market,processing/Agricultural/Market,1
drying of maize straw and whole-plant,litre,transformation,processing/Agricultural/Transformation,2
drying of protein pea,litre,market,processing/Agricultural/Market,1
drying of protein pea,litre,transformation,processing/Agricultural/Transformation,4
"drying, natural gas",cubic meter,market,processing/Others/Market,1
"drying, natural gas",cubic meter,transformation,processing/Others/Transformation,2
"DTPA, diethylenetriaminepentaacetic acid",kilogram,market,material/Chemicals/Organic/Market,2
"DTPA, diethylenetriaminepentaacetic acid",kilogram,market,material/Others/Obsolete,1
"DTPA, diethylenetriaminepentaacetic acid",kilogram,transformation,material/Chemicals/Organic/Transformation,2
"dummy process (1kg CO2/kg), use only in PAS2050 wizard",kilogram,transformation,material/Others/Carbon content fossil materials,1
"dummy process, 1  kilo CO2/kg material, use only in PAS2050 wizard",kilogram,transformation,material/Others/Carbon content biogenic materials,1
dummyWasteScenario,kilogram,transformation,waste scenario/Others,1
dummyWasteTreatment,kilogram,transformation,waste treatment/Others,1
dung slab,square meter,market,processing/Agricultural/Market/Infrastructure,1
dung slab,square meter,transformation,processing/Agricultural/Transformation/Infrastructure,2
durable goods (waste scenario),kilogram,transformation,waste scenario/Others/Obsolete,1
"dust collector, electrostatic precipitator, for domestic use",unit,market,material/Construction/Ventilation/Market,1
"dust collector, electrostatic precipitator, for domestic use",unit,transformation,material/Construction/Ventilation/Transformation,2
"dust collector, electrostatic precipitator, for industrial use",unit,market,material/Construction/Ventilation/Market,1
"dust collector, electrostatic precipitator, for industrial use",unit,transformation,material/Construction/Ventilation/Transformation,2
"dust collector, multicyclone",unit,market,material/Construction/Ventilation/Market,1
"dust collector, multicyclone",unit,transformation,material/Construction/Ventilation/Transformation,2
"dust, alloyed electric arc furnace steel",kilogram,market,waste treatment/Others/Obsolete,1
"dust, alloyed electric arc furnace steel",kilogram,transformation,waste treatment/Others/Obsolete,2
"dust, unalloyed electric arc furnace steel",kilogram,market,waste treatment/Others/Obsolete,1
"dust, unalloyed electric arc furnace steel",kilogram,transformation,waste treatment/Others/Obsolete,2
dysprosium oxide,kilogram,market,material/Chemicals/Inorganic/Market,1
dysprosium oxide,kilogram,transformation,material/Chemicals/Inorganic/Transformation,2
"EDTA, ethylenediaminetetraacetic acid",kilogram,market,material/Chemicals/Organic/Market,1
"EDTA, ethylenediaminetetraacetic acid",kilogram,transformation,material/Chemicals/Organic/Transformation,2
electric arc furnace converter,unit,market,material/Metals/Ferro/Market/Infrastructure,1
electric arc furnace converter,unit,transformation,material/Metals/Ferro/Transformation/Infrastructure,2
electric arc furnace dust,kilogram,market,waste treatment/Metals/Waste metals/Market,3
electric arc furnace dust,kilogram,transformation,waste treatment/Landfill/Residual material landfill/Transformation,2
electric arc furnace dust,kilogram,transformation,waste treatment/Metals/Waste metals/Transformation,2
"electric arc furnace dust, for recovery",kilogram,transformation,material/Others/Obsolete,1
electric arc furnace secondary metallurgy slag,kilogram,market,waste treatment/Metals/Waste metals/Market,2
electric arc furnace secondary metallurgy slag,kilogram,transformation,waste treatment/Landfill/Residual material landfill/Transformation,1
electric arc furnace secondary metallurgy slag,kilogram,transformation,waste treatment/Metals/Waste metals/Transformation,2
"electric arc furnace secondary metallurgy slag, for recovery",kilogram,market,material/Metals/Waste metals/Market,2
"electric arc furnace secondary metallurgy slag, for recovery",kilogram,transformation,material/Metals/Waste metals/Transformation,1
electric arc furnace slag,kilogram,market,waste treatment/Metals/Waste metals/Market,3
electric arc furnace slag,kilogram,transformation,waste treatment/Landfill/Residual material landfill/Transformation,2
electric arc furnace slag,kilogram,transformation,waste treatment/Metals/Waste metals/Transformation,2
"electric arc furnace slag, for recovery",kilogram,market,material/Metals/Waste metals/Market,2
"electric arc furnace slag, for recovery",kilogram,transformation,material/Metals/Waste metals/Transformation,1
electric bicycle,unit,market,transport/Road/Market/Infrastructure,1
electric bicycle,unit,transformation,transport/Road/Transformation/Infrastructure,2
"electric connector, peripheral component interconnect buss",kilogram,market,material/Electronics/Component/Market,1
"electric connector, peripheral component interconnect buss",kilogram,transformation,material/Electronics/Component/Transformation,1
"electric connector, peripheral type buss",kilogram,market,material/Electronics/Component/Market,1
"electric connector, peripheral type buss",kilogram,transformation,material/Electronics/Component/Transformation,1
"electric connector, wire clamp",kilogram,market,material/Electronics/Component/Market,1
"electric connector, wire clamp",kilogram,transformation,material/Electronics/Component/Transformation,1
electric kettle,unit,market,material/Appliances/Market/Infrastructure,1
electric kettle,unit,transformation,material/Appliances/Transformation/Infrastructure,1
"electric motor, electric passenger car",kilogram,market,transport/Road/Market/Infrastructure,1
"electric motor, electric passenger car",kilogram,transformation,transport/Road/Transformation/Infrastructure,1
"electric motor, for electric scooter",kilogram,market,transport/Road/Market/Infrastructure,1
"electric motor, for electric scooter",kilogram,transformation,transport/Road/Transformation/Infrastructure,1
"electric motor, vehicle",kilogram,market,transport/Road/Market/Infrastructure,1
"electric motor, vehicle",kilogram,transformation,transport/Road/Transformation/Infrastructure,2
"electric parts, heat and power co-generation unit, 160kW electrical",unit,market,energy/Cogeneration/Gas/Market/Infrastructure,1
"electric parts, heat and power co-generation unit, 160kW electrical",unit,transformation,energy/Cogeneration/Gas/Transformation/Infrastructure,2
"electric parts, mini CHP plant",unit,market,energy/Cogeneration/Gas/Market/Infrastructure,1
"electric parts, mini CHP plant",unit,transformation,energy/Cogeneration/Gas/Transformation/Infrastructure,2
"electric scooter, without battery",kilogram,market,transport/Road/Market/Infrastructure,1
"electric scooter, without battery",kilogram,transformation,transport/Road/Transformation/Infrastructure,1
"electricity, for reuse in municipal waste incineration only",kilowatt hour,market,energy/Electricity by fuel/Waste/Market,26
"electricity, for reuse in municipal waste incineration only",kilowatt hour,market,energy/Others/Obsolete,5
"electricity, for reuse in municipal waste incineration only",kilowatt hour,transformation,energy/Electricity by fuel/Waste/Transformation,150
"electricity, for reuse in municipal waste incineration only",kilowatt hour,transformation,energy/Others/Obsolete,16
"electricity, high voltage",kilowatt hour,market,energy/Electricity country mix/High voltage/Market,192
"electricity, high voltage",kilowatt hour,market,energy/Others/Obsolete,9
"electricity, high voltage",kilowatt hour,transformation,energy/Cogeneration/Biomass/Transformation,149
"electricity, high voltage",kilowatt hour,transformation,energy/Cogeneration/Coal/Transformation,34
"electricity, high voltage",kilowatt hour,transformation,energy/Cogeneration/Gas/Transformation,102
"electricity, high voltage",kilowatt hour,transformation,energy/Cogeneration/Oil/Transformation,48
"electricity, high voltage",kilowatt hour,transformation,energy/Electricity by fuel/Biofuels/Transformation,7
"electricity, high voltage",kilowatt hour,transformation,energy/Electricity by fuel/Coal/Transformation,99
"electricity, high voltage",kilowatt hour,transformation,energy/Electricity by fuel/Gas/Transformation,222
"electricity, high voltage",kilowatt hour,transformation,energy/Electricity by fuel/Geothermal/Transformation,34
"electricity, high voltage",kilowatt hour,transformation,energy/Electricity by fuel/Hydro/Flow through/Market/Import,1
"electricity, high voltage",kilowatt hour,transformation,energy/Electricity by fuel/Hydro/Flow through/Transformation,123
"electricity, high voltage",kilowatt hour,transformation,energy/Electricity by fuel/Hydro/Pumping storage/Transformation,75
"electricity, high voltage",kilowatt hour,transformation,energy/Electricity by fuel/Hydro/Reservoir/Market/Import,1
"electricity, high voltage",kilowatt hour,transformation,energy/Electricity by fuel/Hydro/Reservoir/Transformation,103
"electricity, high voltage",kilowatt hour,transformation,energy/Electricity by fuel/Lignite/Transformation,51
"electricity, high voltage",kilowatt hour,transformation,energy/Electricity by fuel/Nuclear/BWR/Transformation,18
"electricity, high voltage",kilowatt hour,transformation,energy/Electricity by fuel/Nuclear/PWR/Market/Import,1
"electricity, high voltage",kilowatt hour,transformation,energy/Electricity by fuel/Nuclear/PWR/Transformation,58
"electricity, high voltage",kilowatt hour,transformation,energy/Electricity by fuel/Oil/Transformation,138
"electricity, high voltage",kilowatt hour,transformation,energy/Electricity by fuel/Others/Transformation,4
"electricity, high voltage",kilowatt hour,transformation,energy/Electricity by fuel/Peat/Transformation,7
"electricity, high voltage",kilowatt hour,transformation,energy/Electricity by fuel/Photovoltaic/Transformation,10
"electricity, high voltage",kilowatt hour,transformation,energy/Electricity by fuel/Waste/Transformation,114
"electricity, high voltage",kilowatt hour,transformation,energy/Electricity by fuel/Wind/Market/Import,1
"electricity, high voltage",kilowatt hour,transformation,energy/Electricity by fuel/Wind/Transformation,321
"electricity, high voltage",kilowatt hour,transformation,energy/Electricity by fuel/Wood/Transformation,10
"electricity, high voltage",kilowatt hour,transformation,energy/Electricity country mix/High voltage/Market/Import,311
"electricity, high voltage",kilowatt hour,transformation,energy/Electricity country mix/High voltage/Transformation/Production mix,211
"electricity, high voltage",kilowatt hour,transformation,energy/Others/Obsolete,265
"electricity, high voltage",kilowatt hour,transformation,energy/Others/Transformation,2
"electricity, high voltage, aluminium industry",kilowatt hour,market,energy/Electricity country mix/High voltage/Market,10
"electricity, high voltage, aluminium industry",kilowatt hour,market,energy/Others/Obsolete,10
"electricity, high voltage, aluminium industry",kilowatt hour,transformation,energy/Electricity country mix/High voltage/Transformation/Production mix,37
"electricity, high voltage, aluminium industry",kilowatt hour,transformation,energy/Others/Obsolete,27
"electricity, high voltage, cobalt industry",kilowatt hour,market,energy/Electricity country mix/High voltage/Market,1
"electricity, high voltage, cobalt industry",kilowatt hour,transformation,energy/Electricity country mix/High voltage/Transformation/Production mix,1
"electricity, high voltage, for internal use in coal mining",kilowatt hour,market,energy/Electricity country mix/High voltage/Market,1
"electricity, high voltage, for internal use in coal mining",kilowatt hour,transformation,energy/Electricity by fuel/Coal/Transformation,2
"electricity, high voltage, for Swiss Federal Railways",kilowatt hour,market,energy/Electricity country mix/High voltage/Market,1
"electricity, high voltage, for Swiss Federal Railways",kilowatt hour,transformation,energy/Electricity country mix/High voltage/Transformation/Production mix,1
"electricity, high voltage, for Swiss Federal Railways",kilowatt hour,transformation,energy/Others/Obsolete,1
"electricity, high voltage, renewable energy products",kilowatt hour,market,energy/Electricity country mix/High voltage/Market,1
"electricity, high voltage, renewable energy products",kilowatt hour,transformation,energy/Cogeneration/Biomass/Transformation,2
"electricity, high voltage, renewable energy products",kilowatt hour,transformation,energy/Electricity by fuel/Hydro/Flow through/Transformation,1
"electricity, high voltage, renewable energy products",kilowatt hour,transformation,energy/Electricity by fuel/Hydro/Reservoir/Transformation,1
"electricity, high voltage, renewable energy products",kilowatt hour,transformation,energy/Electricity by fuel/Wind/Transformation,3
"electricity, high voltage, renewable energy products",kilowatt hour,transformation,energy/Electricity country mix/High voltage/Market/Import,3
"electricity, high voltage, renewable energy products",kilowatt hour,transformation,energy/Electricity country mix/High voltage/Transformation/Production mix,1
"electricity, low voltage",kilowatt hour,market,energy/Electricity country mix/Low voltage/Market,192
"electricity, low voltage",kilowatt hour,market,energy/Others/Obsolete,8
"electricity, low voltage",kilowatt hour,transformation,energy/Cogeneration/Biomass/Transformation,2
"electricity, low voltage",kilowatt hour,transformation,energy/Cogeneration/Gas/Transformation,15
"electricity, low voltage",kilowatt hour,transformation,energy/Cogeneration/Wood/Transformation,1
"electricity, low voltage",kilowatt hour,transformation,energy/Electricity by fuel/Biofuels/Transformation,8
"electricity, low voltage",kilowatt hour,transformation,energy/Electricity by fuel/Photovoltaic/Transformation,312
"electricity, low voltage",kilowatt hour,transformation,energy/Electricity country mix/Low voltage/Market/Import,1
"electricity, low voltage",kilowatt hour,transformation,energy/Electricity country mix/Low voltage/Transformation,242
"electricity, low voltage",kilowatt hour,transformation,energy/Others/Obsolete,119
"electricity, low voltage, renewable energy products",kilowatt hour,market,energy/Electricity country mix/Low voltage/Market,1
"electricity, low voltage, renewable energy products",kilowatt hour,transformation,energy/Electricity by fuel/Photovoltaic/Transformation,2
"electricity, low voltage, renewable energy products",kilowatt hour,transformation,energy/Electricity country mix/Low voltage/Transformation,1
"electricity, medium voltage",kilowatt hour,market,energy/Electricity country mix/Medium voltage/Market,192
"electricity, medium voltage",kilowatt hour,market,energy/Others/Obsolete,8
"electricity, medium voltage",kilowatt hour,transformation,energy/Electricity by fuel/Oil/Transformation,4
"electricity, medium voltage",kilowatt hour,transformation,energy/Electricity by fuel/Waste/Market,36
"electricity, medium voltage",kilowatt hour,transformation,energy/Electricity by fuel/Waste/Transformation,68
"electricity, medium voltage",kilowatt hour,transformation,energy/Electricity country mix/Medium voltage/Transformation,245
"electricity, medium voltage",kilowatt hour,transformation,energy/Others/Obsolete,60
"electricity, medium voltage",kilowatt hour,transformation,energy/Others/Transformation,1
"electricity, medium voltage, aluminium industry",kilowatt hour,market,energy/Electricity country mix/Medium voltage/Market,10
"electricity, medium voltage, aluminium industry",kilowatt hour,market,energy/Others/Obsolete,9
"electricity, medium voltage, aluminium industry",kilowatt hour,transformation,energy/Electricity country mix/Medium voltage/Transformation,10
"electricity, medium voltage, aluminium industry",kilowatt hour,transformation,energy/Others/Obsolete,9
"electricity, medium voltage, cobalt industry",kilowatt hour,market,energy/Electricity country mix/Medium voltage/Market,1
"electricity, medium voltage, cobalt industry",kilowatt hour,transformation,energy/Electricity country mix/Medium voltage/Transformation,1
"electricity, medium voltage, renewable energy products",kilowatt hour,market,energy/Electricity country mix/Medium voltage/Market,1
"electricity, medium voltage, renewable energy products",kilowatt hour,transformation,energy/Electricity country mix/Medium voltage/Transformation,1
"electrode, negative, LiC6",kilogram,market,material/Electronics/Component/Market,1
"electrode, negative, LiC6",kilogram,transformation,material/Electronics/Module/Transformation,1
"electrode, negative, Ni",kilogram,market,material/Electronics/Component/Market,1
"electrode, negative, Ni",kilogram,transformation,material/Electronics/Module/Transformation,1
"electrode, positive, LaNi5",kilogram,market,material/Electronics/Component/Market,1
"electrode, positive, LaNi5",kilogram,transformation,material/Electronics/Component/Transformation,1
"electrolyte, copper-rich",kilogram,market,material/Electronics/Component/Market,1
"electrolyte, copper-rich",kilogram,transformation,material/Electronics/Component/Transformation,1
"electrolyte, for Li-ion battery",kilogram,market,material/Electronics/Battery/Market,1
"electrolyte, for Li-ion battery",kilogram,transformation,material/Electronics/Battery/Transformation,1
"electrolyte, for solid oxide fuel cell",kilogram,market,energy/Cogeneration/Gas/Market/Infrastructure,1
"electrolyte, for solid oxide fuel cell",kilogram,transformation,energy/Cogeneration/Gas/Market/Infrastructure,2
"electrolyte, KOH, LiOH additive",kilogram,market,material/Electronics/Component/Market,1
"electrolyte, KOH, LiOH additive",kilogram,transformation,material/Electronics/Component/Transformation,1
"electrolyte, nickel-rich",cubic meter,market,material/Electronics/Component/Market,1
"electrolyte, nickel-rich",cubic meter,transformation,material/Electronics/Component/Transformation,1
"electron gun, for cathode ray tube display",kilogram,market,material/Electronics/Component/Market,1
"electron gun, for cathode ray tube display",kilogram,transformation,material/Electronics/Component/Transformation,1
electronic component factory,unit,market,material/Electronics/Component/Market/Infrastructure,1
electronic component factory,unit,transformation,material/Electronics/Component/Transformation/Infrastructure,1
"electronic component machinery, unspecified",unit,market,material/Electronics/Component/Market/Infrastructure,1
"electronic component machinery, unspecified",unit,transformation,material/Electronics/Component/Transformation/Infrastructure,1
"electronic component, active, unspecified",kilogram,market,material/Electronics/Component/Market,1
"electronic component, active, unspecified",kilogram,transformation,material/Electronics/Component/Transformation,1
"electronic component, passive, mobile, earpiece and speaker",kilogram,market,material/Electronics/Component/Market,1
"electronic component, passive, mobile, earpiece and speaker",kilogram,transformation,material/Electronics/Component/Transformation,1
"electronic component, passive, unspecified",kilogram,market,material/Electronics/Component/Market,1
"electronic component, passive, unspecified",kilogram,transformation,material/Electronics/Component/Transformation,1
electronics scrap,kilogram,market,material/Electronics waste/Market,1
electronics scrap,kilogram,market,waste treatment/Others/Obsolete,1
electronics scrap,kilogram,transformation,material/Electronics/Component/Transformation,1
electronics scrap from control units,kilogram,market,waste treatment/Electronics waste/Market,1
electronics scrap from control units,kilogram,transformation,waste treatment/Electronics waste/Transformation,2
"electronics, for control units",kilogram,market,material/Electronics/Component/Market,1
"electronics, for control units",kilogram,transformation,material/Electronics/Component/Transformation,2
electrostatic paint,kilogram,market,material/Construction/Paints/Market,1
electrostatic paint,kilogram,transformation,material/Construction/Paints/Transformation,1
"elevator, hydraulic",unit,market,material/Construction/Others/Market/Infrastructure,1
"elevator, hydraulic",unit,transformation,material/Construction/Others/Transformation/Infrastructure,1
enamelling,square meter,market,processing/Metals/Coating/Market,1
enamelling,square meter,transformation,processing/Metals/Coating/Transformation,3
"energy and auxilliary inputs, metal working factory",kilogram,market,processing/Metals/Metal working/Market,2
"energy and auxilliary inputs, metal working factory",kilogram,market,processing/Others/Obsolete,1
"energy and auxilliary inputs, metal working factory",kilogram,transformation,processing/Metals/Metal working/Transformation,8
"energy and auxilliary inputs, metal working machine",kilogram,market,processing/Metals/Metal working/Market,2
"energy and auxilliary inputs, metal working machine",kilogram,market,processing/Others/Obsolete,1
"energy and auxilliary inputs, metal working machine",kilogram,transformation,processing/Metals/Metal working/Transformation,8
"energy feed, gross",megajoule,market,material/Agricultural/Animal feed/Market,2
"energy feed, gross",megajoule,market,material/Others/Obsolete,1
"energy feed, gross",megajoule,transformation,material/Agricultural/Animal feed/Market,30
"energy feed, gross",megajoule,transformation,material/Agricultural/Animal feed/Transformation,10
"energy requirement for assembly of heat and power co-generation unit, 160kW electrical",unit,market,energy/Cogeneration/Gas/Market/Infrastructure,1
"energy requirement for assembly of heat and power co-generation unit, 160kW electrical",unit,transformation,energy/Cogeneration/Gas/Transformation/Infrastructure,2
energy saving,megajoule,market,processing/Energy reduction/Market,1
energy saving,megajoule,transformation,processing/Energy reduction/Transformation,12
"energy use and operation emissions, electric bicycle, label-certified electricity",kilometer,transformation,transport/Others/Obsolete,1
"energy use, electric bicycle",kilometer,market,transport/Road/Market,1
"energy use, electric bicycle",kilometer,transformation,transport/Road/Transformation,2
"energy use, electric bicycle, electricity from renewable energy products",kilometer,market,transport/Road/Market,1
"energy use, electric bicycle, electricity from renewable energy products",kilometer,transformation,transport/Road/Transformation,1
energy wood harvester,unit,market,transport/Road/Market/Infrastructure,1
energy wood harvester,unit,transformation,transport/Road/Transformation/Infrastructure,1
"enriched uranium, 4.2%",kilogram,market,material/Fuels/Uranium/Enriched/Market,1
"enriched uranium, 4.2%",kilogram,transformation,material/Fuels/Uranium/Enriched/Transformation,2
enzymes,kilogram,market,material/Chemicals/Others/Market,1
enzymes,kilogram,transformation,material/Chemicals/Others/Transformation,2
epichlorohydrin,kilogram,market,material/Chemicals/Organic/Market,1
epichlorohydrin,kilogram,transformation,material/Chemicals/Organic/Transformation,2
epoxy resin,kilogram,market,material/Others/Obsolete,1
epoxy resin,kilogram,transformation,material/Others/Obsolete,2
"epoxy resin insulator, Al2O3",kilogram,market,material/Chemicals/Organic/Market,1
"epoxy resin insulator, Al2O3",kilogram,transformation,material/Chemicals/Organic/Transformation,2
"epoxy resin insulator, SiO2",kilogram,market,material/Chemicals/Organic/Market,1
"epoxy resin insulator, SiO2",kilogram,transformation,material/Chemicals/Organic/Transformation,2
"epoxy resin, liquid",kilogram,market,material/Chemicals/Organic/Market,2
"epoxy resin, liquid",kilogram,market,material/Others/Obsolete,1
"epoxy resin, liquid",kilogram,transformation,material/Chemicals/Organic/Transformation,2
erbium oxide,kilogram,market,material/Chemicals/Inorganic/Market,1
erbium oxide,kilogram,transformation,material/Chemicals/Inorganic/Transformation,2
establishing orchard,unit,market,material/Agricultural/Plant production/Other/Market,1
establishing orchard,unit,transformation,material/Agricultural/Plant production/Other/Transformation,2
esterquat,kilogram,market,material/Chemicals/Washing agents/Tensides/Market,2
esterquat,kilogram,market,material/Others/Obsolete,1
esterquat,kilogram,transformation,material/Chemicals/Washing agents/Tensides/Transformation,4
esters of versatic acid,kilogram,market,material/Chemicals/Organic/Market,2
esters of versatic acid,kilogram,market,material/Others/Obsolete,1
esters of versatic acid,kilogram,transformation,material/Chemicals/Organic/Transformation,2
ethane,kilogram,market,material/Chemicals/Gases/Market,1
ethane,kilogram,transformation,material/Chemicals/Gases/Transformation,1
ethane,kilogram,transformation,material/Others/Obsolete,2
ethanol fermentation plant,unit,market,material/Fuels/Biofuels/Ethanol/Market/Infrastructure,1
ethanol fermentation plant,unit,transformation,material/Fuels/Biofuels/Ethanol/Transformation/Infrastructure,2
"ethanol, without water, in 95% solution state, from fermentation",kilogram,market,material/Fuels/Biofuels/Ethanol/Market,2
"ethanol, without water, in 95% solution state, from fermentation",kilogram,market,material/Others/Obsolete,1
"ethanol, without water, in 95% solution state, from fermentation",kilogram,transformation,material/Fuels/Biofuels/Ethanol/Transformation,24
"ethanol, without water, in 95% solution state, from fermentation",kilogram,transformation,material/Others/Obsolete,5
"ethanol, without water, in 99.7% solution state, from ethylene",kilogram,market,material/Chemicals/Organic/Market,2
"ethanol, without water, in 99.7% solution state, from ethylene",kilogram,market,material/Others/Obsolete,1
"ethanol, without water, in 99.7% solution state, from ethylene",kilogram,transformation,material/Chemicals/Organic/Transformation,3
"ethanol, without water, in 99.7% solution state, from fermentation",kilogram,market,material/Fuels/Biofuels/Ethanol/Market,1
"ethanol, without water, in 99.7% solution state, from fermentation",kilogram,transformation,material/Fuels/Biofuels/Ethanol/Transformation,12
"ethanol, without water, in 99.7% solution state, from fermentation, vehicle grade",kilogram,market,material/Fuels/Biofuels/Ethanol/Market,2
"ethanol, without water, in 99.7% solution state, from fermentation, vehicle grade",kilogram,transformation,material/Fuels/Biofuels/Ethanol/Transformation,2
ethephon,kilogram,market,material/Chemicals/Organic/Market,1
ethephon,kilogram,transformation,material/Chemicals/Organic/Transformation,1
ethoxylated alcohol (AE11),kilogram,market,material/Chemicals/Washing agents/Tensides/Market,1
ethoxylated alcohol (AE11),kilogram,transformation,material/Chemicals/Washing agents/Tensides/Transformation,2
ethoxylated alcohol (AE3),kilogram,market,material/Chemicals/Washing agents/Tensides/Market,2
ethoxylated alcohol (AE3),kilogram,market,material/Others/Obsolete,1
ethoxylated alcohol (AE3),kilogram,transformation,material/Chemicals/Washing agents/Tensides/Transformation,6
ethoxylated alcohol (AE7),kilogram,market,material/Chemicals/Washing agents/Tensides/Market,2
ethoxylated alcohol (AE7),kilogram,market,material/Others/Obsolete,1
ethoxylated alcohol (AE7),kilogram,transformation,material/Chemicals/Washing agents/Tensides/Transformation,6
ethoxylated alcohol (AE>20),kilogram,market,material/Chemicals/Washing agents/Tensides/Market,1
ethoxylated alcohol (AE>20),kilogram,transformation,material/Chemicals/Washing agents/Tensides/Transformation,2
ethyl acetate,kilogram,market,material/Chemicals/Organic/Market,1
ethyl acetate,kilogram,transformation,material/Chemicals/Organic/Transformation,4
ethyl benzene,kilogram,market,material/Chemicals/Organic/Market,2
ethyl benzene,kilogram,market,material/Others/Obsolete,1
ethyl benzene,kilogram,transformation,material/Chemicals/Organic/Transformation,2
ethyl tert-butyl ether,kilogram,market,material/Chemicals/Organic/Market,1
ethyl tert-butyl ether,kilogram,transformation,material/Chemicals/Organic/Transformation,2
ethylamine,kilogram,market,material/Chemicals/Organic/Market,1
ethylamine,kilogram,transformation,material/Chemicals/Organic/Transformation,2
ethylene,kilogram,market,material/Chemicals/Organic/Market,3
ethylene,kilogram,transformation,material/Chemicals/Organic/Transformation,3
ethylene bromide,kilogram,market,material/Chemicals/Organic/Market,2
ethylene bromide,kilogram,market,material/Others/Obsolete,1
ethylene bromide,kilogram,transformation,material/Chemicals/Organic/Transformation,2
ethylene carbonate,kilogram,market,material/Chemicals/Organic/Market,1
ethylene carbonate,kilogram,transformation,material/Chemicals/Organic/Transformation,2
ethylene dichloride,kilogram,market,material/Chemicals/Organic/Market,2
ethylene dichloride,kilogram,market,material/Others/Obsolete,1
ethylene dichloride,kilogram,transformation,material/Chemicals/Organic/Transformation,3
ethylene glycol,kilogram,market,material/Chemicals/Organic/Market,1
ethylene glycol,kilogram,transformation,material/Chemicals/Organic/Transformation,2
ethylene glycol diethyl ether,kilogram,market,material/Chemicals/Organic/Market,1
ethylene glycol diethyl ether,kilogram,transformation,material/Chemicals/Organic/Transformation,2
ethylene glycol dimethyl ether,kilogram,market,material/Chemicals/Organic/Market,1
ethylene glycol dimethyl ether,kilogram,transformation,material/Chemicals/Organic/Transformation,2
ethylene glycol monoethyl ether,kilogram,market,material/Chemicals/Organic/Market,2
ethylene glycol monoethyl ether,kilogram,market,material/Others/Obsolete,1
ethylene glycol monoethyl ether,kilogram,transformation,material/Chemicals/Organic/Transformation,2
ethylene oxide,kilogram,market,material/Chemicals/Organic/Market,2
ethylene oxide,kilogram,market,material/Others/Obsolete,1
ethylene oxide,kilogram,transformation,material/Chemicals/Organic/Transformation,2
ethylene vinyl acetate copolymer,kilogram,market,material/Others/Obsolete,1
ethylene vinyl acetate copolymer,kilogram,market,material/Plastics/Thermoplasts/Market,2
ethylene vinyl acetate copolymer,kilogram,transformation,material/Plastics/Thermoplasts/Transformation,2
"ethylene, average",kilogram,market,material/Others/Obsolete,1
"ethylene, pipeline system",kilogram,market,material/Chemicals/Organic/Market,2
"ethylene, pipeline system",kilogram,market,material/Others/Obsolete,1
"ethylene, pipeline system",kilogram,transformation,material/Chemicals/Organic/Transformation,2
ethylenediamine,kilogram,market,material/Chemicals/Organic/Market,2
ethylenediamine,kilogram,market,material/Others/Obsolete,1
ethylenediamine,kilogram,transformation,material/Chemicals/Organic/Transformation,4
ethylenediamine,kilogram,transformation,material/Others/Obsolete,2
"ethylvinylacetate, foil",kilogram,market,material/Plastics/Thermoplasts/Market,1
"ethylvinylacetate, foil",kilogram,transformation,material/Plastics/Thermoplasts/Transformation,2
"eucalyptus seedling, for planting",unit,market,material/Agricultural/Plant seeds/Market,1
"eucalyptus seedling, for planting",unit,transformation,material/Agricultural/Plant seeds/Transformation,4
EUR-flat pallet,unit,market,material/Others/Obsolete,1
EUR-flat pallet,unit,market,material/Wood/Products/Market,2
EUR-flat pallet,unit,transformation,material/Wood/Products/Transformation,2
europium oxide,kilogram,market,material/Chemicals/Inorganic/Market,1
europium oxide,kilogram,transformation,material/Chemicals/Inorganic/Transformation,3
evacuated tube collector,square meter,market,energy/Heat/Solar/Market/Infrastructure,1
evacuated tube collector,square meter,transformation,energy/Heat/Solar/Transformation/Infrastructure,2
evaporation of milk,kilogram,market,processing/Agricultural/Market,1
evaporation of milk,kilogram,transformation,processing/Agricultural/Transformation,2
"excavation, hydraulic digger",cubic meter,market,transport/Building equipment/Market,1
"excavation, hydraulic digger",cubic meter,transformation,transport/Building equipment/Transformation,2
"excavation, skid-steer loader",cubic meter,market,transport/Building equipment/Market,1
"excavation, skid-steer loader",cubic meter,transformation,transport/Building equipment/Transformation,2
"exhaust air outlet, steel/aluminium, 85x365 mm",unit,market,material/Construction/Ventilation/Market,1
"exhaust air outlet, steel/aluminium, 85x365 mm",unit,transformation,material/Construction/Ventilation/Transformation,2
"exhaust air roof hood, steel, DN 400",unit,market,material/Construction/Ventilation/Market,1
"exhaust air roof hood, steel, DN 400",unit,transformation,material/Construction/Ventilation/Transformation,2
"exhaust air valve, in-wall housing, plastic/steel, DN 125",unit,market,material/Construction/Ventilation/Market,1
"exhaust air valve, in-wall housing, plastic/steel, DN 125",unit,transformation,material/Construction/Ventilation/Transformation,2
expanded clay,kilogram,market,material/Minerals/Market,1
expanded clay,kilogram,transformation,material/Minerals/Transformation,2
expanded perlite,kilogram,market,material/Minerals/Market,1
expanded perlite,kilogram,transformation,material/Minerals/Transformation,2
"expanded Polystyrene carbon content (dry matter), use only in PAS2050 wizard",kilogram,transformation,material/Others/Carbon content fossil materials,1
expanded vermiculite,kilogram,market,material/Minerals/Market,1
expanded vermiculite,kilogram,transformation,material/Minerals/Transformation,2
"expansion vessel, 25l",unit,market,energy/Heat/Solar/Market/Infrastructure,1
"expansion vessel, 25l",unit,transformation,energy/Heat/Solar/Transformation/Infrastructure,2
"expansion vessel, 80l",unit,market,energy/Heat/Solar/Market/Infrastructure,1
"expansion vessel, 80l",unit,transformation,energy/Heat/Solar/Transformation/Infrastructure,2
"explosive, tovex",kilogram,market,material/Chemicals/Others/Market,1
"explosive, tovex",kilogram,transformation,material/Chemicals/Others/Transformation,2
explosives factory,unit,market,material/Chemicals/Others/Market/Infrastructure,1
explosives factory,unit,transformation,material/Chemicals/Others/Transformation/Infrastructure,2
"extrusion of plastic sheets and thermoforming, inline",kilogram,market,processing/Plastics/Market,1
"extrusion of plastic sheets and thermoforming, inline",kilogram,transformation,processing/Plastics/Transformation,2
"extrusion, co-extrusion",kilogram,market,processing/Plastics/Market,1
"extrusion, co-extrusion",kilogram,transformation,processing/Plastics/Transformation,2
"extrusion, plastic film",kilogram,market,processing/Plastics/Market,1
"extrusion, plastic film",kilogram,transformation,processing/Others/Obsolete,3
"extrusion, plastic film",kilogram,transformation,processing/Plastics/Transformation,3
"extrusion, plastic pipes",kilogram,market,processing/Plastics/Market,1
"extrusion, plastic pipes",kilogram,transformation,processing/Others/Obsolete,3
"extrusion, plastic pipes",kilogram,transformation,processing/Plastics/Transformation,3
"fan, for power supply unit, desktop computer",kilogram,market,material/Electronics/Module/Market,1
"fan, for power supply unit, desktop computer",kilogram,transformation,material/Electronics/Module/Transformation,1
fatty acid,kilogram,market,material/Chemicals/Organic/Market,1
fatty acid,kilogram,transformation,material/Chemicals/Organic/Transformation,9
fatty acid,kilogram,transformation,material/Others/Obsolete,2
fatty acid methyl ester,kilogram,market,material/Chemicals/Organic/Market,2
fatty acid methyl ester,kilogram,transformation,material/Chemicals/Organic/Transformation,12
fatty alcohol,kilogram,market,material/Chemicals/Organic/Market,1
fatty alcohol,kilogram,transformation,material/Chemicals/Organic/Transformation,8
fatty alcohol sulfate,kilogram,market,material/Chemicals/Washing agents/Tensides/Market,1
fatty alcohol sulfate,kilogram,market,material/Others/Obsolete,2
fatty alcohol sulfate,kilogram,transformation,material/Chemicals/Washing agents/Tensides/Transformation,8
fava bean,kilogram,market,material/Agricultural/Plant production/Legumes/Market,1
fava bean,kilogram,transformation,material/Agricultural/Plant production/Legumes/Transformation,4
"fava bean seed, for sowing",kilogram,market,material/Agricultural/Plant seeds/Market,1
"fava bean seed, for sowing",kilogram,transformation,material/Agricultural/Plant seeds/Transformation,2
"fava bean seed, organic, for sowing",kilogram,market,material/Agricultural/Plant seeds/Market,1
"fava bean seed, organic, for sowing",kilogram,transformation,material/Agricultural/Plant seeds/Transformation,2
"fava bean, feed, Swiss integrated production",kilogram,market,material/Agricultural/Animal feed/Market,1
"fava bean, feed, Swiss integrated production",kilogram,transformation,material/Agricultural/Animal feed/Transformation,1
"fava bean, feed, Swiss integrated production",kilogram,transformation,material/Others/Obsolete,1
"fava bean, organic",kilogram,market,material/Agricultural/Plant production/Legumes/Market,1
"fava bean, organic",kilogram,transformation,material/Agricultural/Plant production/Legumes/Transformation,2
"fava bean, Swiss integrated production",kilogram,market,material/Agricultural/Plant production/Legumes/Market,1
"fava bean, Swiss integrated production",kilogram,transformation,material/Agricultural/Plant production/Legumes/Transformation,1
"fava bean, Swiss integrated production",kilogram,transformation,material/Others/Obsolete,1
feldspar,kilogram,market,material/Minerals/Market,1
feldspar,kilogram,transformation,material/Minerals/Transformation,2
fennel,kilogram,market,material/Agricultural/Plant production/Roots and tubers/Market,1
fennel,kilogram,transformation,material/Agricultural/Plant production/Roots and tubers/Transformation,1
fermentation filtrate,kilogram,market,material/Chemicals/Others/Market,1
fermentation filtrate,kilogram,transformation,material/Chemicals/Others/Transformation,1
ferrite,kilogram,market,material/Metals/Ferro/Market,1
ferrite,kilogram,transformation,material/Metals/Ferro/Transformation,1
"ferrochromium, high-carbon, 55% Cr",kilogram,market,material/Metals/Alloys/Market,1
"ferrochromium, high-carbon, 55% Cr",kilogram,transformation,material/Metals/Alloys/Transformation,2
"ferrochromium, high-carbon, 68% Cr",kilogram,market,material/Metals/Alloys/Market,1
"ferrochromium, high-carbon, 68% Cr",kilogram,transformation,material/Metals/Alloys/Transformation,2
"ferrochromium, high-carbon, 68% Cr",kilogram,transformation,material/Others/Obsolete,1
"ferromanganese, high-coal, 74.5% Mn",kilogram,market,material/Metals/Alloys/Market,1
"ferromanganese, high-coal, 74.5% Mn",kilogram,transformation,material/Metals/Alloys/Transformation,2
ferronickel,kilogram,market,material/Metals/Alloys/Market,1
ferronickel,kilogram,transformation,material/Metals/Alloys/Transformation,2
"ferroniobium, 66% Nb",kilogram,market,material/Metals/Alloys/Market,1
"ferroniobium, 66% Nb",kilogram,transformation,material/Metals/Alloys/Transformation,2
ferrosilicon,kilogram,market,material/Chemicals/Inorganic/Market,1
ferrosilicon,kilogram,transformation,material/Chemicals/Inorganic/Transformation,2
"ferrous metal, in mixed metal scrap",kilogram,market,material/Metals/Waste metals/Market,3
"ferrous metal, in mixed metal scrap",kilogram,market,waste treatment/Others/Obsolete,3
"ferrous metal, in mixed metal scrap",kilogram,transformation,material/Metals/Ferro/Transformation,1
"ferrous metal, in mixed metal scrap",kilogram,transformation,waste treatment/Others/Obsolete,1
ferry,unit,market,transport/Water/Market/Infrastructure,1
ferry,unit,transformation,transport/Water/Transformation/Infrastructure,1
"fertilising, by broadcaster",hectare,market,processing/Agricultural/Market,1
"fertilising, by broadcaster",hectare,transformation,processing/Agricultural/Transformation,6
"fertilising, by rig fertiliser, sugarcane",hectare,market,processing/Agricultural/Market,1
"fertilising, by rig fertiliser, sugarcane",hectare,transformation,processing/Agricultural/Transformation,2
"fertilising, by stool splitter, sugarcane",hectare,market,processing/Agricultural/Market,1
"fertilising, by stool splitter, sugarcane",hectare,transformation,processing/Agricultural/Transformation,2
"fibre and fabric waste, polyester",kilogram,market,material/Textiles/Market,1
"fibre and fabric waste, polyester",kilogram,market,waste treatment/Others/Obsolete,1
"fibre and fabric waste, polyester",kilogram,transformation,material/Textiles/Transformation,1
"fibre and fabric waste, polyester",kilogram,transformation,waste treatment/Others/Obsolete,1
fibre cement corrugated slab,kilogram,market,material/Construction/Coverings/Market,1
fibre cement corrugated slab,kilogram,transformation,material/Construction/Coverings/Transformation,2
fibre cement facing tile,kilogram,market,material/Construction/Coverings/Market,1
fibre cement facing tile,kilogram,transformation,material/Construction/Coverings/Transformation,2
"fibre cement facing tile, large format",kilogram,market,material/Construction/Coverings/Market,1
"fibre cement facing tile, large format",kilogram,transformation,material/Construction/Coverings/Transformation,2
"fibre cement facing tile, small format",kilogram,market,material/Construction/Coverings/Market,1
"fibre cement facing tile, small format",kilogram,transformation,material/Construction/Coverings/Transformation,2
fibre cement roof slate,kilogram,market,material/Construction/Coverings/Market,1
fibre cement roof slate,kilogram,transformation,material/Construction/Coverings/Transformation,2
"fibre, cotton",kilogram,market,material/Textiles/Market,1
"fibre, cotton",kilogram,transformation,material/Textiles/Transformation,3
"fibre, cotton, organic",kilogram,market,material/Textiles/Market,1
"fibre, cotton, organic",kilogram,transformation,material/Textiles/Transformation,2
"fibre, flax",kilogram,market,material/Textiles/Market,1
"fibre, flax",kilogram,transformation,material/Textiles/Transformation,2
"fibre, jute",kilogram,market,material/Textiles/Market,1
"fibre, jute",kilogram,transformation,material/Textiles/Transformation,3
"fibre, kenaf",kilogram,market,material/Textiles/Market,1
"fibre, kenaf",kilogram,transformation,material/Textiles/Transformation,2
"fibre, polyester",kilogram,market,material/Textiles/Market,1
"fibre, polyester",kilogram,transformation,material/Textiles/Transformation,2
"fibre, silk, short",kilogram,market,material/Chemicals/Others/Market,1
"fibre, silk, short",kilogram,transformation,material/Textiles/Transformation,1
"fibre, viscose",kilogram,market,material/Textiles/Market,1
"fibre, viscose",kilogram,transformation,material/Textiles/Transformation,1
"fibre-reinforced concrete, steel",cubic meter,market,material/Construction/Concrete/Market,1
"fibre-reinforced concrete, steel",cubic meter,transformation,material/Construction/Concrete/Transformation,1
"fibreboard, hard",cubic meter,market,material/Others/Obsolete,1
"fibreboard, hard",cubic meter,market,material/Wood/Products/Market,2
"fibreboard, hard",cubic meter,transformation,material/Wood/Products/Transformation,2
"fibreboard, soft",cubic meter,market,material/Others/Obsolete,1
"fibreboard, soft",cubic meter,market,material/Wood/Products/Market,2
"fibreboard, soft",cubic meter,transformation,material/Wood/Products/Transformation,4
"fibreboard, soft, latex bonded",cubic meter,market,material/Others/Obsolete,1
"fibreboard, soft, latex bonded",cubic meter,market,material/Wood/Products/Market,1
"fibreboard, soft, latex bonded",cubic meter,transformation,material/Others/Obsolete,1
"fibreboard, soft, latex bonded",cubic meter,transformation,material/Wood/Products/Transformation,1
"fibreboard, soft, without adhesives",cubic meter,market,material/Others/Obsolete,1
"fibreboard, soft, without adhesives",cubic meter,market,material/Wood/Products/Market,1
"fibreboard, soft, without adhesives",cubic meter,transformation,material/Others/Obsolete,1
"fibreboard, soft, without adhesives",cubic meter,transformation,material/Wood/Products/Transformation,1
"field leveling, sugarcane",hectare,market,processing/Agricultural/Market,1
"field leveling, sugarcane",hectare,transformation,processing/Agricultural/Transformation,2
"filter cake, from sugarcane juice filtration",kilogram,market,material/Agricultural/Intermediate products/Market,1
"filter cake, from sugarcane juice filtration",kilogram,transformation,material/Chemicals/Fertilisers (organic)/Transformation,1
filter dust from Al electrolysis,kilogram,market,waste treatment/Others/Market,1
filter dust from Al electrolysis,kilogram,transformation,waste treatment/Landfill/Residual material landfill/Transformation,2
"finishing, textile, knit cotton",kilogram,market,processing/Textiles/Market,1
"finishing, textile, knit cotton",kilogram,transformation,processing/Textiles/Transformation,1
"finishing, textile, woven cotton",kilogram,market,processing/Textiles/Market,1
"finishing, textile, woven cotton",kilogram,transformation,processing/Textiles/Transformation,1
"fish block, hake",kilogram,market,material/Agricultural/Animal production/Fish/Market,1
"fish block, hake",kilogram,transformation,material/Agricultural/Animal production/Fish/Transformation,2
fish canning plant,unit,market,material/Agricultural/Food/Market/Infrastructure,1
fish canning plant,unit,transformation,material/Agricultural/Food/Transformation/Infrastructure,2
"fish canning, large fish",kilogram,market,processing/Agricultural/Market,1
"fish canning, large fish",kilogram,transformation,processing/Agricultural/Transformation,2
"fish canning, small fish",kilogram,market,processing/Agricultural/Market,1
"fish canning, small fish",kilogram,transformation,processing/Agricultural/Transformation,2
fish curing plant,unit,market,processing/Agricultural/Market,1
fish curing plant,unit,transformation,processing/Agricultural/Transformation/Infrastructure,2
"fish curing, small fish",kilogram,market,processing/Agricultural/Market,1
"fish curing, small fish",kilogram,transformation,processing/Agricultural/Transformation,2
fish freezing plant,unit,market,processing/Agricultural/Market/Infrastructure,1
fish freezing plant,unit,transformation,processing/Agricultural/Transformation/Infrastructure,2
"fish freezing, small fish",kilogram,market,processing/Agricultural/Market,1
"fish freezing, small fish",kilogram,transformation,processing/Agricultural/Transformation,2
"fish oil, from anchovy",kilogram,market,material/Agricultural/Animal feed/Market,1
"fish oil, from anchovy",kilogram,transformation,material/Agricultural/Animal feed/Transformation,8
fish residues,kilogram,market,material/Agricultural/Animal feed/Market,1
fish residues,kilogram,transformation,material/Agricultural/Animal production/Fish/Transformation,1
fishmeal plant,unit,market,material/Agricultural/Animal feed/Market/Infrastructure,1
fishmeal plant,unit,transformation,material/Agricultural/Animal feed/Transformation/Infrastructure,2
"fishmeal, 63-65% protein",kilogram,market,material/Agricultural/Animal feed/Market,1
"fishmeal, 63-65% protein",kilogram,transformation,material/Agricultural/Animal feed/Transformation,8
"fishmeal, 65-67% protein",kilogram,market,material/Agricultural/Animal feed/Market,1
"fishmeal, 65-67% protein",kilogram,transformation,material/Agricultural/Animal feed/Transformation,2
flat glass factory,unit,market,material/Glass/Construction/Market/Infrastructure,1
flat glass factory,unit,transformation,material/Glass/Construction/Transformation/Infrastructure,2
"flat glass, coated",kilogram,market,material/Glass/Construction/Market,2
"flat glass, coated",kilogram,market,material/Others/Obsolete,1
"flat glass, coated",kilogram,transformation,material/Glass/Construction/Transformation,2
"flat glass, uncoated",kilogram,market,material/Glass/Construction/Market,2
"flat glass, uncoated",kilogram,market,material/Others/Obsolete,1
"flat glass, uncoated",kilogram,transformation,material/Glass/Construction/Transformation,2
"flat plate solar collector, Cu absorber",square meter,market,energy/Heat/Solar/Market/Infrastructure,1
"flat plate solar collector, Cu absorber",square meter,transformation,energy/Heat/Solar/Transformation/Infrastructure,2
flattened bamboo,kilogram,market,material/Wood/Products/Market,5
flattened bamboo,kilogram,transformation,material/Wood/Products/Transformation,5
flax husks,kilogram,market,material/Agricultural/Intermediate products/Market,1
flax husks,kilogram,transformation,material/Agricultural/Intermediate products/Transformation,2
"flax plant, harvested",kilogram,market,material/Agricultural/Intermediate products/Market,1
"flax plant, harvested",kilogram,transformation,material/Agricultural/Intermediate products/Transformation,2
"fleece, polyethylene",kilogram,market,material/Plastics/Thermoplasts/Market,1
"fleece, polyethylene",kilogram,transformation,material/Plastics/Thermoplasts/Transformation,2
"flexible duct, aluminium/PET, DN of 125",meter,market,material/Construction/Ventilation/Market,1
"flexible duct, aluminium/PET, DN of 125",meter,transformation,material/Construction/Ventilation/Transformation,2
floating collar cage,meter,market,material/Agricultural/Animal production/Fish/Market/Infrastructure,1
floating collar cage,meter,transformation,material/Agricultural/Animal production/Fish/Transformation/Infrastructure,1
floating hexagonal metal cage,meter,market,material/Agricultural/Animal production/Fish/Market/Infrastructure,1
floating hexagonal metal cage,meter,transformation,material/Agricultural/Animal production/Fish/Transformation/Infrastructure,1
fluazifop-butyl,kilogram,market,material/Chemicals/Organic/Market,1
fluazifop-butyl,kilogram,transformation,material/Chemicals/Organic/Transformation,1
"fluorescent whitening agent, DAS1, triazinylaminostilben type",kilogram,market,material/Chemicals/Washing agents/Auxiliaries/Market,1
"fluorescent whitening agent, DAS1, triazinylaminostilben type",kilogram,transformation,material/Chemicals/Washing agents/Auxiliaries/Transformation,2
"fluorescent whitening agent, distyrylbiphenyl type",kilogram,market,material/Chemicals/Washing agents/Auxiliaries/Market,1
"fluorescent whitening agent, distyrylbiphenyl type",kilogram,transformation,material/Chemicals/Washing agents/Auxiliaries/Transformation,2
"fluorine, liquid",kilogram,market,material/Chemicals/Gases/Liquified/Market,2
"fluorine, liquid",kilogram,transformation,material/Chemicals/Gases/Liquified/Transformation,2
"fluorspar, 97% purity",kilogram,market,material/Minerals/Market,1
"fluorspar, 97% purity",kilogram,transformation,material/Minerals/Transformation,2
"fluosilicic acid, without water, in 22% solution state",kilogram,market,material/Chemicals/Acids (inorganic)/Market,1
"fluosilicic acid, without water, in 22% solution state",kilogram,transformation,material/Chemicals/Acids (inorganic)/Transformation,3
fluting medium,kilogram,market,material/Others/Obsolete,2
fluting medium,kilogram,transformation,material/Others/Obsolete,5
"flux, for wave soldering",kilogram,market,material/Chemicals/Others/Market,1
"flux, for wave soldering",kilogram,transformation,material/Chemicals/Others/Transformation,1
fly ash and scrubber sludge,kilogram,market,waste treatment/Incineration/Hazardous waste incineration/Market,3
fly ash and scrubber sludge,kilogram,market,waste treatment/Others/Obsolete,1
fly ash and scrubber sludge,kilogram,transformation,waste treatment/Incineration/Hazardous waste incineration/Transformation,6
flyash brick,kilogram,market,material/Chemicals/Inorganic/Market,2
flyash brick,kilogram,transformation,material/Chemicals/Inorganic/Transformation,2
foam glass,kilogram,market,material/Construction/Insulation/Market,1
foam glass,kilogram,transformation,material/Construction/Insulation/Transformation,2
foam glass factory,unit,market,material/Construction/Insulation/Market/Infrastructure,1
foam glass factory,unit,transformation,material/Construction/Insulation/Transformation/Infrastructure,2
"foam glass, electricity from renewable energy products",kilogram,market,material/Construction/Insulation/Market,1
"foam glass, electricity from renewable energy products",kilogram,transformation,material/Construction/Insulation/Transformation,2
"foam glass, electricity, label-certified",kilogram,transformation,material/Others/Obsolete,1
foaming agent,kilogram,market,material/Chemicals/Washing agents/Tensides/Market,1
foaming agent,kilogram,transformation,material/Chemicals/Washing agents/Tensides/Transformation,1
"fodder beet seed, for sowing",kilogram,market,material/Agricultural/Plant seeds/Market,1
"fodder beet seed, for sowing",kilogram,transformation,material/Agricultural/Plant seeds/Transformation,1
"fodder beet, Swiss integrated production",kilogram,market,material/Agricultural/Animal feed/Market,1
"fodder beet, Swiss integrated production",kilogram,transformation,material/Agricultural/Animal feed/Transformation,1
"fodder beet, Swiss integrated production",kilogram,transformation,material/Others/Obsolete,1
"fodder loading, by self-loading trailer",cubic meter,market,processing/Agricultural/Market,1
"fodder loading, by self-loading trailer",cubic meter,transformation,processing/Agricultural/Transformation,3
fodder yeast,kilogram,market,material/Agricultural/Animal feed/Market,1
fodder yeast,kilogram,market,waste treatment/Others/Obsolete,1
fodder yeast,kilogram,transformation,material/Agricultural/Animal feed/Transformation,2
folding boxboard carton,kilogram,market,material/Paper+ Board/Packagings/Market,2
folding boxboard carton,kilogram,transformation,material/Paper+ Board/Packagings/Transformation,2
folding boxboard/chipboard,kilogram,market,material/Others/Obsolete,1
folpet,kilogram,market,material/Chemicals/Pesticides/Market,1
folpet,kilogram,transformation,material/Chemicals/Pesticides/Transformation,2
forestry harvester,unit,market,transport/Road/Market/Infrastructure,1
forestry harvester,unit,transformation,transport/Road/Transformation/Infrastructure,1
"forging, steel",kilogram,market,processing/Metals/Chipless shaping/Market,1
"forging, steel",kilogram,transformation,processing/Metals/Chipless shaping/Transformation,2
formaldehyde,kilogram,market,material/Chemicals/Organic/Market,2
formaldehyde,kilogram,market,material/Others/Obsolete,1
formaldehyde,kilogram,transformation,material/Chemicals/Organic/Transformation,4
formic acid,kilogram,market,material/Chemicals/Acids (organic)/Market,2
formic acid,kilogram,transformation,material/Chemicals/Acids (organic)/Transformation,6
forwarder,unit,market,transport/Road/Market/Infrastructure,1
forwarder,unit,transformation,transport/Road/Transformation/Infrastructure,1
"forwarding, forwarder",hour,market,processing/Agricultural/Market,1
"forwarding, forwarder",hour,transformation,processing/Agricultural/Transformation,2
fosetyl-Al,kilogram,market,material/Chemicals/Pesticides/Market,1
fosetyl-Al,kilogram,transformation,material/Chemicals/Pesticides/Transformation,2
fraction 1 from naphtha separation,kilogram,market,material/Chemicals/Organic/Market,1
fraction 1 from naphtha separation,kilogram,transformation,material/Chemicals/Organic/Transformation,2
fraction 7 from naphtha separation,kilogram,market,material/Chemicals/Organic/Market,1
fraction 7 from naphtha separation,kilogram,transformation,material/Chemicals/Organic/Transformation,2
fraction 8 from naphtha separation,kilogram,market,material/Chemicals/Organic/Market,1
fraction 8 from naphtha separation,kilogram,transformation,material/Chemicals/Organic/Transformation,2
"freight ship, transoceanic",unit,market,transport/Others/Obsolete,1
"freight ship, transoceanic",unit,transformation,transport/Others/Obsolete,1
"frit, for cathode ray tube display",kilogram,market,material/Electronics/Component/Market,1
"frit, for cathode ray tube display",kilogram,transformation,material/Electronics/Component/Transformation,1
"frit, for ceramic tile",kilogram,market,material/Construction/Ceramics/Market,1
"frit, for ceramic tile",kilogram,transformation,material/Construction/Ceramics/Transformation,1
"frozen fish sticks, hake",kilogram,market,material/Agricultural/Food/Market,1
"frozen fish sticks, hake",kilogram,transformation,material/Agricultural/Food/Transformation,2
"fruit tree seedling, for planting",unit,market,material/Agricultural/Plant seeds/Market,1
"fruit tree seedling, for planting",unit,transformation,material/Agricultural/Plant seeds/Transformation,2
"fuel cell, polymer electrolyte membrane, 2kW electrical, future",unit,market,energy/Cogeneration/Gas/Market/Infrastructure,1
"fuel cell, polymer electrolyte membrane, 2kW electrical, future",unit,transformation,energy/Cogeneration/Gas/Transformation/Infrastructure,2
"fuel cell, solid oxide, 125kW electrical, future",unit,market,energy/Cogeneration/Gas/Market/Infrastructure,1
"fuel cell, solid oxide, 125kW electrical, future",unit,transformation,energy/Cogeneration/Gas/Transformation/Infrastructure,2
"fuel cell, solid oxide, with micro gas turbine, 180kW electrical, future",unit,market,energy/Cogeneration/Gas/Market/Infrastructure,1
"fuel cell, solid oxide, with micro gas turbine, 180kW electrical, future",unit,transformation,energy/Cogeneration/Gas/Transformation/Infrastructure,2
"fuel cell, stack polymer electrolyte membrane, 2kW electrical, future",unit,market,energy/Cogeneration/Gas/Market/Infrastructure,1
"fuel cell, stack polymer electrolyte membrane, 2kW electrical, future",unit,transformation,energy/Cogeneration/Gas/Transformation/Infrastructure,2
"fuel cell, stack solid oxide, 125kW electrical, future",unit,market,energy/Cogeneration/Gas/Market/Infrastructure,1
"fuel cell, stack solid oxide, 125kW electrical, future",unit,transformation,energy/Cogeneration/Gas/Transformation/Infrastructure,2
"funnel glass, for cathode ray tube display",kilogram,market,material/Electronics/Component/Market,1
"funnel glass, for cathode ray tube display",kilogram,transformation,material/Electronics/Component/Transformation,1
"furnace, logs, 30kW",unit,market,energy/Heat/Wood/Market/Infrastructure,1
"furnace, logs, 30kW",unit,transformation,energy/Heat/Wood/Transformation/Infrastructure,2
"furnace, logs, 6kW",unit,market,energy/Heat/Wood/Market/Infrastructure,2
"furnace, logs, 6kW",unit,market,energy/Others/Obsolete,1
"furnace, logs, 6kW",unit,transformation,energy/Heat/Wood/Transformation/Infrastructure,2
"furnace, logs, average storage area, 100kW",unit,market,energy/Heat/Wood/Market/Infrastructure,1
"furnace, logs, average storage area, 100kW",unit,transformation,energy/Heat/Wood/Transformation/Infrastructure,2
"furnace, logs, average storage area, 30kW",unit,market,energy/Heat/Wood/Market/Infrastructure,1
"furnace, logs, average storage area, 30kW",unit,transformation,energy/Heat/Wood/Transformation/Infrastructure,2
"furnace, logs, average storage area, 6kW",unit,market,energy/Heat/Wood/Market/Infrastructure,1
"furnace, logs, average storage area, 6kW",unit,transformation,energy/Heat/Wood/Transformation/Infrastructure,2
"furnace, logs, hardwood storage area, 100kW",unit,market,energy/Heat/Wood/Market/Infrastructure,1
"furnace, logs, hardwood storage area, 100kW",unit,transformation,energy/Heat/Wood/Transformation/Infrastructure,2
"furnace, logs, hardwood storage area, 30kW",unit,market,energy/Heat/Wood/Market/Infrastructure,1
"furnace, logs, hardwood storage area, 30kW",unit,transformation,energy/Heat/Wood/Transformation/Infrastructure,2
"furnace, logs, hardwood storage area, 6kW",unit,market,energy/Heat/Wood/Market/Infrastructure,1
"furnace, logs, hardwood storage area, 6kW",unit,transformation,energy/Heat/Wood/Transformation/Infrastructure,2
"furnace, logs, softwood storage area, 100kW",unit,market,energy/Heat/Wood/Market/Infrastructure,1
"furnace, logs, softwood storage area, 100kW",unit,transformation,energy/Heat/Wood/Transformation/Infrastructure,2
"furnace, logs, softwood storage area, 30kW",unit,market,energy/Heat/Wood/Market/Infrastructure,1
"furnace, logs, softwood storage area, 30kW",unit,transformation,energy/Heat/Wood/Transformation/Infrastructure,2
"furnace, logs, softwood storage area, 6kW",unit,market,energy/Heat/Wood/Market/Infrastructure,1
"furnace, logs, softwood storage area, 6kW",unit,transformation,energy/Heat/Wood/Transformation/Infrastructure,2
"furnace, pellet, 15kW",unit,market,energy/Heat/Wood/Market/Infrastructure,1
"furnace, pellet, 15kW",unit,transformation,energy/Heat/Wood/Transformation/Infrastructure,2
"furnace, pellet, 50kW",unit,market,energy/Heat/Wood/Market/Infrastructure,1
"furnace, pellet, 50kW",unit,transformation,energy/Heat/Wood/Transformation/Infrastructure,2
"furnace, pellets, 25kW",unit,market,energy/Heat/Wood/Market/Infrastructure,1
"furnace, pellets, 25kW",unit,transformation,energy/Heat/Wood/Transformation/Infrastructure,2
"furnace, pellets, 9kW",unit,market,energy/Heat/Wood/Market/Infrastructure,1
"furnace, pellets, 9kW",unit,transformation,energy/Heat/Wood/Transformation/Infrastructure,2
"furnace, pellets, with silo, 300kW",unit,market,energy/Heat/Wood/Market/Infrastructure,1
"furnace, pellets, with silo, 300kW",unit,transformation,energy/Heat/Wood/Transformation/Infrastructure,2
"furnace, wood chips, average storage area, 1000kW",unit,market,energy/Heat/Wood/Market/Infrastructure,1
"furnace, wood chips, average storage area, 1000kW",unit,transformation,energy/Heat/Wood/Transformation/Infrastructure,2
"furnace, wood chips, average storage area, 300kW",unit,market,energy/Heat/Wood/Market/Infrastructure,1
"furnace, wood chips, average storage area, 300kW",unit,transformation,energy/Heat/Wood/Transformation/Infrastructure,2
"furnace, wood chips, average storage area, 50kW",unit,market,energy/Heat/Wood/Market/Infrastructure,1
"furnace, wood chips, average storage area, 50kW",unit,transformation,energy/Heat/Wood/Transformation/Infrastructure,2
"furnace, wood chips, hardwood storage area, 1000kW",unit,market,energy/Heat/Wood/Market/Infrastructure,1
"furnace, wood chips, hardwood storage area, 1000kW",unit,transformation,energy/Heat/Wood/Transformation/Infrastructure,2
"furnace, wood chips, hardwood storage area, 300kW",unit,market,energy/Heat/Wood/Market/Infrastructure,1
"furnace, wood chips, hardwood storage area, 300kW",unit,transformation,energy/Heat/Wood/Transformation/Infrastructure,2
"furnace, wood chips, hardwood storage area, 50kW",unit,market,energy/Heat/Wood/Market/Infrastructure,1
"furnace, wood chips, hardwood storage area, 50kW",unit,transformation,energy/Heat/Wood/Transformation/Infrastructure,2
"furnace, wood chips, softwood storage area, 1000kW",unit,market,energy/Heat/Wood/Market/Infrastructure,1
"furnace, wood chips, softwood storage area, 1000kW",unit,transformation,energy/Heat/Wood/Transformation/Infrastructure,2
"furnace, wood chips, softwood storage area, 300kW",unit,market,energy/Heat/Wood/Market/Infrastructure,1
"furnace, wood chips, softwood storage area, 300kW",unit,transformation,energy/Heat/Wood/Transformation/Infrastructure,2
"furnace, wood chips, softwood storage area, 50kW",unit,market,energy/Heat/Wood/Market/Infrastructure,1
"furnace, wood chips, softwood storage area, 50kW",unit,transformation,energy/Heat/Wood/Transformation/Infrastructure,2
"furnace, wood chips, with silo, 1000kW",unit,market,energy/Heat/Wood/Market/Infrastructure,1
"furnace, wood chips, with silo, 1000kW",unit,transformation,energy/Heat/Wood/Transformation/Infrastructure,2
"furnace, wood chips, with silo, 300kW",unit,market,energy/Heat/Wood/Market/Infrastructure,1
"furnace, wood chips, with silo, 300kW",unit,transformation,energy/Heat/Wood/Transformation/Infrastructure,2
"furnace, wood chips, with silo, 5000kW",unit,market,energy/Heat/Wood/Market/Infrastructure,1
"furnace, wood chips, with silo, 5000kW",unit,transformation,energy/Heat/Wood/Transformation/Infrastructure,2
"furnace, wood chips, with silo, 50kW",unit,market,energy/Heat/Wood/Market/Infrastructure,1
"furnace, wood chips, with silo, 50kW",unit,transformation,energy/Heat/Wood/Transformation/Infrastructure,2
"furniture, wooden",kilogram,market,material/Appliances/Market/Infrastructure,1
"furniture, wooden",kilogram,transformation,material/Appliances/Transformation/Infrastructure,1
"furrow covering, sugarcane",hectare,market,processing/Agricultural/Market,1
"furrow covering, sugarcane",hectare,transformation,processing/Agricultural/Transformation,2
"furrowing, sugarcane",hectare,market,processing/Agricultural/Market,1
"furrowing, sugarcane",hectare,transformation,processing/Agricultural/Transformation,2
gadolinium oxide,kilogram,market,material/Chemicals/Inorganic/Market,1
gadolinium oxide,kilogram,transformation,material/Chemicals/Inorganic/Transformation,3
"gallium, in Bayer liquor from aluminium production",kilogram,market,material/Metals/Non ferro/Market,1
"gallium, in Bayer liquor from aluminium production",kilogram,transformation,material/Metals/Non ferro/Transformation,1
"gallium, semiconductor-grade",kilogram,market,material/Metals/Non ferro/Market,1
"gallium, semiconductor-grade",kilogram,transformation,material/Metals/Non ferro/Transformation,1
"garage, wood, non-insulated, fire-protected",square meter,market,material/Construction/Others/Market/Infrastructure,1
"garage, wood, non-insulated, fire-protected",square meter,transformation,material/Construction/Others/Transformation/Infrastructure,2
gas boiler,unit,market,energy/Heat/Gas/Market/Infrastructure,1
gas boiler,unit,transformation,energy/Heat/Gas/Transformation/Infrastructure,2
"gas motor, 206kW",unit,market,energy/Cogeneration/Gas/Market/Infrastructure,1
"gas motor, 206kW",unit,transformation,energy/Cogeneration/Gas/Transformation/Infrastructure,2
"gas motor, mini CHP plant",unit,market,energy/Cogeneration/Gas/Market/Infrastructure,1
"gas motor, mini CHP plant",unit,transformation,energy/Cogeneration/Gas/Transformation/Infrastructure,2
"gas power plant, 100MW electrical",unit,market,energy/Electricity by fuel/Gas/Market/Infrastructure,1
"gas power plant, 100MW electrical",unit,transformation,energy/Electricity by fuel/Gas/Transformation/Infrastructure,2
"gas power plant, 300MW electrical",unit,market,energy/Electricity by fuel/Gas/Market/Infrastructure,1
"gas power plant, 300MW electrical",unit,transformation,energy/Electricity by fuel/Gas/Transformation/Infrastructure,1
"gas power plant, combined cycle, 400MW electrical",unit,market,energy/Electricity by fuel/Gas/Market/Infrastructure,1
"gas power plant, combined cycle, 400MW electrical",unit,transformation,energy/Cogeneration/Gas/Transformation/Infrastructure,2
"gas turbine, 10MW electrical",unit,market,energy/Electricity by fuel/Gas/Market/Infrastructure,1
"gas turbine, 10MW electrical",unit,transformation,energy/Electricity by fuel/Gas/Transformation/Infrastructure,2
"gas turbine, 80MW, for compressed air energy storage",unit,market,energy/Electricity by fuel/Gas/Market/Infrastructure,1
"gas turbine, 80MW, for compressed air energy storage",unit,transformation,energy/Electricity by fuel/Gas/Transformation/Infrastructure,1
"generator, 200kW electrical",unit,market,energy/Cogeneration/Gas/Market/Infrastructure,1
"generator, 200kW electrical",unit,transformation,energy/Cogeneration/Gas/Transformation/Infrastructure,2
"generator, mini CHP plant",unit,market,energy/Cogeneration/Gas/Market/Infrastructure,1
"generator, mini CHP plant",unit,transformation,energy/Cogeneration/Gas/Transformation/Infrastructure,2
"geothermal power plant, 5.5MWel",unit,market,energy/Electricity by fuel/Geothermal/Market/Infrastructure,1
"geothermal power plant, 5.5MWel",unit,transformation,energy/Electricity by fuel/Geothermal/Transformation/Infrastructure,9
"geothermal power plant, Hot-Dry-Rock",unit,market,energy/Electricity by fuel/Geothermal/Market/Infrastructure,1
"geothermal power plant, Hot-Dry-Rock",unit,transformation,energy/Electricity by fuel/Geothermal/Transformation/Infrastructure,1
"geothermal power plant, undefined type",unit,market,energy/Electricity by fuel/Geothermal/Market/Infrastructure,1
"geothermal power plant, undefined type",unit,transformation,energy/Electricity by fuel/Geothermal/Transformation/Infrastructure,1
"glass cullet, for Saint-Gobain ISOVER SA",kilogram,market,material/Glass/Waste glass/Market,1
"glass cullet, for Saint-Gobain ISOVER SA",kilogram,transformation,material/Glass/Packaging/Transformation,1
"glass cullet, for Saint-Gobain ISOVER SA",kilogram,transformation,material/Glass/Waste glass/Transformation,1
"glass cullet, from fluorescent lamps treatment",kilogram,market,waste treatment/Electronics waste/Market,1
"glass cullet, from fluorescent lamps treatment",kilogram,transformation,waste treatment/Electronics waste/Transformation,1
"glass cullet, from fluorescent lamps treatment",kilogram,transformation,waste treatment/Landfill/Inert material landfill/Transformation,1
"glass cullet, from used cathode ray tube panels",kilogram,market,waste treatment/Electronics waste/Market,1
"glass cullet, from used cathode ray tube panels",kilogram,transformation,waste treatment/Landfill/Inert material landfill/Transformation,1
"glass cullet, lead containing, from used cathode ray tube",kilogram,market,waste treatment/Electronics waste/Market,1
"glass cullet, lead containing, from used cathode ray tube",kilogram,transformation,waste treatment/Landfill/Inert material landfill/Transformation,1
"glass cullet, mixed glass from used cathode ray tube",kilogram,market,waste treatment/Electronics waste/Market,1
"glass cullet, mixed glass from used cathode ray tube",kilogram,transformation,waste treatment/Landfill/Inert material landfill/Transformation,1
"glass cullet, sorted",kilogram,market,material/Glass/Waste glass/Market,2
"glass cullet, sorted",kilogram,market,material/Others/Obsolete,1
"glass cullet, sorted",kilogram,transformation,material/Glass/Packaging/Transformation,1
"glass cullet, sorted",kilogram,transformation,material/Glass/Waste glass/Transformation,2
glass etching factory,unit,market,material/Glass/Construction/Market/Infrastructure,1
glass etching factory,unit,transformation,material/Glass/Construction/Transformation/Infrastructure,2
glass fibre,kilogram,market,material/Glass/Construction/Market,1
glass fibre,kilogram,transformation,material/Glass/Construction/Transformation,2
"glass fibre reinforced plastic, polyamide, injection moulded",kilogram,market,material/Plastics/Thermoplasts/Market,1
"glass fibre reinforced plastic, polyamide, injection moulded",kilogram,transformation,material/Plastics/Thermoplasts/Transformation,2
"glass fibre reinforced plastic, polyester resin, hand lay-up",kilogram,market,material/Plastics/Thermosets/Market,1
"glass fibre reinforced plastic, polyester resin, hand lay-up",kilogram,transformation,material/Plastics/Thermosets/Transformation,2
glass from used cathode ray tube,kilogram,market,waste treatment/Electronics waste/Market,1
glass from used cathode ray tube,kilogram,transformation,waste treatment/Electronics waste/Transformation,1
glass tube factory,unit,market,material/Glass/Construction/Market/Infrastructure,1
glass tube factory,unit,transformation,material/Glass/Construction/Transformation/Infrastructure,2
"glass tube, borosilicate",kilogram,market,material/Glass/Construction/Market,1
"glass tube, borosilicate",kilogram,transformation,material/Glass/Construction/Transformation,2
glass wool mat,kilogram,market,material/Construction/Insulation/Market,1
glass wool mat,kilogram,transformation,material/Construction/Insulation/Transformation,4
glass wool mat,kilogram,transformation,material/Others/Obsolete,1
"glass wool mat, uncoated, Saint-Gobain ISOVER SA",kilogram,market,material/Construction/Insulation/Market,1
"glass wool mat, uncoated, Saint-Gobain ISOVER SA",kilogram,transformation,material/Construction/Insulation/Transformation,2
"glass, for liquid crystal display",kilogram,market,material/Electronics/Component/Market,1
"glass, for liquid crystal display",kilogram,transformation,material/Electronics/Component/Transformation,1
"glazing, double, U<1.1 W/m2K",square meter,market,material/Glass/Construction/Market,1
"glazing, double, U<1.1 W/m2K",square meter,transformation,material/Glass/Construction/Transformation,2
"glazing, double, U<1.1 W/m2K, laminated safety glass",square meter,market,material/Glass/Construction/Market,1
"glazing, double, U<1.1 W/m2K, laminated safety glass",square meter,transformation,material/Glass/Construction/Transformation,2
"glazing, triple, U<0.5 W/m2K",square meter,market,material/Glass/Construction/Market,1
"glazing, triple, U<0.5 W/m2K",square meter,transformation,material/Glass/Construction/Transformation,2
"glider, for electric scooter",kilogram,market,material/Electronics/Component/Market,1
"glider, for electric scooter",kilogram,transformation,material/Electronics/Component/Transformation,1
"glider, passenger car",kilogram,market,material/Electronics/Component/Market,1
"glider, passenger car",kilogram,transformation,material/Electronics/Component/Transformation,1
glucose,kilogram,market,material/Chemicals/Organic/Market,1
glucose,kilogram,transformation,material/Chemicals/Organic/Transformation,2
glucose,kilogram,transformation,material/Others/Obsolete,3
"glued laminated timber, average glue mix",cubic meter,market,material/Wood/Products/Market,2
"glued laminated timber, average glue mix",cubic meter,transformation,material/Wood/Products/Transformation,3
"glued laminated timber, for indoor use",cubic meter,market,material/Others/Obsolete,1
"glued laminated timber, for indoor use",cubic meter,transformation,material/Others/Obsolete,2
"glued laminated timber, for outdoor use",cubic meter,market,material/Others/Obsolete,1
"glued laminated timber, for outdoor use",cubic meter,transformation,material/Others/Obsolete,2
"glued laminated timber, MUF-glue",cubic meter,market,material/Wood/Products/Market,1
"glued laminated timber, MUF-glue",cubic meter,transformation,material/Wood/Products/Transformation,1
"glued laminated timber, PUR-glue",cubic meter,market,material/Wood/Products/Market,1
"glued laminated timber, PUR-glue",cubic meter,transformation,material/Wood/Products/Transformation,1
glued solid timber,cubic meter,market,material/Wood/Products/Market,2
glued solid timber,cubic meter,transformation,material/Wood/Products/Transformation,2
gluing mill,unit,market,material/Wood/Products/Market/Infrastructure,1
gluing mill,unit,transformation,material/Wood/Products/Transformation/Infrastructure,2
glycerin distillate bottom,kilogram,market,material/Chemicals/Organic/Market,1
glycerin distillate bottom,kilogram,transformation,material/Chemicals/Organic/Transformation,1
glycerine,kilogram,market,material/Chemicals/Organic/Market,2
glycerine,kilogram,market,material/Others/Obsolete,1
glycerine,kilogram,transformation,material/Chemicals/Organic/Transformation,15
glycine,kilogram,market,material/Chemicals/Organic/Market,1
glycine,kilogram,transformation,material/Chemicals/Organic/Transformation,2
glyoxal,kilogram,market,material/Chemicals/Organic/Market,2
glyoxal,kilogram,market,material/Others/Obsolete,1
glyoxal,kilogram,transformation,material/Chemicals/Organic/Transformation,2
glyphosate,kilogram,market,material/Chemicals/Pesticides/Market,1
glyphosate,kilogram,transformation,material/Chemicals/Pesticides/Transformation,2
gold,kilogram,market,material/Metals/Non ferro/Market,1
gold,kilogram,transformation,material/Metals/Non ferro/Transformation,17
gold,kilogram,transformation,material/Others/Obsolete,2
"gold, unrefined",kilogram,market,material/Metals/Non ferro/Market,1
"gold, unrefined",kilogram,transformation,material/Metals/Non ferro/Transformation,4
"gold, unrefined",kilogram,transformation,waste treatment/Others/Obsolete,1
"gold-silver, ingot",kilogram,market,material/Metals/Non ferro/Market,1
"gold-silver, ingot",kilogram,transformation,material/Metals/Non ferro/Transformation,2
goods wagon,unit,market,transport/Rail/Market/Infrastructure,1
goods wagon,unit,transformation,transport/Rail/Transformation/Infrastructure,2
granulated blast furnace slag,kilogram,market,material/Metals/Waste metals/Market,1
granulated blast furnace slag,kilogram,market,material/Others/Obsolete,1
granulated blast furnace slag,kilogram,transformation,material/Metals/Waste metals/Transformation,1
granulated blast furnace slag,kilogram,transformation,material/Others/Obsolete,1
grape,kilogram,market,material/Agricultural/Plant production/Fruits/Market,1
grape,kilogram,transformation,material/Agricultural/Plant production/Fruits/Transformation,2
grape,kilogram,transformation,material/Others/Obsolete,1
"graphic paper, 100% recycled",kilogram,market,material/Paper+ Board/Graphic paper/Market,1
"graphic paper, 100% recycled",kilogram,transformation,material/Paper+ Board/Graphic paper/Transformation,2
graphite,kilogram,market,material/Chemicals/Organic/Market,1
graphite,kilogram,transformation,material/Chemicals/Organic/Transformation,2
"graphite, battery grade",kilogram,market,material/Chemicals/Organic/Market,1
"graphite, battery grade",kilogram,transformation,material/Chemicals/Organic/Transformation,2
grass fibre,kilogram,market,material/Agricultural/Plant production/Roughage/Market,1
grass fibre,kilogram,market,waste treatment/Others/Obsolete,1
grass fibre,kilogram,transformation,material/Agricultural/Animal feed/Transformation,2
grass fibre,kilogram,transformation,material/Others/Obsolete,2
"grass seed, organic, for sowing",kilogram,market,material/Agricultural/Plant seeds/Market,1
"grass seed, organic, for sowing",kilogram,transformation,material/Agricultural/Plant seeds/Transformation,2
"grass seed, Swiss integrated production, at farm",kilogram,market,material/Agricultural/Plant seeds/Market,1
"grass seed, Swiss integrated production, at farm",kilogram,transformation,material/Agricultural/Plant seeds/Transformation,1
"grass seed, Swiss integrated production, for sowing",kilogram,market,material/Agricultural/Plant seeds/Market,1
"grass seed, Swiss integrated production, for sowing",kilogram,market,material/Others/Obsolete,1
"grass seed, Swiss integrated production, for sowing",kilogram,transformation,material/Agricultural/Plant seeds/Transformation,1
"grass silage, organic",kilogram,market,material/Agricultural/Animal feed/Market,1
"grass silage, organic",kilogram,transformation,material/Agricultural/Animal feed/Transformation,1
"grass silage, organic",kilogram,transformation,material/Others/Obsolete,1
"grass silage, Swiss integrated production",kilogram,market,material/Agricultural/Animal feed/Market,1
"grass silage, Swiss integrated production",kilogram,transformation,material/Agricultural/Animal feed/Transformation,1
"grass silage, Swiss integrated production",kilogram,transformation,material/Others/Obsolete,4
"grass, organic",kilogram,market,material/Agricultural/Animal feed/Market,1
"grass, organic",kilogram,transformation,material/Agricultural/Animal feed/Transformation,6
"grass, Swiss integrated production",kilogram,market,material/Agricultural/Animal feed/Market,1
"grass, Swiss integrated production",kilogram,market,material/Others/Obsolete,1
"grass, Swiss integrated production",kilogram,transformation,material/Agricultural/Animal feed/Transformation,3
"gravel, crushed",kilogram,market,material/Minerals/Market,5
"gravel, crushed",kilogram,market,material/Others/Obsolete,1
"gravel, crushed",kilogram,transformation,material/Minerals/Transformation,5
"gravel, round",kilogram,market,material/Minerals/Market,2
"gravel, round",kilogram,market,material/Others/Obsolete,1
"gravel, round",kilogram,transformation,material/Minerals/Transformation,2
gravel/sand quarry infrastructure,unit,market,material/Minerals/Market/Infrastructure,1
gravel/sand quarry infrastructure,unit,transformation,material/Minerals/Transformation/Infrastructure,2
green asparagus,kilogram,market,material/Agricultural/Plant production/Vegetables/Market,1
green asparagus,kilogram,transformation,material/Agricultural/Plant production/Vegetables/Transformation,1
green bell pepper,kilogram,market,material/Others/Obsolete,1
green bell pepper,kilogram,transformation,material/Others/Obsolete,1
green liquor dregs,kilogram,market,waste treatment/Others/Market,1
green liquor dregs,kilogram,transformation,waste treatment/Landfill/Residual material landfill/Transformation,2
"green manure, organic, until April",hectare,market,material/Chemicals/Fertilisers (organic)/Market,1
"green manure, organic, until April",hectare,market,material/Others/Obsolete,2
"green manure, organic, until April",hectare,transformation,material/Chemicals/Fertilisers (organic)/Transformation,2
"green manure, organic, until February",hectare,market,material/Chemicals/Fertilisers (organic)/Market,2
"green manure, organic, until February",hectare,market,material/Others/Obsolete,1
"green manure, organic, until February",hectare,transformation,material/Chemicals/Fertilisers (organic)/Transformation,2
"green manure, organic, until January",hectare,market,material/Chemicals/Fertilisers (organic)/Market,1
"green manure, organic, until January",hectare,market,material/Others/Obsolete,2
"green manure, organic, until January",hectare,transformation,material/Chemicals/Fertilisers (organic)/Transformation,2
"green manure, organic, until March",hectare,market,material/Chemicals/Fertilisers (organic)/Market,1
"green manure, organic, until March",hectare,market,material/Others/Obsolete,2
"green manure, organic, until March",hectare,transformation,material/Chemicals/Fertilisers (organic)/Transformation,2
"green manure, Swiss integrated production, until April",hectare,market,material/Chemicals/Fertilisers (organic)/Market,1
"green manure, Swiss integrated production, until April",hectare,market,material/Others/Obsolete,2
"green manure, Swiss integrated production, until April",hectare,transformation,material/Chemicals/Fertilisers (organic)/Transformation,1
"green manure, Swiss integrated production, until April",hectare,transformation,material/Others/Obsolete,1
"green manure, Swiss integrated production, until February",hectare,market,material/Chemicals/Fertilisers (organic)/Market,1
"green manure, Swiss integrated production, until February",hectare,market,material/Others/Obsolete,2
"green manure, Swiss integrated production, until February",hectare,transformation,material/Chemicals/Fertilisers (organic)/Transformation,1
"green manure, Swiss integrated production, until February",hectare,transformation,material/Others/Obsolete,1
"green manure, Swiss integrated production, until January",hectare,market,material/Chemicals/Fertilisers (organic)/Market,1
"green manure, Swiss integrated production, until January",hectare,market,material/Others/Obsolete,2
"green manure, Swiss integrated production, until January",hectare,transformation,material/Chemicals/Fertilisers (organic)/Transformation,1
"green manure, Swiss integrated production, until January",hectare,transformation,material/Others/Obsolete,1
"green manure, Swiss integrated production, until March",hectare,market,material/Chemicals/Fertilisers (organic)/Market,1
"green manure, Swiss integrated production, until March",hectare,market,material/Others/Obsolete,2
"green manure, Swiss integrated production, until March",hectare,transformation,material/Chemicals/Fertilisers (organic)/Transformation,1
"green manure, Swiss integrated production, until March",hectare,transformation,material/Others/Obsolete,1
"greenhouse, glass walls and roof",square meter-year,market,material/Agricultural/Plant production/Other/Market/Infrastructure,1
"greenhouse, glass walls and roof",square meter-year,transformation,material/Agricultural/Plant production/Other/Transformation/Infrastructure,4
"greenhouse, plastic walls and roof",square meter-year,market,material/Agricultural/Plant production/Other/Market/Infrastructure,1
"greenhouse, plastic walls and roof",square meter-year,transformation,material/Agricultural/Plant production/Other/Transformation/Infrastructure,4
ground granulated blast furnace slag,kilogram,market,material/Construction/Binders/Market,4
ground granulated blast furnace slag,kilogram,market,material/Others/Obsolete,1
ground granulated blast furnace slag,kilogram,transformation,material/Construction/Binders/Transformation,4
gypsum fibreboard,kilogram,market,material/Construction/Coverings/Market,1
gypsum fibreboard,kilogram,transformation,material/Construction/Coverings/Transformation,2
gypsum plasterboard,kilogram,market,material/Construction/Coverings/Market,1
gypsum plasterboard,kilogram,transformation,material/Construction/Coverings/Transformation,2
"gypsum, mineral",kilogram,market,material/Minerals/Market,4
"gypsum, mineral",kilogram,market,material/Others/Obsolete,1
"gypsum, mineral",kilogram,transformation,material/Minerals/Transformation,5
"gypsum, mineral",kilogram,transformation,material/Others/Obsolete,3
h3PO4 purification residue,kilogram,market,waste treatment/Others/Market,1
h3PO4 purification residue,kilogram,transformation,waste treatment/Landfill/Residual material landfill/Transformation,2
hafnium sponge,kilogram,market,material/Metals/Non ferro/Market,1
hafnium sponge,kilogram,transformation,material/Metals/Non ferro/Transformation,3
hafnium tetrachloride,kilogram,market,material/Chemicals/Inorganic/Market,1
hafnium tetrachloride,kilogram,transformation,material/Chemicals/Inorganic/Transformation,3
hair dryer,unit,market,material/Appliances/Market/Infrastructure,1
hair dryer,unit,transformation,material/Appliances/Transformation/Infrastructure,1
"hard chromium coat, electroplating, steel substrate, 0.14 mm thickness",square meter,market,processing/Metals/Coating/Market,1
"hard chromium coat, electroplating, steel substrate, 0.14 mm thickness",square meter,transformation,processing/Metals/Coating/Transformation,1
hard coal,kilogram,market,material/Fuels/Coal/Market,10
hard coal,kilogram,market,material/Others/Obsolete,2
hard coal,kilogram,transformation,material/Fuels/Coal/Market/Import,27
hard coal,kilogram,transformation,material/Fuels/Coal/Transformation,12
hard coal,kilogram,transformation,material/Others/Obsolete,4
hard coal ash,kilogram,market,waste treatment/Others/Market,2
hard coal ash,kilogram,market,waste treatment/Others/Obsolete,1
hard coal ash,kilogram,transformation,waste treatment/Incineration/Municipal incineration/Transformation,3
hard coal ash,kilogram,transformation,waste treatment/Landfill/Residual material landfill/Transformation,13
hard coal ash,kilogram,transformation,waste treatment/Landfill/Sanitary landfill/Transformation,2
hard coal ash,kilogram,transformation,waste treatment/Others/Obsolete,14
hard coal ash,kilogram,transformation,waste treatment/Others/Transformation,52
hard coal briquettes,megajoule,market,material/Fuels/Coal/Market,2
hard coal briquettes,megajoule,market,material/Others/Obsolete,1
hard coal briquettes,megajoule,transformation,material/Fuels/Coal/Transformation,2
hard coal briquettes factory,unit,market,material/Fuels/Coal/Market/Infrastructure,1
hard coal briquettes factory,unit,transformation,material/Fuels/Coal/Transformation/Infrastructure,2
hard coal coke factory,unit,market,material/Fuels/Coal/Market/Infrastructure,1
hard coal coke factory,unit,transformation,material/Fuels/Coal/Transformation/Infrastructure,2
hard coal power plant,unit,market,energy/Electricity by fuel/Coal/Market/Infrastructure,1
hard coal power plant,unit,transformation,energy/Electricity by fuel/Coal/Transformation/Infrastructure,2
hard coal preparation plant,unit,market,material/Fuels/Coal/Market/Infrastructure,1
hard coal preparation plant,unit,transformation,material/Fuels/Coal/Transformation/Infrastructure,1
"hard coal, run-of-mine",kilogram,market,material/Fuels/Coal/Market,2
"hard coal, run-of-mine",kilogram,transformation,material/Fuels/Coal/Transformation,4
"hard disk drive, for desktop computer",unit,market,material/Electronics/Module/Market,1
"hard disk drive, for desktop computer",unit,transformation,material/Electronics/Module/Transformation,1
"hard disk drive, for laptop computer",unit,market,material/Electronics/Module/Market,1
"hard disk drive, for laptop computer",unit,transformation,material/Electronics/Module/Transformation,1
harvester,kilogram,market,processing/Agricultural/Market/Infrastructure,1
harvester,kilogram,transformation,processing/Agricultural/Transformation/Infrastructure,2
"harvesting, by complete harvester, beets",hectare,market,processing/Agricultural/Market,1
"harvesting, by complete harvester, beets",hectare,transformation,processing/Agricultural/Transformation,2
"harvesting, by complete harvester, ground crops",hectare,market,processing/Agricultural/Market,1
"harvesting, by complete harvester, ground crops",hectare,transformation,processing/Agricultural/Transformation,3
"harvesting, by complete harvester, potatoes",hectare,market,processing/Others/Obsolete,1
"harvesting, by complete harvester, potatoes",hectare,transformation,processing/Others/Obsolete,3
"harvesting, forestry harvester",hour,market,processing/Agricultural/Market,1
"harvesting, forestry harvester",hour,transformation,processing/Agricultural/Transformation,2
"harvesting, sugarcane",hectare,market,processing/Agricultural/Market,1
"harvesting, sugarcane",hectare,transformation,processing/Agricultural/Transformation,2
"harvesting/bundling, energy wood harvester",hour,market,processing/Agricultural/Market,1
"harvesting/bundling, energy wood harvester",hour,transformation,processing/Agricultural/Transformation,2
hay,kilogram,market,material/Agricultural/Plant production/Roughage/Market,1
hay,kilogram,transformation,material/Agricultural/Plant production/Roughage/Transformation,2
"hay, organic, intensive",kilogram,market,material/Agricultural/Plant production/Roughage/Market,1
"hay, organic, intensive",kilogram,transformation,material/Agricultural/Plant production/Roughage/Transformation,2
"hay, Swiss integrated production, extensive",kilogram,market,material/Agricultural/Plant production/Roughage/Market,1
"hay, Swiss integrated production, extensive",kilogram,transformation,material/Agricultural/Plant production/Roughage/Transformation,1
"hay, Swiss integrated production, intensive",kilogram,market,material/Agricultural/Plant production/Roughage/Market,1
"hay, Swiss integrated production, intensive",kilogram,transformation,material/Agricultural/Plant production/Roughage/Transformation,1
"haying, by rotary tedder",hectare,market,processing/Agricultural/Market,1
"haying, by rotary tedder",hectare,transformation,processing/Agricultural/Transformation,3
hazardous waste incineration facility,unit,market,processing/Waste/Market/Infrastructure,1
hazardous waste incineration facility,unit,transformation,processing/Waste/Transformation/Infrastructure,2
"hazardous waste, for incineration",kilogram,market,waste treatment/Incineration/Hazardous waste incineration/Market,3
"hazardous waste, for incineration",kilogram,market,waste treatment/Others/Obsolete,1
"hazardous waste, for incineration",kilogram,transformation,waste treatment/Incineration/Hazardous waste incineration/Transformation,6
"hazardous waste, for underground deposit",kilogram,market,waste treatment/Others/Obsolete,1
"hazardous waste, for underground deposit",kilogram,market,waste treatment/Underground deposit/Market,2
"hazardous waste, for underground deposit",kilogram,transformation,waste treatment/Underground deposit/Transformation,2
"heat and power co-generation unit, 160kW electrical, common components for heat+electricity",unit,market,energy/Cogeneration/Gas/Market/Infrastructure,1
"heat and power co-generation unit, 160kW electrical, common components for heat+electricity",unit,transformation,energy/Cogeneration/Gas/Transformation/Infrastructure,2
"heat and power co-generation unit, 160kW electrical, components for electricity only",unit,market,energy/Cogeneration/Gas/Market/Infrastructure,1
"heat and power co-generation unit, 160kW electrical, components for electricity only",unit,transformation,energy/Cogeneration/Gas/Transformation/Infrastructure,2
"heat and power co-generation unit, 160kW electrical, components for heat only",unit,market,energy/Cogeneration/Gas/Market/Infrastructure,1
"heat and power co-generation unit, 160kW electrical, components for heat only",unit,transformation,energy/Cogeneration/Gas/Transformation/Infrastructure,2
"heat and power co-generation unit, 1MW electrical, common components for heat+electricity",unit,market,energy/Cogeneration/Gas/Market/Infrastructure,1
"heat and power co-generation unit, 1MW electrical, common components for heat+electricity",unit,transformation,energy/Cogeneration/Gas/Transformation/Infrastructure,2
"heat and power co-generation unit, 1MW electrical, components for electricity only",unit,market,energy/Cogeneration/Gas/Market/Infrastructure,1
"heat and power co-generation unit, 1MW electrical, components for electricity only",unit,transformation,energy/Cogeneration/Gas/Transformation/Infrastructure,2
"heat and power co-generation unit, 1MW electrical, components for heat only",unit,market,energy/Cogeneration/Gas/Market/Infrastructure,1
"heat and power co-generation unit, 1MW electrical, components for heat only",unit,transformation,energy/Cogeneration/Gas/Transformation/Infrastructure,2
"heat and power co-generation unit, 1MWel, 6.4MWth",unit,market,energy/Cogeneration/Gas/Market/Infrastructure,1
"heat and power co-generation unit, 1MWel, 6.4MWth",unit,transformation,energy/Cogeneration/Gas/Transformation/Infrastructure,2
"heat and power co-generation unit, 200kW electrical, common components for heat+electricity",unit,market,energy/Cogeneration/Gas/Market/Infrastructure,1
"heat and power co-generation unit, 200kW electrical, common components for heat+electricity",unit,transformation,energy/Cogeneration/Gas/Transformation/Infrastructure,2
"heat and power co-generation unit, 200kW electrical, components for electricity only",unit,market,energy/Cogeneration/Gas/Market/Infrastructure,1
"heat and power co-generation unit, 200kW electrical, components for electricity only",unit,transformation,energy/Cogeneration/Gas/Transformation/Infrastructure,2
"heat and power co-generation unit, 200kW electrical, components for heat only",unit,market,energy/Cogeneration/Gas/Market/Infrastructure,1
"heat and power co-generation unit, 200kW electrical, components for heat only",unit,transformation,energy/Cogeneration/Gas/Transformation/Infrastructure,2
"heat and power co-generation unit, 200kW electrical, diesel SCR, common components for heat+electricity",unit,market,energy/Cogeneration/Oil/Market/Infrastructure,1
"heat and power co-generation unit, 200kW electrical, diesel SCR, common components for heat+electricity",unit,transformation,energy/Cogeneration/Oil/Transformation/Infrastructure,2
"heat and power co-generation unit, 200kW electrical, diesel SCR, components for electricity only",unit,market,energy/Cogeneration/Oil/Market/Infrastructure,1
"heat and power co-generation unit, 200kW electrical, diesel SCR, components for electricity only",unit,transformation,energy/Cogeneration/Oil/Transformation/Infrastructure,2
"heat and power co-generation unit, 200kW electrical, diesel SCR, components for heat only",unit,market,energy/Cogeneration/Oil/Market/Infrastructure,1
"heat and power co-generation unit, 200kW electrical, diesel SCR, components for heat only",unit,transformation,energy/Cogeneration/Oil/Transformation/Infrastructure,2
"heat and power co-generation unit, 500kW electrical, common components for heat+electricity",unit,market,energy/Cogeneration/Gas/Market/Infrastructure,1
"heat and power co-generation unit, 500kW electrical, common components for heat+electricity",unit,transformation,energy/Cogeneration/Gas/Transformation/Infrastructure,2
"heat and power co-generation unit, 500kW electrical, components for electricity only",unit,market,energy/Cogeneration/Gas/Market/Infrastructure,1
"heat and power co-generation unit, 500kW electrical, components for electricity only",unit,transformation,energy/Cogeneration/Gas/Transformation/Infrastructure,2
"heat and power co-generation unit, 500kW electrical, components for heat only",unit,market,energy/Cogeneration/Gas/Market/Infrastructure,1
"heat and power co-generation unit, 500kW electrical, components for heat only",unit,transformation,energy/Cogeneration/Gas/Transformation/Infrastructure,2
"heat and power co-generation unit, 50kW electrical, common components for heat+electricity",unit,market,energy/Cogeneration/Gas/Market/Infrastructure,1
"heat and power co-generation unit, 50kW electrical, common components for heat+electricity",unit,transformation,energy/Cogeneration/Gas/Transformation/Infrastructure,2
"heat and power co-generation unit, 50kW electrical, components for electricity only",unit,market,energy/Cogeneration/Gas/Market/Infrastructure,1
"heat and power co-generation unit, 50kW electrical, components for electricity only",unit,transformation,energy/Cogeneration/Gas/Transformation/Infrastructure,2
"heat and power co-generation unit, 50kW electrical, components for heat only",unit,market,energy/Cogeneration/Gas/Market/Infrastructure,1
"heat and power co-generation unit, 50kW electrical, components for heat only",unit,transformation,energy/Cogeneration/Gas/Transformation/Infrastructure,2
"heat and power co-generation unit, 6400kW thermal, building",unit,market,energy/Cogeneration/Gas/Market/Infrastructure,1
"heat and power co-generation unit, 6400kW thermal, building",unit,transformation,energy/Cogeneration/Wood/Transformation/Infrastructure,2
"heat and power co-generation unit, 6400kW thermal, common components for heat+electricity",unit,market,energy/Cogeneration/Gas/Market/Infrastructure,1
"heat and power co-generation unit, 6400kW thermal, common components for heat+electricity",unit,transformation,energy/Cogeneration/Wood/Transformation/Infrastructure,2
"heat and power co-generation unit, 6400kW thermal, components for electricity only",unit,market,energy/Cogeneration/Gas/Market/Infrastructure,1
"heat and power co-generation unit, 6400kW thermal, components for electricity only",unit,transformation,energy/Cogeneration/Wood/Transformation/Infrastructure,2
"heat and power co-generation unit, organic Rankine cycle, 1000kW electrical",unit,market,energy/Cogeneration/Gas/Market/Infrastructure,1
"heat and power co-generation unit, organic Rankine cycle, 1000kW electrical",unit,transformation,energy/Cogeneration/Gas/Transformation/Infrastructure,1
"heat and power co-generation unit, organic Rankine cycle, 1400kW thermal, building",unit,market,energy/Cogeneration/Gas/Market/Infrastructure,1
"heat and power co-generation unit, organic Rankine cycle, 1400kW thermal, building",unit,transformation,energy/Cogeneration/Wood/Transformation/Infrastructure,2
"heat and power co-generation unit, organic Rankine cycle, 1400kW thermal, common components, heat+electricity",unit,market,energy/Cogeneration/Gas/Market/Infrastructure,1
"heat and power co-generation unit, organic Rankine cycle, 1400kW thermal, common components, heat+electricity",unit,transformation,energy/Cogeneration/Wood/Transformation/Infrastructure,2
"heat and power co-generation unit, organic Rankine cycle, 1400kW thermal, components for electricity only",unit,market,energy/Cogeneration/Gas/Market/Infrastructure,1
"heat and power co-generation unit, organic Rankine cycle, 1400kW thermal, components for electricity only",unit,transformation,energy/Cogeneration/Wood/Transformation/Infrastructure,2
"heat and power co-generation unit, organic Rankine cycle, 1MWe, 6.4 MWth",unit,market,energy/Cogeneration/Gas/Market/Infrastructure,1
"heat and power co-generation unit, organic Rankine cycle, 1MWe, 6.4 MWth",unit,transformation,energy/Cogeneration/Gas/Transformation/Infrastructure,2
"heat and power co-generation unit, organic Rankine cycle, 200kW electrical",unit,market,energy/Cogeneration/Gas/Market/Infrastructure,1
"heat and power co-generation unit, organic Rankine cycle, 200kW electrical",unit,transformation,energy/Cogeneration/Gas/Transformation/Infrastructure,1
"heat and power co-generation unit, organic Rankine cycle, 3MW electrical",unit,market,energy/Cogeneration/Gas/Market/Infrastructure,1
"heat and power co-generation unit, organic Rankine cycle, 3MW electrical",unit,transformation,energy/Cogeneration/Gas/Transformation/Infrastructure,1
"heat carrier liquid, 40% C3H8O2",cubic meter,market,waste treatment/Others/Market,2
"heat carrier liquid, 40% C3H8O2",cubic meter,market,waste treatment/Others/Obsolete,1
"heat carrier liquid, 40% C3H8O2",cubic meter,transformation,waste treatment/Wastewater treatment/Transformation,2
"heat distribution equipment, hydronic radiant floor heating, 150m2",unit,market,energy/Heat/Heat pump/Market/Infrastructure,1
"heat distribution equipment, hydronic radiant floor heating, 150m2",unit,transformation,energy/Heat/Heat pump/Transformation/Infrastructure,2
"heat pump, 30kW",unit,market,energy/Heat/Heat pump/Market/Infrastructure,1
"heat pump, 30kW",unit,transformation,energy/Heat/Heat pump/Transformation/Infrastructure,2
"heat pump, brine-water, 10kW",unit,market,energy/Heat/Heat pump/Market/Infrastructure,1
"heat pump, brine-water, 10kW",unit,transformation,energy/Heat/Heat pump/Transformation/Infrastructure,2
"heat pump, diffusion absorption, 4kW, future",unit,market,energy/Heat/Heat pump/Market/Infrastructure,2
"heat pump, diffusion absorption, 4kW, future",unit,market,energy/Others/Obsolete,1
"heat pump, diffusion absorption, 4kW, future",unit,transformation,energy/Heat/Heat pump/Transformation/Infrastructure,2
"heat pump, for mini CHP plant",unit,market,energy/Cogeneration/Gas/Market/Infrastructure,1
"heat pump, for mini CHP plant",unit,transformation,energy/Cogeneration/Gas/Transformation/Infrastructure,2
"heat pump, heat and power co-generation unit, 160kW electrical",unit,market,energy/Cogeneration/Gas/Market/Infrastructure,1
"heat pump, heat and power co-generation unit, 160kW electrical",unit,transformation,energy/Cogeneration/Gas/Transformation/Infrastructure,2
"heat storage, 2000l",unit,market,energy/Heat/Solar/Market/Infrastructure,1
"heat storage, 2000l",unit,transformation,energy/Heat/Solar/Transformation/Infrastructure,2
"heat transport fluid system, solar thermal parabolic trough, 50 MW",unit,market,energy/Heat/Solar/Market/Infrastructure,1
"heat transport fluid system, solar thermal parabolic trough, 50 MW",unit,transformation,energy/Heat/Solar/Transformation/Infrastructure,2
"heat, air-water heat pump 10kW",megajoule,market,energy/Heat/Heat pump/Market,3
"heat, air-water heat pump 10kW",megajoule,market,energy/Others/Obsolete,1
"heat, air-water heat pump 10kW",megajoule,transformation,energy/Heat/Heat pump/Transformation,3
"heat, brine-water heat pump 10kW",megajoule,market,energy/Heat/Heat pump/Market,3
"heat, brine-water heat pump 10kW",megajoule,transformation,energy/Heat/Heat pump/Transformation,3
"heat, central or small-scale, biomethane",megajoule,market,energy/Heat/Others/Market,5
"heat, central or small-scale, biomethane",megajoule,transformation,energy/Heat/Others/Transformation,3
"heat, central or small-scale, Jakobsberg",megajoule,market,energy/Cogeneration/Gas/Market,2
"heat, central or small-scale, Jakobsberg",megajoule,market,energy/Others/Obsolete,1
"heat, central or small-scale, Jakobsberg",megajoule,transformation,energy/Cogeneration/Gas/Transformation,2
"heat, central or small-scale, natural gas",megajoule,market,energy/Heat/Gas/Market,5
"heat, central or small-scale, natural gas",megajoule,transformation,energy/Heat/Gas/Transformation,26
"heat, central or small-scale, natural gas",megajoule,transformation,energy/Others/Obsolete,1
"heat, central or small-scale, natural gas and heat pump, Jakobsberg",megajoule,market,energy/Heat/Gas/Market,1
"heat, central or small-scale, natural gas and heat pump, Jakobsberg",megajoule,transformation,energy/Cogeneration/Gas/Transformation,2
"heat, central or small-scale, natural gas, Jakobsberg",megajoule,market,energy/Heat/Gas/Market,1
"heat, central or small-scale, natural gas, Jakobsberg",megajoule,transformation,energy/Cogeneration/Gas/Transformation,2
"heat, central or small-scale, other than natural gas",megajoule,market,energy/Heat/Gas/Market,2
"heat, central or small-scale, other than natural gas",megajoule,market,energy/Heat/Others/Market,3
"heat, central or small-scale, other than natural gas",megajoule,transformation,energy/Cogeneration/Biomass/Transformation,84
"heat, central or small-scale, other than natural gas",megajoule,transformation,energy/Heat/Coal/Transformation,4
"heat, central or small-scale, other than natural gas",megajoule,transformation,energy/Heat/Gas/Transformation,2
"heat, central or small-scale, other than natural gas",megajoule,transformation,energy/Heat/Heat pump/Transformation,3
"heat, central or small-scale, other than natural gas",megajoule,transformation,energy/Heat/Lignite/Transformation,2
"heat, central or small-scale, other than natural gas",megajoule,transformation,energy/Heat/Oil/Transformation,12
"heat, central or small-scale, other than natural gas",megajoule,transformation,energy/Heat/Others/Transformation,2
"heat, central or small-scale, other than natural gas",megajoule,transformation,energy/Heat/Solar/Transformation,12
"heat, central or small-scale, other than natural gas",megajoule,transformation,energy/Heat/Waste/Transformation,17
"heat, central or small-scale, other than natural gas",megajoule,transformation,energy/Heat/Wood/Transformation,10
"heat, central or small-scale, other than natural gas",megajoule,transformation,energy/Others/Obsolete,5
"heat, diffusion absorption heat pump",megajoule,transformation,energy/Heat/Others/Transformation,1
"heat, district or industrial, natural gas",megajoule,market,energy/Heat/Gas/Market,6
"heat, district or industrial, natural gas",megajoule,transformation,energy/Cogeneration/Gas/Transformation,102
"heat, district or industrial, natural gas",megajoule,transformation,energy/Heat/Gas/Transformation,12
"heat, district or industrial, natural gas",megajoule,transformation,energy/Others/Obsolete,6
"heat, district or industrial, other than natural gas",megajoule,market,energy/Heat/Others/Market,6
"heat, district or industrial, other than natural gas",megajoule,transformation,energy/Cogeneration/Biomass/Transformation,4
"heat, district or industrial, other than natural gas",megajoule,transformation,energy/Cogeneration/Coal/Transformation,34
"heat, district or industrial, other than natural gas",megajoule,transformation,energy/Cogeneration/Oil/Market,26
"heat, district or industrial, other than natural gas",megajoule,transformation,energy/Cogeneration/Oil/Transformation,7
"heat, district or industrial, other than natural gas",megajoule,transformation,energy/Cogeneration/Wood/Transformation,18
"heat, district or industrial, other than natural gas",megajoule,transformation,energy/Heat/Coal/Transformation,2
"heat, district or industrial, other than natural gas",megajoule,transformation,energy/Heat/Gas/Transformation,8
"heat, district or industrial, other than natural gas",megajoule,transformation,energy/Heat/Oil/Transformation,50
"heat, district or industrial, other than natural gas",megajoule,transformation,energy/Heat/Others/Transformation,5
"heat, district or industrial, other than natural gas",megajoule,transformation,energy/Heat/Waste/Transformation,183
"heat, district or industrial, other than natural gas",megajoule,transformation,energy/Heat/Wood/Transformation,126
"heat, district or industrial, other than natural gas",megajoule,transformation,energy/Others/Obsolete,39
"heat, for reuse in municipal waste incineration only",megajoule,market,energy/Heat/Waste/Market,26
"heat, for reuse in municipal waste incineration only",megajoule,market,energy/Others/Obsolete,5
"heat, for reuse in municipal waste incineration only",megajoule,transformation,energy/Heat/Waste/Transformation,157
"heat, for reuse in municipal waste incineration only",megajoule,transformation,energy/Others/Obsolete,17
"heat, from steam, in chemical industry",megajoule,market,energy/Heat/Steam/Market,2
"heat, from steam, in chemical industry",megajoule,transformation,energy/Heat/Steam/Transformation,3
"heat, future",megajoule,market,energy/Heat/Others/Market,1
"heat, future",megajoule,transformation,energy/Cogeneration/Biomass/Transformation,1
"heat, future",megajoule,transformation,energy/Heat/Gas/Transformation,4
"heat, future",megajoule,transformation,energy/Heat/Others/Transformation,6
"heat, future",megajoule,transformation,energy/Heat/Waste/Transformation,1
"heat, future",megajoule,transformation,energy/Others/Obsolete,3
"heat, solar+electric, multiple-dwelling, for hot water",megajoule,transformation,energy/Heat/Solar/Transformation,1
"heat, solar+gas, multiple-dwelling, for hot water",megajoule,transformation,energy/Heat/Solar/Transformation,1
"heat, solar+gas, one-family house, for combined system",megajoule,transformation,energy/Heat/Solar/Transformation,2
"heat, solar+gas, one-family house, for hot water",megajoule,transformation,energy/Heat/Solar/Transformation,1
"heat, solar+wood, one-family house, for combined system",megajoule,transformation,energy/Heat/Solar/Transformation,1
"heating and sanitary equipment, heat and power co-generation unit, 160kW electrical",unit,market,energy/Cogeneration/Gas/Market/Infrastructure,1
"heating and sanitary equipment, heat and power co-generation unit, 160kW electrical",unit,transformation,energy/Cogeneration/Gas/Transformation/Infrastructure,2
"heating and sanitary equipment, mini CHP plant",unit,market,energy/Cogeneration/Gas/Market/Infrastructure,1
"heating and sanitary equipment, mini CHP plant",unit,transformation,energy/Cogeneration/Gas/Transformation/Infrastructure,2
heavy fuel oil,kilogram,market,material/Fuels/Oil/Fuel oil/Market,9
heavy fuel oil,kilogram,transformation,material/Fuels/Oil/Fuel oil/Market/Import,4
heavy fuel oil,kilogram,transformation,material/Fuels/Oil/Fuel oil/Transformation,9
heavy fuel oil,kilogram,transformation,material/Others/Obsolete,1
"heavy fuel oil, burned in refinery furnace",megajoule,market,energy/Heat/Oil/Market,1
"heavy fuel oil, burned in refinery furnace",megajoule,market,energy/Others/Obsolete,2
"heavy fuel oil, burned in refinery furnace",megajoule,transformation,energy/Heat/Oil/Transformation,3
heavy water,kilogram,market,material/Chemicals/Others/Market,1
heavy water,kilogram,transformation,material/Chemicals/Others/Transformation,2
helicopter,unit,market,transport/Air/Market/Infrastructure,1
helicopter,unit,transformation,transport/Air/Transformation/Infrastructure,1
helium,kilogram,market,material/Chemicals/Gases/Market,1
helium,kilogram,transformation,material/Chemicals/Gases/Transformation,1
"helium, crude",kilogram,market,material/Chemicals/Gases/Market,1
"helium, crude",kilogram,transformation,material/Chemicals/Gases/Transformation,1
"helium, crude stockpiling",kilogram,market,processing/Others/Market,1
"helium, crude stockpiling",kilogram,transformation,processing/Others/Transformation,2
heptane,kilogram,market,material/Chemicals/Organic/Market,1
heptane,kilogram,transformation,material/Chemicals/Organic/Transformation,2
hexafluoroethane,kilogram,market,material/Chemicals/Organic/Market,1
hexafluoroethane,kilogram,transformation,material/Chemicals/Organic/Transformation,2
hexamethyldisilazane,kilogram,market,material/Chemicals/Organic/Market,1
hexamethyldisilazane,kilogram,transformation,material/Chemicals/Organic/Transformation,1
"hexamethylene-1,6-diisoncyanate",kilogram,market,material/Chemicals/Organic/Market,2
"hexamethylene-1,6-diisoncyanate",kilogram,transformation,material/Chemicals/Organic/Transformation,2
hexamethylenediamine,kilogram,market,material/Chemicals/Organic/Market,1
hexamethylenediamine,kilogram,transformation,material/Chemicals/Organic/Transformation,2
hexane,kilogram,market,material/Chemicals/Organic/Market,1
hexane,kilogram,transformation,material/Chemicals/Organic/Transformation,2
high level radioactive waste for final repository,cubic meter,market,waste treatment/Nuclear waste/Market,2
high level radioactive waste for final repository,cubic meter,market,waste treatment/Others/Obsolete,1
high level radioactive waste for final repository,cubic meter,transformation,waste treatment/Nuclear waste/Transformation,2
"high voltage system, for Li-ion battery",kilogram,market,material/Electronics/Battery/Market,1
"high voltage system, for Li-ion battery",kilogram,transformation,material/Electronics/Battery/Transformation,1
hoeing,hectare,market,processing/Agricultural/Market,1
hoeing,hectare,transformation,processing/Agricultural/Transformation,2
holmium oxide,kilogram,market,material/Chemicals/Inorganic/Market,1
holmium oxide,kilogram,transformation,material/Chemicals/Inorganic/Transformation,2
horn meal,kilogram,market,material/Chemicals/Fertilisers (organic)/Market,1
horn meal,kilogram,transformation,material/Chemicals/Fertilisers (organic)/Transformation,2
horticultural fleece,square meter,market,material/Plastics/Thermoplasts/Market,1
horticultural fleece,square meter,transformation,material/Plastics/Thermoplasts/Transformation,2
"hot rolling, steel",kilogram,market,processing/Metals/Chipless shaping/Market,1
"hot rolling, steel",kilogram,transformation,processing/Metals/Chipless shaping/Transformation,3
"hot rolling, steel",kilogram,transformation,processing/Others/Obsolete,1
hot water tank factory,unit,market,energy/Heat/Solar/Market/Infrastructure,1
hot water tank factory,unit,transformation,energy/Heat/Solar/Transformation/Infrastructure,2
"hot water tank, 600l",unit,market,energy/Heat/Solar/Market/Infrastructure,1
"hot water tank, 600l",unit,transformation,energy/Heat/Solar/Transformation/Infrastructure,2
"housing system, cattle, loose, per animal unit",unit,market,processing/Agricultural/Market/Infrastructure,1
"housing system, cattle, loose, per animal unit",unit,transformation,processing/Agricultural/Transformation/Infrastructure,2
"housing system, cattle, tied, per animal unit",unit,market,processing/Agricultural/Market/Infrastructure,1
"housing system, cattle, tied, per animal unit",unit,transformation,processing/Agricultural/Transformation/Infrastructure,2
"housing system, pig, fully-slatted floor, per pig place",unit,market,processing/Agricultural/Market/Infrastructure,1
"housing system, pig, fully-slatted floor, per pig place",unit,transformation,processing/Agricultural/Transformation/Infrastructure,2
"housing system, pig, per pig place, electricity from renewable energy products",unit,market,processing/Agricultural/Market/Infrastructure,1
"housing system, pig, per pig place, electricity from renewable energy products",unit,transformation,processing/Agricultural/Transformation/Infrastructure,2
hydraulic digger,unit,market,transport/Building equipment/Market/Infrastructure,1
hydraulic digger,unit,transformation,transport/Building equipment/Transformation/Infrastructure,2
hydraulic fracturing fluid,cubic meter,market,material/Chemicals/Others/Market,1
hydraulic fracturing fluid,cubic meter,transformation,material/Chemicals/Others/Transformation,1
hydrazine,kilogram,market,material/Chemicals/Inorganic/Market,2
hydrazine,kilogram,market,material/Others/Obsolete,1
hydrazine,kilogram,transformation,material/Chemicals/Inorganic/Transformation,2
hydrazine sulfate,kilogram,market,material/Chemicals/Inorganic/Market,1
hydrazine sulfate,kilogram,transformation,material/Chemicals/Inorganic/Transformation,1
"hydrochloric acid, without water, in 30% solution state",kilogram,market,material/Chemicals/Acids (inorganic)/Market,2
"hydrochloric acid, without water, in 30% solution state",kilogram,transformation,material/Chemicals/Acids (inorganic)/Transformation,17
"hydrochloric acid, without water, in 30% solution state",kilogram,transformation,material/Chemicals/Organic/Transformation,6
"hydrochloric acid, without water, in 30% solution state",kilogram,transformation,material/Others/Obsolete,1
hydrogen cyanide,kilogram,market,material/Chemicals/Gases/Market,2
hydrogen cyanide,kilogram,market,material/Others/Obsolete,1
hydrogen cyanide,kilogram,transformation,material/Chemicals/Acids (inorganic)/Transformation,2
hydrogen cyanide,kilogram,transformation,material/Chemicals/Gases/Transformation,2
hydrogen fluoride,kilogram,market,material/Chemicals/Acids (inorganic)/Market,2
hydrogen fluoride,kilogram,market,material/Others/Obsolete,1
hydrogen fluoride,kilogram,transformation,material/Chemicals/Acids (inorganic)/Transformation,5
hydrogen fluoride,kilogram,transformation,material/Chemicals/Inorganic/Transformation,1
hydrogen fluoride,kilogram,transformation,material/Others/Obsolete,1
"hydrogen peroxide, without water, in 50% solution state",kilogram,market,material/Chemicals/Inorganic/Market,2
"hydrogen peroxide, without water, in 50% solution state",kilogram,market,material/Others/Obsolete,1
"hydrogen peroxide, without water, in 50% solution state",kilogram,transformation,material/Chemicals/Inorganic/Transformation,2
hydrogen sulfide,kilogram,market,material/Chemicals/Gases/Market,2
hydrogen sulfide,kilogram,market,material/Others/Obsolete,1
hydrogen sulfide,kilogram,transformation,material/Chemicals/Gases/Transformation,2
"hydrogen, gaseous",kilogram,market,material/Chemicals/Gases/Market,1
"hydrogen, gaseous",kilogram,transformation,material/Chemicals/Gases/Transformation,9
"hydrogen, liquid",kilogram,market,material/Chemicals/Gases/Liquified/Market,2
"hydrogen, liquid",kilogram,transformation,material/Chemicals/Gases/Liquified/Transformation,12
"hydrogen, liquid",kilogram,transformation,material/Chemicals/Gases/Transformation,5
"hydrogen, liquid",kilogram,transformation,material/Others/Obsolete,4
"hydropower plant, reservoir",unit,market,energy/Electricity by fuel/Hydro/Reservoir/Market/Infrastructure,1
"hydropower plant, reservoir",unit,transformation,energy/Electricity by fuel/Hydro/Reservoir/Transformation/Infrastructure,3
"hydropower plant, reservoir, alpine region",unit,market,energy/Electricity by fuel/Hydro/Reservoir/Market/Infrastructure,1
"hydropower plant, reservoir, alpine region",unit,transformation,energy/Electricity by fuel/Hydro/Reservoir/Transformation/Infrastructure,2
"hydropower plant, reservoir, non-alpine regions",unit,market,energy/Electricity by fuel/Hydro/Reservoir/Market/Infrastructure,1
"hydropower plant, reservoir, non-alpine regions",unit,transformation,energy/Electricity by fuel/Hydro/Reservoir/Transformation/Infrastructure,2
"hydropower plant, run-of-river",unit,market,energy/Electricity by fuel/Hydro/Flow through/Market/Infrastructure,1
"hydropower plant, run-of-river",unit,transformation,energy/Electricity by fuel/Hydro/Flow through/Transformation/Infrastructure,4
hydroquinone,kilogram,market,material/Chemicals/Organic/Market,1
hydroquinone,kilogram,transformation,material/Chemicals/Organic/Transformation,2
hydroxylamine,kilogram,market,material/Chemicals/Inorganic/Market,2
hydroxylamine,kilogram,market,material/Others/Obsolete,1
hydroxylamine,kilogram,transformation,material/Chemicals/Inorganic/Transformation,2
iceberg lettuce,kilogram,market,material/Agricultural/Plant production/Vegetables/Market,1
iceberg lettuce,kilogram,transformation,material/Agricultural/Plant production/Vegetables/Transformation,1
"ilmenite, 54% titanium dioxide",kilogram,market,material/Minerals/Market,1
"ilmenite, 54% titanium dioxide",kilogram,transformation,material/Minerals/Transformation,3
imidazole,kilogram,market,material/Chemicals/Organic/Market,1
imidazole,kilogram,transformation,material/Chemicals/Organic/Transformation,2
"impact extrusion of aluminium, 1 stroke",kilogram,market,processing/Metals/Chipless shaping/Market,1
"impact extrusion of aluminium, 1 stroke",kilogram,transformation,processing/Metals/Chipless shaping/Transformation,2
"impact extrusion of aluminium, 2 strokes",kilogram,market,processing/Metals/Chipless shaping/Market,1
"impact extrusion of aluminium, 2 strokes",kilogram,transformation,processing/Metals/Chipless shaping/Transformation,2
"impact extrusion of aluminium, 3 strokes",kilogram,market,processing/Metals/Chipless shaping/Market,1
"impact extrusion of aluminium, 3 strokes",kilogram,transformation,processing/Metals/Chipless shaping/Transformation,2
"impact extrusion of aluminium, 4 strokes",kilogram,market,processing/Metals/Chipless shaping/Market,1
"impact extrusion of aluminium, 4 strokes",kilogram,transformation,processing/Metals/Chipless shaping/Transformation,2
"impact extrusion of aluminium, 5 strokes",kilogram,market,processing/Metals/Chipless shaping/Market,1
"impact extrusion of aluminium, 5 strokes",kilogram,transformation,processing/Metals/Chipless shaping/Transformation,2
"impact extrusion of aluminium, cold, initial surface treatment",kilogram,market,processing/Metals/Chipless shaping/Market,1
"impact extrusion of aluminium, cold, initial surface treatment",kilogram,transformation,processing/Metals/Chipless shaping/Transformation,2
"impact extrusion of aluminium, cold, tempering",kilogram,market,processing/Metals/Chipless shaping/Market,1
"impact extrusion of aluminium, cold, tempering",kilogram,transformation,processing/Metals/Chipless shaping/Transformation,2
"impact extrusion of aluminium, deformation stroke",kilogram,market,processing/Metals/Chipless shaping/Market,1
"impact extrusion of aluminium, deformation stroke",kilogram,transformation,processing/Metals/Chipless shaping/Transformation,2
"impact extrusion of steel, cold, 1 strokes",kilogram,market,processing/Metals/Chipless shaping/Market,1
"impact extrusion of steel, cold, 1 strokes",kilogram,transformation,processing/Metals/Chipless shaping/Transformation,2
"impact extrusion of steel, cold, 2 strokes",kilogram,market,processing/Metals/Chipless shaping/Market,1
"impact extrusion of steel, cold, 2 strokes",kilogram,transformation,processing/Metals/Chipless shaping/Transformation,2
"impact extrusion of steel, cold, 3 strokes",kilogram,market,processing/Metals/Chipless shaping/Market,1
"impact extrusion of steel, cold, 3 strokes",kilogram,transformation,processing/Metals/Chipless shaping/Transformation,2
"impact extrusion of steel, cold, 4 strokes",kilogram,market,processing/Metals/Chipless shaping/Market,1
"impact extrusion of steel, cold, 4 strokes",kilogram,transformation,processing/Metals/Chipless shaping/Transformation,2
"impact extrusion of steel, cold, 5 strokes",kilogram,market,processing/Metals/Chipless shaping/Market,1
"impact extrusion of steel, cold, 5 strokes",kilogram,transformation,processing/Metals/Chipless shaping/Transformation,2
"impact extrusion of steel, cold, deformation stroke",kilogram,market,processing/Metals/Chipless shaping/Market,1
"impact extrusion of steel, cold, deformation stroke",kilogram,transformation,processing/Metals/Chipless shaping/Transformation,2
"impact extrusion of steel, cold, initial surface treatment",kilogram,market,processing/Metals/Chipless shaping/Market,1
"impact extrusion of steel, cold, initial surface treatment",kilogram,transformation,processing/Metals/Chipless shaping/Transformation,2
"impact extrusion of steel, cold, tempering",kilogram,market,processing/Metals/Chipless shaping/Market,1
"impact extrusion of steel, cold, tempering",kilogram,transformation,processing/Metals/Chipless shaping/Transformation,2
"impact extrusion of steel, hot, 1 strokes",kilogram,market,processing/Metals/Chipless shaping/Market,1
"impact extrusion of steel, hot, 1 strokes",kilogram,transformation,processing/Metals/Chipless shaping/Transformation,2
"impact extrusion of steel, hot, 2 strokes",kilogram,market,processing/Metals/Chipless shaping/Market,1
"impact extrusion of steel, hot, 2 strokes",kilogram,transformation,processing/Metals/Chipless shaping/Transformation,2
"impact extrusion of steel, hot, 3 strokes",kilogram,market,processing/Metals/Chipless shaping/Market,1
"impact extrusion of steel, hot, 3 strokes",kilogram,transformation,processing/Metals/Chipless shaping/Transformation,2
"impact extrusion of steel, hot, 4 strokes",kilogram,market,processing/Metals/Chipless shaping/Market,1
"impact extrusion of steel, hot, 4 strokes",kilogram,transformation,processing/Metals/Chipless shaping/Transformation,2
"impact extrusion of steel, hot, 5 strokes",kilogram,market,processing/Metals/Chipless shaping/Market,1
"impact extrusion of steel, hot, 5 strokes",kilogram,transformation,processing/Metals/Chipless shaping/Transformation,2
"impact extrusion of steel, hot, deformation stroke",kilogram,market,processing/Metals/Chipless shaping/Market,1
"impact extrusion of steel, hot, deformation stroke",kilogram,transformation,processing/Metals/Chipless shaping/Transformation,2
"impact extrusion of steel, hot, initial warming",kilogram,market,processing/Metals/Chipless shaping/Market,1
"impact extrusion of steel, hot, initial warming",kilogram,transformation,processing/Metals/Chipless shaping/Transformation,2
"impact extrusion of steel, hot, tempering",kilogram,market,processing/Metals/Chipless shaping/Market,1
"impact extrusion of steel, hot, tempering",kilogram,transformation,processing/Metals/Chipless shaping/Transformation,2
"impact extrusion of steel, warm, 1 strokes",kilogram,market,processing/Metals/Chipless shaping/Market,1
"impact extrusion of steel, warm, 1 strokes",kilogram,transformation,processing/Metals/Chipless shaping/Transformation,2
"impact extrusion of steel, warm, 2 strokes",kilogram,market,processing/Metals/Chipless shaping/Market,1
"impact extrusion of steel, warm, 2 strokes",kilogram,transformation,processing/Metals/Chipless shaping/Transformation,2
"impact extrusion of steel, warm, 3 strokes",kilogram,market,processing/Metals/Chipless shaping/Market,1
"impact extrusion of steel, warm, 3 strokes",kilogram,transformation,processing/Metals/Chipless shaping/Transformation,2
"impact extrusion of steel, warm, 4 strokes",kilogram,market,processing/Metals/Chipless shaping/Market,1
"impact extrusion of steel, warm, 4 strokes",kilogram,transformation,processing/Metals/Chipless shaping/Transformation,2
"impact extrusion of steel, warm, 5 strokes",kilogram,market,processing/Metals/Chipless shaping/Market,1
"impact extrusion of steel, warm, 5 strokes",kilogram,transformation,processing/Metals/Chipless shaping/Transformation,2
"impact extrusion of steel, warm, deformation stroke",kilogram,market,processing/Metals/Chipless shaping/Market,1
"impact extrusion of steel, warm, deformation stroke",kilogram,transformation,processing/Metals/Chipless shaping/Transformation,2
"impact extrusion of steel, warm, initial warming",kilogram,market,processing/Metals/Chipless shaping/Market,1
"impact extrusion of steel, warm, initial warming",kilogram,transformation,processing/Metals/Chipless shaping/Transformation,2
indium,kilogram,market,material/Metals/Non ferro/Market,1
indium,kilogram,transformation,material/Metals/Non ferro/Transformation,2
"indium rich leaching residues, from zinc production",kilogram,market,material/Chemicals/Inorganic/Market,1
"indium rich leaching residues, from zinc production",kilogram,transformation,material/Chemicals/Inorganic/Transformation,3
"indium rich leaching residues, from zinc production",kilogram,transformation,material/Others/Obsolete,1
"indium rich leaching residues, from zinc production stockpiling",kilogram,market,processing/Others/Market,1
"indium rich leaching residues, from zinc production stockpiling",kilogram,transformation,processing/Others/Transformation,2
"indium tin oxide powder, nanoscale, for sputtering target",kilogram,market,material/Electronics/Module/Market,2
"indium tin oxide powder, nanoscale, for sputtering target",kilogram,market,material/Others/Obsolete,1
"indium tin oxide powder, nanoscale, for sputtering target",kilogram,transformation,material/Electronics/Module/Transformation,2
indolylbutyric acid,kilogram,market,material/Chemicals/Acids (organic)/Market,1
indolylbutyric acid,kilogram,transformation,material/Chemicals/Acids (organic)/Transformation,1
"inductor, auxilliaries and energy use",kilogram,market,material/Electronics/Component/Market,1
"inductor, auxilliaries and energy use",kilogram,transformation,material/Electronics/Component/Transformation,1
"inductor, low value multilayer chip",kilogram,market,material/Electronics/Component/Market,1
"inductor, low value multilayer chip",kilogram,transformation,material/Electronics/Component/Transformation,1
"inductor, miniature radio frequency chip",kilogram,market,material/Electronics/Component/Market,1
"inductor, miniature radio frequency chip",kilogram,transformation,material/Electronics/Component/Transformation,1
"inductor, ring core choke type",kilogram,market,material/Electronics/Component/Market,1
"inductor, ring core choke type",kilogram,transformation,material/Electronics/Component/Transformation,1
"industrial furnace, 1MW, oil",unit,market,energy/Heat/Oil/Market/Infrastructure,1
"industrial furnace, 1MW, oil",unit,transformation,energy/Heat/Oil/Transformation/Infrastructure,2
"industrial furnace, coal, 1-10MW",unit,market,energy/Heat/Coal/Market/Infrastructure,1
"industrial furnace, coal, 1-10MW",unit,transformation,energy/Heat/Coal/Transformation/Infrastructure,2
"industrial furnace, natural gas",unit,market,energy/Heat/Gas/Market/Infrastructure,1
"industrial furnace, natural gas",unit,transformation,energy/Heat/Gas/Transformation/Infrastructure,2
"industrial machine, heavy, unspecified",kilogram,market,transport/Building equipment/Market/Infrastructure,2
"industrial machine, heavy, unspecified",kilogram,market,transport/Others/Obsolete,1
"industrial machine, heavy, unspecified",kilogram,transformation,transport/Building equipment/Transformation/Infrastructure,2
inert filler,kilogram,market,material/Chemicals/Others/Market,1
inert filler,kilogram,transformation,material/Chemicals/Organic/Market,1
inert gas for discharge lamps,kilogram,market,material/Chemicals/Others/Market,1
inert gas for discharge lamps,kilogram,transformation,material/Chemicals/Organic/Market,2
inert material landfill,unit,market,processing/Waste/Market/Infrastructure,1
inert material landfill,unit,transformation,processing/Waste/Transformation/Infrastructure,2
inert waste,kilogram,market,waste treatment/Others/Market,3
inert waste,kilogram,market,waste treatment/Others/Obsolete,1
inert waste,kilogram,transformation,waste treatment/Construction waste/Transformation,1
inert waste,kilogram,transformation,waste treatment/Landfill/Sanitary landfill/Transformation,3
inert waste,kilogram,transformation,waste treatment/Others/Transformation,6
"inert waste, for final disposal",kilogram,market,waste treatment/Others/Market,2
"inert waste, for final disposal",kilogram,market,waste treatment/Others/Obsolete,1
"inert waste, for final disposal",kilogram,transformation,waste treatment/Landfill/Inert material landfill/Transformation,2
"infrastructure, for regional distribution of oil product",unit,market,material/Fuels/Oil/Crude oil/Market/Infrastructure,1
"infrastructure, for regional distribution of oil product",unit,transformation,material/Fuels/Oil/Crude oil/Transformation/Infrastructure,2
injection moulding,kilogram,market,processing/Plastics/Market,1
injection moulding,kilogram,transformation,processing/Plastics/Transformation,3
"inorganic nitrogen fertiliser, as N",kilogram,market,material/Chemicals/Fertilisers (inorganic)/Market,65
"inorganic nitrogen fertiliser, as N",kilogram,transformation,material/Chemicals/Fertilisers (inorganic)/Transformation,54
"inorganic phosphorus fertiliser, as P2O5",kilogram,market,material/Chemicals/Fertilisers (inorganic)/Market,65
"inorganic phosphorus fertiliser, as P2O5",kilogram,transformation,material/Chemicals/Fertilisers (inorganic)/Transformation,29
"inorganic potassium fertiliser, as K2O",kilogram,market,material/Chemicals/Fertilisers (inorganic)/Market,65
"inorganic potassium fertiliser, as K2O",kilogram,transformation,material/Chemicals/Fertilisers (inorganic)/Transformation,19
"insulated gate bipolar transistor, electric vehicle application",kilogram,market,material/Electronics/Component/Market,1
"insulated gate bipolar transistor, electric vehicle application",kilogram,transformation,material/Electronics/Component/Transformation,1
"insulation spiral-seam duct, rockwool, DN 400, 30 mm",meter,market,material/Construction/Insulation/Market,1
"insulation spiral-seam duct, rockwool, DN 400, 30 mm",meter,transformation,material/Construction/Ventilation/Transformation,2
"integrated battery interface system, for Li-ion battery",kilogram,market,material/Electronics/Battery/Market,1
"integrated battery interface system, for Li-ion battery",kilogram,transformation,material/Electronics/Battery/Transformation,1
"integrated circuit, logic type",kilogram,market,material/Electronics/Component/Market,1
"integrated circuit, logic type",kilogram,transformation,material/Electronics/Component/Transformation,1
"integrated circuit, memory type",kilogram,market,material/Electronics/Component/Market,1
"integrated circuit, memory type",kilogram,transformation,material/Electronics/Component/Transformation,1
"intermodal shipping container, 20-foot",unit,market,transport/Intermodal/Market/Infrastructure,1
"intermodal shipping container, 20-foot",unit,transformation,transport/Intermodal/Transformation/Infrastructure,1
"intermodal shipping container, 40-foot",unit,market,transport/Intermodal/Market/Infrastructure,1
"intermodal shipping container, 40-foot",unit,transformation,transport/Intermodal/Transformation/Infrastructure,1
"intermodal shipping container, 40-foot, high-cube",unit,market,transport/Intermodal/Market/Infrastructure,1
"intermodal shipping container, 40-foot, high-cube",unit,transformation,transport/Intermodal/Transformation/Infrastructure,1
"intermodal shipping container, 45-foot, high-cube",unit,market,transport/Intermodal/Market/Infrastructure,1
"intermodal shipping container, 45-foot, high-cube",unit,transformation,transport/Intermodal/Transformation/Infrastructure,1
"internal combustion engine, passenger car",kilogram,market,transport/Road/Market/Infrastructure,1
"internal combustion engine, passenger car",kilogram,transformation,transport/Road/Transformation/Infrastructure,1
internet access equipment,unit,market,material/Electronics/Devices/Market,1
internet access equipment,unit,transformation,material/Electronics/Devices/Transformation,2
"internet access, videoconference, 0.7 Mbit/s",hour,market,use/Computers & network/Market,1
"internet access, videoconference, 0.7 Mbit/s",hour,transformation,use/Computers & network/Transformation,2
"internet access, work, 0.2 Mbit/s",hour,market,use/Computers & network/Market,1
"internet access, work, 0.2 Mbit/s",hour,transformation,use/Computers & network/Transformation,2
intral,kilogram,market,material/Chemicals/Inorganic/Market,1
intral,kilogram,transformation,material/Chemicals/Inorganic/Transformation,2
"inverter, 0.5kW",unit,market,material/Electronics/Photovoltaic/Market/Infrastructure,1
"inverter, 0.5kW",unit,transformation,material/Electronics/Photovoltaic/Transformation/Infrastructure,2
"inverter, 2.5kW",unit,market,material/Electronics/Photovoltaic/Market/Infrastructure,1
"inverter, 2.5kW",unit,transformation,material/Electronics/Photovoltaic/Transformation/Infrastructure,2
"inverter, 500kW",unit,market,material/Electronics/Photovoltaic/Market/Infrastructure,1
"inverter, 500kW",unit,transformation,material/Electronics/Photovoltaic/Transformation/Infrastructure,2
"inverter, for electric passenger car",kilogram,market,material/Electronics/Component/Market,1
"inverter, for electric passenger car",kilogram,transformation,material/Electronics/Component/Transformation,1
iodine,kilogram,market,material/Chemicals/Inorganic/Market,1
iodine,kilogram,transformation,material/Chemicals/Inorganic/Transformation,2
ion-exchanger for water treatment,unit,market,material/Water/Industry water/Market/Infrastructure,1
ion-exchanger for water treatment,unit,transformation,material/Water/Industry water/Transformation/Infrastructure,2
ioxynil,kilogram,market,material/Chemicals/Organic/Market,1
ioxynil,kilogram,transformation,material/Chemicals/Organic/Transformation,1
"iron (III) chloride, without water, in 40% solution state",kilogram,market,material/Chemicals/Inorganic/Market,1
"iron (III) chloride, without water, in 40% solution state",kilogram,transformation,material/Chemicals/Inorganic/Transformation,2
iron ore concentrate,kilogram,market,material/Chemicals/Inorganic/Market,1
iron ore concentrate,kilogram,transformation,material/Chemicals/Inorganic/Transformation,9
iron ore concentrate,kilogram,transformation,material/Others/Obsolete,1
"iron ore, beneficiated, 65% Fe",kilogram,transformation,material/Others/Obsolete,1
"iron ore, crude ore, 46% Fe",kilogram,market,material/Minerals/Market,1
"iron ore, crude ore, 46% Fe",kilogram,transformation,material/Minerals/Transformation,1
"iron ore, crude ore, 63% Fe",kilogram,market,material/Minerals/Market,1
"iron ore, crude ore, 63% Fe",kilogram,transformation,material/Minerals/Transformation,1
iron pellet,kilogram,market,material/Metals/Ferro/Market,1
iron pellet,kilogram,transformation,material/Metals/Ferro/Transformation,3
"iron scrap, sorted, pressed",kilogram,market,material/Metals/Waste metals/Market,2
"iron scrap, sorted, pressed",kilogram,market,material/Others/Obsolete,1
"iron scrap, sorted, pressed",kilogram,transformation,material/Metals/Ferro/Transformation,1
"iron scrap, sorted, pressed",kilogram,transformation,material/Metals/Waste metals/Transformation,8
"iron scrap, unsorted",kilogram,market,material/Metals/Waste metals/Market,1
"iron scrap, unsorted",kilogram,transformation,material/Metals/Ferro/Transformation,1
iron sinter,kilogram,market,material/Metals/Ferro/Market,1
iron sinter,kilogram,transformation,material/Metals/Ferro/Transformation,3
iron sulfate,kilogram,market,material/Chemicals/Inorganic/Market,2
iron sulfate,kilogram,market,material/Others/Obsolete,1
iron sulfate,kilogram,transformation,material/Chemicals/Inorganic/Transformation,3
iron(II) chloride,kilogram,market,material/Chemicals/Inorganic/Market,1
iron(II) chloride,kilogram,transformation,material/Chemicals/Inorganic/Transformation,1
"iron(III) chloride, without water, in 14% iron solution state",kilogram,market,material/Chemicals/Inorganic/Market,1
"iron(III) chloride, without water, in 14% iron solution state",kilogram,transformation,material/Chemicals/Inorganic/Transformation,2
"iron(III) chloride, without water, in a 12% iron solution state",kilogram,market,material/Chemicals/Inorganic/Market,1
"iron(III) chloride, without water, in a 12% iron solution state",kilogram,transformation,material/Chemicals/Inorganic/Transformation,2
"iron(III) sulfate, without water, in 12.5% iron solution state",kilogram,market,material/Chemicals/Inorganic/Market,1
"iron(III) sulfate, without water, in 12.5% iron solution state",kilogram,transformation,material/Chemicals/Inorganic/Transformation,2
iron-nickel-chromium alloy,kilogram,market,material/Metals/Alloys/Market,1
iron-nickel-chromium alloy,kilogram,transformation,material/Metals/Alloys/Transformation,2
irrigation,cubic meter,market,processing/Agricultural/Market,18
irrigation,cubic meter,transformation,processing/Agricultural/Transformation,49
irrigation,cubic meter,transformation,processing/Others/Obsolete,13
isobutane,kilogram,market,material/Chemicals/Organic/Market,1
isobutane,kilogram,transformation,material/Chemicals/Organic/Transformation,1
isobutane,kilogram,transformation,material/Others/Obsolete,2
isobutanol,kilogram,market,material/Chemicals/Organic/Market,2
isobutanol,kilogram,market,material/Others/Obsolete,1
isobutanol,kilogram,transformation,material/Chemicals/Organic/Transformation,3
isobutyl acetate,kilogram,market,material/Chemicals/Organic/Market,1
isobutyl acetate,kilogram,transformation,material/Chemicals/Organic/Transformation,2
isohexane,kilogram,market,material/Chemicals/Organic/Market,1
isohexane,kilogram,transformation,material/Chemicals/Organic/Transformation,2
isophorondiisocyante,kilogram,market,material/Chemicals/Organic/Market,2
isophorondiisocyante,kilogram,transformation,material/Chemicals/Organic/Transformation,2
isophthalic acid based unsaturated polyester resin,kilogram,market,material/Chemicals/Organic/Market,1
isophthalic acid based unsaturated polyester resin,kilogram,transformation,material/Chemicals/Organic/Transformation,2
isopropanol,kilogram,market,material/Chemicals/Organic/Market,2
isopropanol,kilogram,market,material/Others/Obsolete,1
isopropanol,kilogram,transformation,material/Chemicals/Organic/Transformation,2
isopropyl acetate,kilogram,market,material/Chemicals/Organic/Market,2
isopropyl acetate,kilogram,market,material/Others/Obsolete,1
isopropyl acetate,kilogram,transformation,material/Chemicals/Organic/Transformation,4
isopropylamine,kilogram,market,material/Chemicals/Organic/Market,1
isopropylamine,kilogram,transformation,material/Chemicals/Organic/Transformation,2
isoproturon,kilogram,market,material/Chemicals/Pesticides/Market,1
isoproturon,kilogram,transformation,material/Chemicals/Pesticides/Transformation,2
jatropha seed,kilogram,market,material/Agricultural/Plant seeds/Market,1
jatropha seed,kilogram,transformation,material/Agricultural/Plant seeds/Transformation,1
"joist, engineered wood",meter,market,material/Wood/Products/Market,1
"joist, engineered wood",meter,transformation,material/Wood/Products/Transformation,2
jute fibre,kilogram,transformation,material/Others/Obsolete,4
"jute plant, harvested",kilogram,market,material/Agricultural/Intermediate products/Market,1
"jute plant, harvested",kilogram,transformation,material/Agricultural/Intermediate products/Transformation,4
kaolin,kilogram,market,material/Chemicals/Inorganic/Market,1
kaolin,kilogram,transformation,material/Chemicals/Inorganic/Transformation,2
"kenaf plant, harvested",kilogram,market,material/Agricultural/Intermediate products/Market,1
"kenaf plant, harvested",kilogram,transformation,material/Agricultural/Intermediate products/Transformation,2
kerosene,kilogram,market,material/Fuels/Oil/Kerosene/Market,8
kerosene,kilogram,transformation,material/Fuels/Oil/Kerosene/Market/Import,6
kerosene,kilogram,transformation,material/Fuels/Oil/Kerosene/Transformation,8
kerosene,kilogram,transformation,material/Others/Obsolete,1
keyboard,unit,market,material/Electronics/Devices/Market,1
keyboard,unit,transformation,material/Electronics/Devices/Transformation,1
kiwi,kilogram,market,material/Agricultural/Plant production/Fruits/Market,1
kiwi,kilogram,transformation,material/Agricultural/Plant production/Fruits/Transformation,1
kraft paper,kilogram,market,material/Paper+ Board/Packaging paper/Market,2
kraft paper,kilogram,transformation,material/Paper+ Board/Packaging paper/Transformation,2
"kraft paper, bleached",kilogram,market,material/Others/Obsolete,1
"kraft paper, bleached",kilogram,transformation,material/Others/Obsolete,2
"kraft paper, unbleached",kilogram,market,material/Others/Obsolete,1
"kraft paper, unbleached",kilogram,transformation,material/Others/Obsolete,2
"krypton, gaseous",kilogram,market,material/Chemicals/Gases/Market,1
"krypton, gaseous",kilogram,transformation,material/Chemicals/Gases/Transformation,3
lactic acid,kilogram,market,material/Chemicals/Organic/Market,1
lactic acid,kilogram,transformation,material/Chemicals/Organic/Transformation,2
"laminated timber element, transversally prestressed, for outdoor use",cubic meter,market,material/Others/Obsolete,1
"laminated timber element, transversally prestressed, for outdoor use",cubic meter,market,material/Wood/Products/Market,2
"laminated timber element, transversally prestressed, for outdoor use",cubic meter,transformation,material/Wood/Products/Transformation,2
"laminating service, foil, with acrylic binder",square meter,market,processing/Others/Market,1
"laminating service, foil, with acrylic binder",square meter,transformation,processing/Others/Transformation,3
"land tenure, arable land, measured as carbon net primary productivity",kilogram,market,material/Others/Obsolete,1
"land tenure, arable land, measured as carbon net primary productivity",kilogram,transformation,material/Others/Obsolete,17
"land tenure, arable land, measured as carbon net primary productivity, annual crop",kilogram,market,use/Land transformation/Market,47
"land tenure, arable land, measured as carbon net primary productivity, annual crop",kilogram,market,use/Others/Obsolete,2
"land tenure, arable land, measured as carbon net primary productivity, annual crop",kilogram,transformation,use/Land transformation/Transformation,150
"land tenure, arable land, measured as carbon net primary productivity, annual crop",kilogram,transformation,use/Others/Obsolete,9
"land tenure, arable land, measured as carbon net primary productivity, forest, intensive",kilogram,market,use/Land transformation/Market,12
"land tenure, arable land, measured as carbon net primary productivity, forest, intensive",kilogram,transformation,use/Land transformation/Transformation,44
"land tenure, arable land, measured as carbon net primary productivity, pasture, man made",kilogram,market,use/Land transformation/Market,19
"land tenure, arable land, measured as carbon net primary productivity, pasture, man made",kilogram,transformation,use/Land transformation/Transformation,69
"land tenure, arable land, measured as carbon net primary productivity, perennial crop",kilogram,market,use/Land transformation/Market,53
"land tenure, arable land, measured as carbon net primary productivity, perennial crop",kilogram,market,use/Others/Obsolete,2
"land tenure, arable land, measured as carbon net primary productivity, perennial crop",kilogram,transformation,use/Land transformation/Transformation,175
"land tenure, arable land, measured as carbon net primary productivity, perennial crop",kilogram,transformation,use/Others/Obsolete,9
"land use change, annual crop",hectare,market,processing/Land transformation/Market,1
"land use change, annual crop",hectare,market,use/Land transformation/Market,47
"land use change, annual crop",hectare,market,use/Others/Obsolete,2
"land use change, annual crop",hectare,transformation,use/Land transformation/Transformation,47
"land use change, annual crop",hectare,transformation,use/Others/Obsolete,2
"land use change, forest, intensive",hectare,market,processing/Land transformation/Market,13
"land use change, forest, intensive",hectare,transformation,processing/Land transformation/Transformation,12
"land use change, paddy rice",hectare,market,processing/Land transformation/Market,2
"land use change, paddy rice",hectare,market,use/Others/Obsolete,1
"land use change, paddy rice",hectare,transformation,use/Land transformation/Transformation,2
"land use change, paddy rice",hectare,transformation,use/Others/Obsolete,1
"land use change, pasture, man made",hectare,market,processing/Land transformation/Market,20
"land use change, pasture, man made",hectare,transformation,processing/Land transformation/Transformation,19
"land use change, perennial crop",hectare,market,processing/Land transformation/Market,54
"land use change, perennial crop",hectare,market,use/Others/Obsolete,2
"land use change, perennial crop",hectare,transformation,processing/Land transformation/Transformation,53
"land use change, perennial crop",hectare,transformation,use/Others/Obsolete,2
"landed anchovy by-catch, fresh",kilogram,market,material/Agricultural/Animal production/Fish/Market,1
"landed anchovy by-catch, fresh",kilogram,transformation,material/Agricultural/Animal production/Fish/Transformation,2
"landed anchovy, fresh",kilogram,market,material/Agricultural/Animal production/Fish/Market,2
"landed anchovy, fresh",kilogram,transformation,material/Agricultural/Animal production/Fish/Transformation,4
"landed hake, fresh",kilogram,market,material/Agricultural/Animal production/Fish/Market,1
"landed hake, fresh",kilogram,transformation,material/Agricultural/Animal production/Fish/Transformation,6
"landed tuna, frozen, EPO",kilogram,market,material/Agricultural/Animal production/Fish/Market,1
"landed tuna, frozen, EPO",kilogram,transformation,material/Agricultural/Animal production/Fish/Transformation,2
lanthanum oxide,kilogram,market,material/Chemicals/Inorganic/Market,1
lanthanum oxide,kilogram,transformation,material/Chemicals/Inorganic/Transformation,4
lanthanum oxide,kilogram,transformation,material/Others/Obsolete,2
lanthanum-cerium oxide,kilogram,market,material/Chemicals/Inorganic/Market,1
lanthanum-cerium oxide,kilogram,transformation,material/Chemicals/Inorganic/Transformation,1
"laser machining, metal, with CO2-laser, 2000W power",hour,market,processing/Metals/Chipless shaping/Market,1
"laser machining, metal, with CO2-laser, 2000W power",hour,transformation,processing/Metals/Chipless shaping/Transformation,3
"laser machining, metal, with CO2-laser, 2700W power",hour,market,processing/Metals/Chipless shaping/Market,1
"laser machining, metal, with CO2-laser, 2700W power",hour,transformation,processing/Metals/Chipless shaping/Transformation,3
"laser machining, metal, with CO2-laser, 3200W power",hour,market,processing/Metals/Chipless shaping/Market,1
"laser machining, metal, with CO2-laser, 3200W power",hour,transformation,processing/Metals/Chipless shaping/Transformation,3
"laser machining, metal, with CO2-laser, 4000W power",hour,market,processing/Metals/Chipless shaping/Market,1
"laser machining, metal, with CO2-laser, 4000W power",hour,transformation,processing/Metals/Chipless shaping/Transformation,3
"laser machining, metal, with CO2-laser, 5000W power",hour,market,processing/Metals/Chipless shaping/Market,1
"laser machining, metal, with CO2-laser, 5000W power",hour,transformation,processing/Metals/Chipless shaping/Transformation,3
"laser machining, metal, with CO2-laser, 6000W power",hour,market,processing/Metals/Chipless shaping/Market,1
"laser machining, metal, with CO2-laser, 6000W power",hour,transformation,processing/Metals/Chipless shaping/Transformation,3
"laser machining, metal, with YAG-laser, 120W power",hour,market,processing/Metals/Chipless shaping/Market,1
"laser machining, metal, with YAG-laser, 120W power",hour,transformation,processing/Metals/Chipless shaping/Transformation,3
"laser machining, metal, with YAG-laser, 200W power",hour,market,processing/Metals/Chipless shaping/Market,1
"laser machining, metal, with YAG-laser, 200W power",hour,transformation,processing/Metals/Chipless shaping/Transformation,3
"laser machining, metal, with YAG-laser, 30W power",hour,market,processing/Metals/Chipless shaping/Market,1
"laser machining, metal, with YAG-laser, 30W power",hour,transformation,processing/Metals/Chipless shaping/Transformation,3
"laser machining, metal, with YAG-laser, 330W power",hour,market,processing/Metals/Chipless shaping/Market,1
"laser machining, metal, with YAG-laser, 330W power",hour,transformation,processing/Metals/Chipless shaping/Transformation,3
"laser machining, metal, with YAG-laser, 40W power",hour,market,processing/Metals/Chipless shaping/Market,1
"laser machining, metal, with YAG-laser, 40W power",hour,transformation,processing/Metals/Chipless shaping/Transformation,3
"laser machining, metal, with YAG-laser, 500W power",hour,market,processing/Metals/Chipless shaping/Market,1
"laser machining, metal, with YAG-laser, 500W power",hour,transformation,processing/Metals/Chipless shaping/Transformation,3
"laser machining, metal, with YAG-laser, 50W power",hour,market,processing/Metals/Chipless shaping/Market,1
"laser machining, metal, with YAG-laser, 50W power",hour,transformation,processing/Metals/Chipless shaping/Transformation,3
"laser machining, metal, with YAG-laser, 60W power",hour,market,processing/Metals/Chipless shaping/Market,1
"laser machining, metal, with YAG-laser, 60W power",hour,transformation,processing/Metals/Chipless shaping/Transformation,3
"laterite, mineral",kilogram,market,material/Minerals/Market,2
"laterite, mineral",kilogram,transformation,material/Minerals/Transformation,2
latex,kilogram,market,material/Chemicals/Others/Market,2
latex,kilogram,market,material/Others/Obsolete,1
latex,kilogram,transformation,material/Chemicals/Others/Transformation,2
lauric diethanolamide,kilogram,market,material/Chemicals/Organic/Market,1
lauric diethanolamide,kilogram,transformation,material/Chemicals/Organic/Transformation,1
"layered sodium silicate, SKS-6, powder",kilogram,market,material/Chemicals/Washing agents/Builders/Market,1
"layered sodium silicate, SKS-6, powder",kilogram,transformation,material/Chemicals/Washing agents/Builders/Transformation,2
leach residue from copper production,kilogram,market,waste treatment/Others/Market,1
leach residue from copper production,kilogram,transformation,waste treatment/Others/Transformation,1
lead,kilogram,market,material/Metals/Non ferro/Market,1
lead,kilogram,transformation,material/Metals/Non ferro/Transformation,7
lead,kilogram,transformation,material/Others/Obsolete,1
lead concentrate,kilogram,market,material/Minerals/Market,1
lead concentrate,kilogram,transformation,material/Minerals/Transformation,5
lead concentrate stockpiling,kilogram,market,material/Minerals/Market,1
lead concentrate stockpiling,kilogram,transformation,material/Minerals/Transformation,2
lead in car shredder residue,kilogram,market,waste treatment/Others/Market,2
lead in car shredder residue,kilogram,market,waste treatment/Others/Obsolete,1
lead in car shredder residue,kilogram,transformation,waste treatment/Incineration/Municipal incineration/Transformation,3
lead smelter slag,kilogram,market,waste treatment/Landfill/Residual material landfill/Market,1
lead smelter slag,kilogram,transformation,waste treatment/Landfill/Residual material landfill/Transformation,1
lean concrete,cubic meter,market,material/Construction/Concrete/Market,2
lean concrete,cubic meter,transformation,material/Construction/Concrete/Transformation,6
lemon,kilogram,market,material/Agricultural/Plant production/Fruits/Market,1
lemon,kilogram,transformation,material/Agricultural/Plant production/Fruits/Transformation,4
lentil,kilogram,market,material/Agricultural/Plant production/Legumes/Market,1
lentil,kilogram,transformation,material/Agricultural/Plant production/Legumes/Transformation,3
"lentil seed, for sowing",kilogram,market,material/Agricultural/Plant seeds/Market,1
"lentil seed, for sowing",kilogram,transformation,material/Agricultural/Plant seeds/Transformation,1
lettuce,kilogram,market,material/Agricultural/Plant production/Vegetables/Market,1
lettuce,kilogram,transformation,material/Agricultural/Plant production/Vegetables/Transformation,2
light clay brick,kilogram,market,material/Construction/Bricks/Market,1
light clay brick,kilogram,transformation,material/Construction/Bricks/Transformation,2
light commercial vehicle,unit,market,transport/Road/Market/Infrastructure,1
light commercial vehicle,unit,transformation,transport/Road/Transformation/Infrastructure,2
light emitting diode,kilogram,market,material/Electronics/Component/Market,1
light emitting diode,kilogram,transformation,material/Electronics/Component/Transformation,1
light fuel oil,kilogram,market,material/Fuels/Oil/Fuel oil/Market,9
light fuel oil,kilogram,transformation,material/Fuels/Oil/Fuel oil/Market/Import,6
light fuel oil,kilogram,transformation,material/Fuels/Oil/Fuel oil/Transformation,9
light fuel oil,kilogram,transformation,material/Others/Obsolete,1
light mortar,kilogram,market,material/Construction/Binders/Market,1
light mortar,kilogram,transformation,material/Construction/Binders/Transformation,2
"lightweight concrete block, expanded clay",kilogram,market,material/Construction/Concrete/Market,2
"lightweight concrete block, expanded clay",kilogram,market,material/Others/Obsolete,1
"lightweight concrete block, expanded clay",kilogram,transformation,material/Construction/Concrete/Transformation,2
"lightweight concrete block, expanded perlite",kilogram,market,material/Construction/Concrete/Market,2
"lightweight concrete block, expanded perlite",kilogram,market,material/Others/Obsolete,1
"lightweight concrete block, expanded perlite",kilogram,transformation,material/Construction/Concrete/Transformation,2
"lightweight concrete block, expanded vermiculite",kilogram,market,material/Construction/Concrete/Market,2
"lightweight concrete block, expanded vermiculite",kilogram,market,material/Others/Obsolete,1
"lightweight concrete block, expanded vermiculite",kilogram,transformation,material/Construction/Concrete/Transformation,2
"lightweight concrete block, polystyrene",kilogram,market,material/Construction/Concrete/Market,2
"lightweight concrete block, polystyrene",kilogram,market,material/Others/Obsolete,1
"lightweight concrete block, polystyrene",kilogram,transformation,material/Construction/Concrete/Transformation,2
"lightweight concrete block, pumice",kilogram,market,material/Construction/Concrete/Market,2
"lightweight concrete block, pumice",kilogram,market,material/Others/Obsolete,1
"lightweight concrete block, pumice",kilogram,transformation,material/Construction/Concrete/Transformation,2
lignite,kilogram,market,material/Fuels/Lignite/Market,3
lignite,kilogram,transformation,material/Fuels/Lignite/Transformation,3
lignite ash,kilogram,market,waste treatment/Others/Market,2
lignite ash,kilogram,market,waste treatment/Others/Obsolete,1
lignite ash,kilogram,transformation,waste treatment/Incineration/Municipal incineration/Transformation,3
lignite ash,kilogram,transformation,waste treatment/Landfill/Sanitary landfill/Transformation,15
lignite briquettes,megajoule,market,material/Fuels/Lignite/Market,2
lignite briquettes,megajoule,market,material/Others/Obsolete,1
lignite briquettes,megajoule,transformation,material/Fuels/Lignite/Transformation,2
lignite briquettes factory,unit,market,material/Fuels/Lignite/Market/Infrastructure,1
lignite briquettes factory,unit,transformation,material/Fuels/Lignite/Transformation/Infrastructure,2
lignite dust factory,unit,market,material/Fuels/Lignite/Market/Infrastructure,1
lignite dust factory,unit,transformation,material/Fuels/Lignite/Transformation/Infrastructure,2
lignite power plant,unit,market,energy/Electricity by fuel/Coal/Market/Infrastructure,1
lignite power plant,unit,transformation,energy/Electricity by fuel/Coal/Transformation/Infrastructure,2
lime,kilogram,market,material/Minerals/Market,2
lime,kilogram,market,material/Others/Obsolete,1
lime,kilogram,transformation,material/Minerals/Transformation,6
lime,kilogram,transformation,material/Others/Obsolete,4
lime mortar,kilogram,market,material/Construction/Binders/Market,1
lime mortar,kilogram,transformation,material/Construction/Binders/Transformation,2
"lime, from liquid packaging board production",kilogram,market,material/Chemicals/Fertilisers (inorganic)/Market,1
"lime, from liquid packaging board production",kilogram,transformation,material/Others/Transformation,2
"lime, hydrated, loose weight",kilogram,market,material/Chemicals/Inorganic/Market,2
"lime, hydrated, loose weight",kilogram,market,material/Others/Obsolete,1
"lime, hydrated, loose weight",kilogram,transformation,material/Chemicals/Inorganic/Transformation,3
"lime, hydrated, packed",kilogram,market,material/Chemicals/Inorganic/Market,2
"lime, hydrated, packed",kilogram,market,material/Others/Obsolete,1
"lime, hydrated, packed",kilogram,transformation,material/Chemicals/Inorganic/Transformation,2
"lime, hydraulic",kilogram,market,material/Chemicals/Inorganic/Market,2
"lime, hydraulic",kilogram,market,material/Others/Obsolete,1
"lime, hydraulic",kilogram,transformation,material/Chemicals/Inorganic/Transformation,2
"lime, packed",kilogram,market,material/Minerals/Market,3
"lime, packed",kilogram,market,material/Others/Obsolete,1
"lime, packed",kilogram,transformation,material/Minerals/Transformation,3
"limestone and gypsum application, by spreader",hectare,market,processing/Agricultural/Market,1
"limestone and gypsum application, by spreader",hectare,transformation,processing/Agricultural/Transformation,2
limestone quarry infrastructure,unit,market,material/Minerals/Market/Infrastructure,1
limestone quarry infrastructure,unit,transformation,material/Minerals/Transformation/Infrastructure,2
limestone residue,kilogram,market,waste treatment/Others/Market,2
limestone residue,kilogram,market,waste treatment/Others/Obsolete,1
limestone residue,kilogram,transformation,waste treatment/Landfill/Inert material landfill/Transformation,2
limestone residue,kilogram,transformation,waste treatment/Others/Transformation,2
"limestone, crushed, for mill",kilogram,market,material/Minerals/Market,3
"limestone, crushed, for mill",kilogram,market,material/Others/Obsolete,1
"limestone, crushed, for mill",kilogram,transformation,material/Minerals/Transformation,4
"limestone, crushed, washed",kilogram,market,material/Minerals/Market,2
"limestone, crushed, washed",kilogram,market,material/Others/Obsolete,1
"limestone, crushed, washed",kilogram,transformation,material/Minerals/Transformation,3
"limestone, unprocessed",kilogram,market,material/Minerals/Market,3
"limestone, unprocessed",kilogram,market,material/Others/Obsolete,1
"limestone, unprocessed",kilogram,transformation,material/Minerals/Transformation,4
linerboard,kilogram,market,material/Others/Obsolete,2
linerboard,kilogram,transformation,material/Others/Obsolete,6
linseed,kilogram,market,material/Agricultural/Plant production/Oil seeds/Market,1
linseed,kilogram,transformation,material/Agricultural/Plant production/Oil seeds/Transformation,3
"linseed seed, at farm",kilogram,market,material/Agricultural/Plant seeds/Market,1
"linseed seed, at farm",kilogram,transformation,material/Agricultural/Plant seeds/Transformation,2
"linseed seed, for sowing",kilogram,market,material/Agricultural/Plant seeds/Market,1
"linseed seed, for sowing",kilogram,transformation,material/Agricultural/Plant seeds/Transformation,2
liquefied petroleum gas,kilogram,market,material/Fuels/Oil/Propane/butane/Market,9
liquefied petroleum gas,kilogram,transformation,material/Fuels/Oil/Propane/butane/Market/Import,7
liquefied petroleum gas,kilogram,transformation,material/Fuels/Oil/Propane/butane/Transformation,9
liquefied petroleum gas,kilogram,transformation,material/Others/Obsolete,1
liquid crystal display,kilogram,market,waste treatment/Others/Obsolete,1
"liquid crystal display, minor components, auxilliaries and assembly effort",kilogram,market,material/Electronics/Module/Market,1
"liquid crystal display, minor components, auxilliaries and assembly effort",kilogram,transformation,material/Electronics/Module/Transformation,1
"liquid crystal display, unmounted",kilogram,market,material/Electronics/Module/Market,1
"liquid crystal display, unmounted",kilogram,transformation,material/Electronics/Module/Transformation,1
"liquid crystal display, unmounted, mobile device",kilogram,market,material/Electronics/Module/Market,1
"liquid crystal display, unmounted, mobile device",kilogram,transformation,material/Electronics/Module/Transformation,1
"liquid manure spreading, by vacuum tanker",cubic meter,market,processing/Agricultural/Market,1
"liquid manure spreading, by vacuum tanker",cubic meter,transformation,processing/Agricultural/Transformation,3
liquid manure storage and processing facility,cubic meter,market,processing/Agricultural/Market/Infrastructure,1
liquid manure storage and processing facility,cubic meter,transformation,processing/Agricultural/Transformation/Infrastructure,2
liquid manure tank trailer,kilogram,market,transport/Road/Market/Infrastructure,1
liquid manure tank trailer,kilogram,transformation,transport/Road/Transformation/Infrastructure,2
liquid packaging board,kilogram,market,material/Others/Obsolete,1
liquid packaging board,kilogram,market,material/Paper+ Board/Board/Market,2
liquid packaging board,kilogram,transformation,material/Others/Obsolete,1
liquid packaging board,kilogram,transformation,material/Paper+ Board/Board/Transformation,2
liquid packaging board container,kilogram,market,material/Paper+ Board/Packagings/Market,1
liquid packaging board container,kilogram,transformation,material/Paper+ Board/Packagings/Transformation,2
"liquid storage tank, chemicals, organics",unit,market,material/Chemicals/Organic/Market/Infrastructure,1
"liquid storage tank, chemicals, organics",unit,transformation,material/Chemicals/Organic/Transformation/Infrastructure,2
lithium,kilogram,market,material/Metals/Non ferro/Market,1
lithium,kilogram,transformation,material/Metals/Non ferro/Transformation,1
"lithium brine, 6.7 % Li",kilogram,market,material/Chemicals/Inorganic/Market,1
"lithium brine, 6.7 % Li",kilogram,transformation,material/Chemicals/Inorganic/Transformation,1
lithium carbonate,kilogram,market,material/Chemicals/Inorganic/Market,1
lithium carbonate,kilogram,transformation,material/Chemicals/Inorganic/Transformation,4
lithium carbonate,kilogram,transformation,material/Others/Obsolete,1
lithium chloride,kilogram,market,material/Chemicals/Inorganic/Market,1
lithium chloride,kilogram,transformation,material/Chemicals/Inorganic/Transformation,1
lithium fluoride,kilogram,market,material/Chemicals/Inorganic/Market,1
lithium fluoride,kilogram,transformation,material/Chemicals/Inorganic/Transformation,2
lithium hexafluorophosphate,kilogram,market,material/Chemicals/Inorganic/Market,1
lithium hexafluorophosphate,kilogram,transformation,material/Chemicals/Inorganic/Transformation,2
lithium hydroxide,kilogram,market,material/Chemicals/Inorganic/Market,1
lithium hydroxide,kilogram,transformation,material/Chemicals/Inorganic/Transformation,1
lithium iron phosphate,kilogram,market,material/Metals/Non ferro/Market,2
lithium iron phosphate,kilogram,transformation,material/Metals/Non ferro/Transformation,4
lithium manganese oxide,kilogram,market,material/Chemicals/Inorganic/Market,1
lithium manganese oxide,kilogram,transformation,material/Chemicals/Inorganic/Transformation,1
lithium sulfate,kilogram,market,material/Chemicals/Inorganic/Market,1
lithium sulfate,kilogram,transformation,material/Chemicals/Inorganic/Transformation,3
locomotive,unit,market,transport/Rail/Market/Infrastructure,1
locomotive,unit,transformation,transport/Rail/Transformation/Infrastructure,2
"log, energy wood, split, measured as solid wood under bark",cubic meter,transformation,material/Others/Obsolete,1
"long liner maintenance, steel",kilogram,market,transport/Water/Market/Infrastructure,1
"long liner maintenance, steel",kilogram,transformation,transport/Water/Transformation/Infrastructure,2
"long liner, steel",kilogram,market,transport/Water/Market/Infrastructure,1
"long liner, steel",kilogram,transformation,transport/Water/Transformation/Infrastructure,2
"lorry with refrigeration machine, carbon dioxide, liquid as refrigerant, 16 metric ton",unit,market,transport/Road/Market/Infrastructure,1
"lorry with refrigeration machine, carbon dioxide, liquid as refrigerant, 16 metric ton",unit,transformation,transport/Road/Transformation/Infrastructure,1
"lorry with refrigeration machine, R134a as refrigerant, 16 metric ton",unit,market,transport/Road/Market/Infrastructure,1
"lorry with refrigeration machine, R134a as refrigerant, 16 metric ton",unit,transformation,transport/Road/Transformation/Infrastructure,1
"lorry, 16 metric ton",unit,market,transport/Others/Obsolete,1
"lorry, 16 metric ton",unit,market,transport/Road/Market/Infrastructure,2
"lorry, 16 metric ton",unit,transformation,transport/Road/Transformation/Infrastructure,2
"lorry, 28 metric ton",unit,market,transport/Others/Obsolete,1
"lorry, 28 metric ton",unit,market,transport/Road/Market/Infrastructure,2
"lorry, 28 metric ton",unit,transformation,transport/Road/Transformation/Infrastructure,2
"lorry, 40 metric ton",unit,market,transport/Others/Obsolete,1
"lorry, 40 metric ton",unit,market,transport/Road/Market/Infrastructure,2
"lorry, 40 metric ton",unit,transformation,transport/Road/Transformation/Infrastructure,2
low level radioactive waste,cubic meter,market,waste treatment/Nuclear waste/Market,1
low level radioactive waste,cubic meter,transformation,waste treatment/Nuclear waste/Transformation,3
low level radioactive waste for final repository,cubic meter,market,waste treatment/Nuclear waste/Market,1
low level radioactive waste for final repository,cubic meter,transformation,waste treatment/Nuclear waste/Transformation,2
"low voltage system, for Li-ion battery",kilogram,market,material/Electronics/Battery/Market,1
"low voltage system, for Li-ion battery",kilogram,transformation,material/Electronics/Battery/Transformation,1
lubricating oil,kilogram,market,material/Chemicals/Others/Market,2
lubricating oil,kilogram,market,material/Others/Obsolete,1
lubricating oil,kilogram,transformation,material/Chemicals/Others/Transformation,2
lutetium oxide,kilogram,market,material/Chemicals/Inorganic/Market,1
lutetium oxide,kilogram,transformation,material/Chemicals/Inorganic/Transformation,2
"machine operation, diesel, < 18.64 kW, generators",hour,market,transport/Building equipment/Market,1
"machine operation, diesel, < 18.64 kW, generators",hour,transformation,transport/Building equipment/Transformation,1
"machine operation, diesel, < 18.64 kW, high load factor",hour,market,transport/Building equipment/Market,1
"machine operation, diesel, < 18.64 kW, high load factor",hour,transformation,transport/Building equipment/Transformation,1
"machine operation, diesel, < 18.64 kW, low load factor",hour,market,transport/Building equipment/Market,1
"machine operation, diesel, < 18.64 kW, low load factor",hour,transformation,transport/Building equipment/Transformation,1
"machine operation, diesel, < 18.64 kW, steady-state",hour,market,transport/Building equipment/Market,1
"machine operation, diesel, < 18.64 kW, steady-state",hour,transformation,transport/Building equipment/Transformation,1
"machine operation, diesel, < 18.64 kW, underground mining",hour,market,transport/Building equipment/Market,1
"machine operation, diesel, < 18.64 kW, underground mining",hour,transformation,transport/Building equipment/Transformation,1
"machine operation, diesel, >= 18.64 kW and < 74.57 kW, generators",hour,market,transport/Building equipment/Market,1
"machine operation, diesel, >= 18.64 kW and < 74.57 kW, generators",hour,transformation,transport/Building equipment/Transformation,1
"machine operation, diesel, >= 18.64 kW and < 74.57 kW, high load factor",hour,market,transport/Building equipment/Market,1
"machine operation, diesel, >= 18.64 kW and < 74.57 kW, high load factor",hour,transformation,transport/Building equipment/Transformation,1
"machine operation, diesel, >= 18.64 kW and < 74.57 kW, low load factor",hour,market,transport/Building equipment/Market,1
"machine operation, diesel, >= 18.64 kW and < 74.57 kW, low load factor",hour,transformation,transport/Building equipment/Transformation,1
"machine operation, diesel, >= 18.64 kW and < 74.57 kW, steady-state",hour,market,transport/Building equipment/Market,1
"machine operation, diesel, >= 18.64 kW and < 74.57 kW, steady-state",hour,transformation,transport/Building equipment/Transformation,1
"machine operation, diesel, >= 18.64 kW and < 74.57 kW, underground mining",hour,market,transport/Building equipment/Market,1
"machine operation, diesel, >= 18.64 kW and < 74.57 kW, underground mining",hour,transformation,transport/Building equipment/Transformation,1
"machine operation, diesel, >= 74.57 kW, generators",hour,market,transport/Building equipment/Market,1
"machine operation, diesel, >= 74.57 kW, generators",hour,transformation,transport/Building equipment/Transformation,1
"machine operation, diesel, >= 74.57 kW, high load factor",hour,market,transport/Building equipment/Market,1
"machine operation, diesel, >= 74.57 kW, high load factor",hour,transformation,transport/Building equipment/Transformation,1
"machine operation, diesel, >= 74.57 kW, low load factor",hour,market,transport/Building equipment/Market,1
"machine operation, diesel, >= 74.57 kW, low load factor",hour,transformation,transport/Building equipment/Transformation,1
"machine operation, diesel, >= 74.57 kW, steady-state",hour,market,transport/Building equipment/Market,1
"machine operation, diesel, >= 74.57 kW, steady-state",hour,transformation,transport/Building equipment/Transformation,1
"machine operation, diesel, >= 74.57, underground mining",hour,market,transport/Building equipment/Market,1
"machine operation, diesel, >= 74.57, underground mining",hour,transformation,transport/Building equipment/Transformation,1
"machine, for treatment of waste electric and electronic equipment",unit,market,processing/Waste/Market/Infrastructure,1
"machine, for treatment of waste electric and electronic equipment",unit,transformation,processing/Waste/Transformation/Infrastructure,1
magnesium,kilogram,market,material/Metals/Non ferro/Market,1
magnesium,kilogram,transformation,material/Metals/Non ferro/Transformation,12
magnesium,kilogram,transformation,material/Others/Obsolete,1
"magnesium chloride, from hafnium sponge production",kilogram,market,material/Metals/Non ferro/Market,1
"magnesium chloride, from hafnium sponge production",kilogram,transformation,material/Chemicals/Inorganic/Transformation,1
"magnesium chloride, from titanium sponge production",kilogram,market,material/Chemicals/Inorganic/Market,1
"magnesium chloride, from titanium sponge production",kilogram,transformation,material/Chemicals/Inorganic/Transformation,1
"magnesium chloride, from zirconium sponge production",kilogram,market,material/Chemicals/Inorganic/Market,1
"magnesium chloride, from zirconium sponge production",kilogram,transformation,material/Chemicals/Inorganic/Transformation,1
magnesium factory,unit,market,material/Metals/Non ferro/Market/Infrastructure,1
magnesium factory,unit,transformation,material/Metals/Non ferro/Transformation/Infrastructure,2
magnesium oxide,kilogram,market,material/Chemicals/Inorganic/Market,1
magnesium oxide,kilogram,transformation,material/Chemicals/Inorganic/Transformation,2
magnesium sulfate,kilogram,market,material/Chemicals/Inorganic/Market,1
magnesium sulfate,kilogram,transformation,material/Chemicals/Inorganic/Transformation,3
"magnesium, for reuse in hafnium sponge production",kilogram,market,material/Metals/Non ferro/Market,3
"magnesium, for reuse in hafnium sponge production",kilogram,transformation,material/Metals/Non ferro/Transformation,3
"magnesium, for reuse in titanium sponge production",kilogram,market,material/Metals/Non ferro/Market,3
"magnesium, for reuse in titanium sponge production",kilogram,transformation,material/Metals/Non ferro/Transformation,3
"magnesium, for reuse in zirconium sponge production",kilogram,market,material/Metals/Non ferro/Market,3
"magnesium, for reuse in zirconium sponge production",kilogram,transformation,material/Metals/Non ferro/Transformation,3
"magnesium-alloy, AZ91",kilogram,market,material/Metals/Alloys/Market,1
"magnesium-alloy, AZ91",kilogram,transformation,material/Metals/Alloys/Transformation,2
"magnesium-alloy, AZ91, diecast",kilogram,market,material/Metals/Alloys/Market,1
"magnesium-alloy, AZ91, diecast",kilogram,transformation,material/Metals/Alloys/Transformation,2
magnetite,kilogram,market,material/Metals/Non ferro/Market,1
magnetite,kilogram,transformation,material/Metals/Non ferro/Transformation,2
"maintenance, barge",unit,market,transport/Water/Market/Infrastructure,1
"maintenance, barge",unit,transformation,transport/Water/Transformation/Infrastructure,2
"maintenance, bicycle",unit,market,transport/Road/Market/Infrastructure,1
"maintenance, bicycle",unit,transformation,transport/Road/Transformation/Infrastructure,2
"maintenance, bulk carrier, for dry goods",unit,market,transport/Water/Market/Infrastructure,1
"maintenance, bulk carrier, for dry goods",unit,transformation,transport/Water/Transformation/Infrastructure,1
"maintenance, bus",unit,market,transport/Road/Market/Infrastructure,1
"maintenance, bus",unit,transformation,transport/Road/Transformation/Infrastructure,2
"maintenance, container ship",unit,market,transport/Water/Market/Infrastructure,1
"maintenance, container ship",unit,transformation,transport/Water/Transformation/Infrastructure,1
"maintenance, electric bicycle",unit,market,transport/Road/Market/Infrastructure,1
"maintenance, electric bicycle",unit,transformation,transport/Road/Transformation/Infrastructure,2
"maintenance, electric scooter, without battery",unit,market,transport/Road/Market/Infrastructure,1
"maintenance, electric scooter, without battery",unit,transformation,transport/Road/Transformation/Infrastructure,1
"maintenance, ferry",unit,market,transport/Water/Market/Infrastructure,1
"maintenance, ferry",unit,transformation,transport/Water/Transformation/Infrastructure,1
"maintenance, freight ship, transoceanic",unit,market,transport/Others/Obsolete,1
"maintenance, freight ship, transoceanic",unit,transformation,transport/Others/Obsolete,2
"maintenance, goods wagon",unit,market,transport/Rail/Market/Infrastructure,1
"maintenance, goods wagon",unit,transformation,transport/Rail/Transformation/Infrastructure,2
"maintenance, heat and power co-generation unit, 160kW electrical",unit,market,energy/Cogeneration/Gas/Market/Infrastructure,1
"maintenance, heat and power co-generation unit, 160kW electrical",unit,transformation,energy/Cogeneration/Gas/Transformation/Infrastructure,2
"maintenance, intermodal shipping container, 20-foot",unit,market,transport/Intermodal/Market/Infrastructure,1
"maintenance, intermodal shipping container, 20-foot",unit,transformation,transport/Intermodal/Transformation/Infrastructure,1
"maintenance, intermodal shipping container, 40-foot",unit,market,transport/Intermodal/Market/Infrastructure,1
"maintenance, intermodal shipping container, 40-foot",unit,transformation,transport/Intermodal/Transformation/Infrastructure,1
"maintenance, intermodal shipping container, 40-foot, high-cube",unit,market,transport/Intermodal/Market/Infrastructure,1
"maintenance, intermodal shipping container, 40-foot, high-cube",unit,transformation,transport/Intermodal/Transformation/Infrastructure,1
"maintenance, intermodal shipping container, 45-foot, high-cube",unit,market,transport/Intermodal/Market/Infrastructure,1
"maintenance, intermodal shipping container, 45-foot, high-cube",unit,transformation,transport/Intermodal/Transformation/Infrastructure,1
"maintenance, light commercial vehicle",unit,market,transport/Road/Market/Infrastructure,1
"maintenance, light commercial vehicle",unit,transformation,transport/Road/Transformation/Infrastructure,2
"maintenance, locomotive",unit,market,transport/Rail/Market/Infrastructure,1
"maintenance, locomotive",unit,transformation,transport/Rail/Transformation/Infrastructure,2
"maintenance, lorry 16 metric ton",unit,market,transport/Others/Obsolete,1
"maintenance, lorry 16 metric ton",unit,market,transport/Road/Market/Infrastructure,2
"maintenance, lorry 16 metric ton",unit,transformation,transport/Road/Transformation/Infrastructure,3
"maintenance, lorry 28 metric ton",unit,market,transport/Road/Market/Infrastructure,1
"maintenance, lorry 28 metric ton",unit,transformation,transport/Road/Transformation/Infrastructure,2
"maintenance, lorry 40 metric ton",unit,market,transport/Road/Market/Infrastructure,1
"maintenance, lorry 40 metric ton",unit,transformation,transport/Road/Transformation/Infrastructure,2
"maintenance, micro gas turbine, 100kW electrical",unit,market,energy/Cogeneration/Gas/Market/Infrastructure,1
"maintenance, micro gas turbine, 100kW electrical",unit,transformation,energy/Cogeneration/Gas/Transformation/Infrastructure,2
"maintenance, mini CHP plant",unit,market,energy/Cogeneration/Gas/Market/Infrastructure,1
"maintenance, mini CHP plant",unit,transformation,energy/Cogeneration/Gas/Transformation/Infrastructure,2
"maintenance, motor scooter",unit,market,transport/Road/Market/Infrastructure,1
"maintenance, motor scooter",unit,transformation,transport/Road/Transformation/Infrastructure,2
"maintenance, passenger car, electric, without battery",unit,market,transport/Road/Market/Infrastructure,1
"maintenance, passenger car, electric, without battery",unit,transformation,transport/Road/Transformation/Infrastructure,1
"maintenance, polymer electrolyte membrane fuel cell, 2kW electrical",unit,market,energy/Cogeneration/Gas/Market/Infrastructure,1
"maintenance, polymer electrolyte membrane fuel cell, 2kW electrical",unit,transformation,energy/Cogeneration/Gas/Transformation/Infrastructure,2
"maintenance, reefer, intermodal shipping container, 40-foot, high-cube",unit,market,transport/Intermodal/Market/Infrastructure,1
"maintenance, reefer, intermodal shipping container, 40-foot, high-cube",unit,transformation,transport/Intermodal/Transformation/Infrastructure,1
"maintenance, refrigeration machine",unit,market,transport/Road/Market/Infrastructure,1
"maintenance, refrigeration machine",unit,transformation,transport/Intermodal/Transformation/Infrastructure,1
"maintenance, solid oxide fuel cell, 125kW electrical, future",unit,market,energy/Cogeneration/Gas/Market/Infrastructure,1
"maintenance, solid oxide fuel cell, 125kW electrical, future",unit,transformation,energy/Cogeneration/Gas/Transformation/Infrastructure,2
"maintenance, solid oxide fuel cell, with micro gas turbine, 180kW electrical, future",unit,market,energy/Cogeneration/Gas/Market/Infrastructure,1
"maintenance, solid oxide fuel cell, with micro gas turbine, 180kW electrical, future",unit,transformation,energy/Cogeneration/Gas/Transformation/Infrastructure,2
"maintenance, stirling heat and power co-generation unit, 3kW electrical, wood pellet, future",unit,market,energy/Cogeneration/Biomass/Market/Infrastructure,1
"maintenance, stirling heat and power co-generation unit, 3kW electrical, wood pellet, future",unit,transformation,energy/Cogeneration/Biomass/Transformation/Infrastructure,2
"maintenance, tanker for liquid goods other than petroleum and liquefied natural gas",unit,market,transport/Water/Market/Infrastructure,1
"maintenance, tanker for liquid goods other than petroleum and liquefied natural gas",unit,transformation,transport/Water/Transformation/Infrastructure,1
"maintenance, tanker, for liquefied natural gas",unit,market,transport/Water/Market/Infrastructure,1
"maintenance, tanker, for liquefied natural gas",unit,transformation,transport/Water/Transformation/Infrastructure,1
"maintenance, tanker, for petroleum",unit,market,transport/Water/Market/Infrastructure,1
"maintenance, tanker, for petroleum",unit,transformation,transport/Water/Transformation/Infrastructure,1
"maintenance, train, passenger, high-speed",unit,market,transport/Rail/Market/Infrastructure,1
"maintenance, train, passenger, high-speed",unit,transformation,transport/Rail/Transformation/Infrastructure,2
"maintenance, train, passenger, long distance",unit,market,transport/Rail/Market/Infrastructure,1
"maintenance, train, passenger, long distance",unit,transformation,transport/Rail/Transformation/Infrastructure,2
"maintenance, train, passenger, regional",unit,market,transport/Rail/Market/Infrastructure,1
"maintenance, train, passenger, regional",unit,transformation,transport/Rail/Transformation/Infrastructure,2
"maintenance, tram",unit,market,transport/Rail/Market/Infrastructure,1
"maintenance, tram",unit,transformation,transport/Rail/Transformation/Infrastructure,2
"maintenance, transmission network, electricity, high voltage direct current aerial line",kmy,market,transport/Electricity/Market/Infrastructure,1
"maintenance, transmission network, electricity, high voltage direct current aerial line",kmy,transformation,transport/Electricity/Transformation/Infrastructure,2
"maintenance, transmission network, electricity, high voltage direct current land cable",kmy,market,transport/Electricity/Market/Infrastructure,1
"maintenance, transmission network, electricity, high voltage direct current land cable",kmy,transformation,transport/Electricity/Transformation/Infrastructure,2
"maintenance, transmission network, electricity, high voltage direct current subsea cable",kmy,market,transport/Electricity/Market/Infrastructure,1
"maintenance, transmission network, electricity, high voltage direct current subsea cable",kmy,transformation,transport/Electricity/Transformation/Infrastructure,2
maize chop,kilogram,market,material/Agricultural/Animal feed/Market,2
maize chop,kilogram,transformation,material/Agricultural/Animal feed/Transformation,2
maize flour,kilogram,market,material/Agricultural/Food/Market,2
maize flour,kilogram,transformation,material/Agricultural/Food/Transformation,2
maize grain,kilogram,market,material/Agricultural/Plant production/Cereals/Market,3
maize grain,kilogram,market,material/Others/Obsolete,1
maize grain,kilogram,transformation,material/Agricultural/Plant production/Cereals/Transformation,23
maize grain,kilogram,transformation,material/Others/Obsolete,2
"maize grain, feed",kilogram,market,material/Agricultural/Animal feed/Market,2
"maize grain, feed",kilogram,market,material/Others/Obsolete,1
"maize grain, feed",kilogram,transformation,material/Agricultural/Animal feed/Transformation,3
"maize grain, feed, organic",kilogram,market,material/Agricultural/Animal feed/Market,1
"maize grain, feed, organic",kilogram,transformation,material/Agricultural/Animal feed/Transformation,2
"maize grain, feed, Swiss integrated production",kilogram,market,material/Agricultural/Animal feed/Market,1
"maize grain, feed, Swiss integrated production",kilogram,transformation,material/Agricultural/Animal feed/Transformation,1
"maize grain, feed, Swiss integrated production",kilogram,transformation,material/Others/Obsolete,1
"maize grain, organic",kilogram,market,material/Agricultural/Plant production/Cereals/Market,1
"maize grain, organic",kilogram,transformation,material/Agricultural/Plant production/Cereals/Transformation,2
"maize grain, Swiss integrated production",kilogram,market,material/Agricultural/Plant production/Cereals/Market,1
"maize grain, Swiss integrated production",kilogram,transformation,material/Agricultural/Plant production/Cereals/Transformation,1
"maize seed, at farm",kilogram,market,material/Agricultural/Plant seeds/Market,1
"maize seed, at farm",kilogram,transformation,material/Agricultural/Plant seeds/Transformation,1
"maize seed, for sowing",kilogram,market,material/Agricultural/Plant seeds/Market,1
"maize seed, for sowing",kilogram,transformation,material/Agricultural/Plant seeds/Transformation,1
"maize seed, organic, at farm",kilogram,market,material/Agricultural/Plant seeds/Market,1
"maize seed, organic, at farm",kilogram,transformation,material/Agricultural/Plant seeds/Transformation,2
"maize seed, organic, for sowing",kilogram,market,material/Agricultural/Plant seeds/Market,1
"maize seed, organic, for sowing",kilogram,transformation,material/Agricultural/Plant seeds/Transformation,2
"maize seed, Swiss integrated production, at farm",kilogram,market,material/Agricultural/Plant seeds/Market,1
"maize seed, Swiss integrated production, at farm",kilogram,transformation,material/Agricultural/Plant seeds/Transformation,1
"maize seed, Swiss integrated production, for sowing",kilogram,market,material/Agricultural/Plant seeds/Market,1
"maize seed, Swiss integrated production, for sowing",kilogram,transformation,material/Agricultural/Plant seeds/Transformation,1
maize silage,kilogram,market,material/Agricultural/Animal feed/Market,2
maize silage,kilogram,market,material/Others/Obsolete,1
maize silage,kilogram,transformation,material/Agricultural/Animal feed/Transformation,4
"maize silage, organic",kilogram,market,material/Agricultural/Animal feed/Market,1
"maize silage, organic",kilogram,transformation,material/Agricultural/Animal feed/Transformation,2
"maize silage, Swiss integrated production",kilogram,market,material/Agricultural/Animal feed/Market,1
"maize silage, Swiss integrated production",kilogram,transformation,material/Agricultural/Animal feed/Transformation,1
maize starch,kilogram,market,material/Agricultural/Food/Market,1
maize starch,kilogram,transformation,material/Agricultural/Food/Transformation,6
maize starch,kilogram,transformation,material/Others/Obsolete,1
maleic anhydride,kilogram,market,material/Chemicals/Organic/Market,1
maleic anhydride,kilogram,market,material/Others/Obsolete,2
maleic anhydride,kilogram,transformation,material/Chemicals/Organic/Transformation,4
maleic hydrazide,kilogram,market,material/Chemicals/Organic/Market,1
maleic hydrazide,kilogram,transformation,material/Chemicals/Organic/Transformation,1
maleic unsaturated polyester resin,kilogram,market,material/Plastics/Thermosets/Market,1
maleic unsaturated polyester resin,kilogram,transformation,material/Plastics/Thermosets/Transformation,2
malusil,kilogram,market,material/Chemicals/Inorganic/Market,1
malusil,kilogram,transformation,material/Chemicals/Inorganic/Transformation,2
mancozeb,kilogram,market,material/Chemicals/Pesticides/Market,1
mancozeb,kilogram,transformation,material/Chemicals/Pesticides/Transformation,2
mandarin,kilogram,market,material/Agricultural/Plant production/Fruits/Market,2
mandarin,kilogram,market,material/Others/Obsolete,1
mandarin,kilogram,transformation,material/Agricultural/Plant production/Fruits/Transformation,4
"mandarin, fresh grade",kilogram,market,material/Agricultural/Plant production/Fruits/Market,1
"mandarin, fresh grade",kilogram,transformation,material/Agricultural/Plant production/Fruits/Transformation,2
"mandarin, processing grade",kilogram,market,material/Agricultural/Plant production/Fruits/Market,1
"mandarin, processing grade",kilogram,transformation,material/Agricultural/Plant production/Fruits/Transformation,2
maneb,kilogram,market,material/Chemicals/Organic/Market,1
maneb,kilogram,transformation,material/Chemicals/Organic/Transformation,1
manganese,kilogram,market,material/Metals/Non ferro/Market,1
manganese,kilogram,transformation,material/Metals/Non ferro/Transformation,3
manganese concentrate,kilogram,market,material/Minerals/Market,1
manganese concentrate,kilogram,transformation,material/Minerals/Transformation,1
manganese dioxide,kilogram,market,material/Chemicals/Inorganic/Market,1
manganese dioxide,kilogram,transformation,material/Chemicals/Inorganic/Transformation,2
manganese sulfate,kilogram,market,material/Chemicals/Inorganic/Market,1
manganese sulfate,kilogram,transformation,material/Chemicals/Inorganic/Transformation,2
manganese(III) oxide,kilogram,market,material/Chemicals/Inorganic/Market,1
manganese(III) oxide,kilogram,transformation,material/Chemicals/Inorganic/Transformation,2
mango,kilogram,market,material/Agricultural/Plant production/Fruits/Market,2
mango,kilogram,transformation,material/Agricultural/Plant production/Fruits/Transformation,2
"mango seedling, for planting",unit,market,material/Agricultural/Plant seeds/Market,1
"mango seedling, for planting",unit,transformation,material/Agricultural/Plant seeds/Transformation,2
"mango, conditioned",kilogram,market,material/Agricultural/Plant production/Fruits/Market,1
"mango, conditioned",kilogram,transformation,material/Agricultural/Plant production/Fruits/Transformation,4
manual dismantling of electric scooter,unit,market,processing/Others/Market,1
manual dismantling of electric scooter,unit,transformation,processing/Others/Transformation,1
manual dismantling of used electric passenger car,unit,market,processing/Others/Market,1
manual dismantling of used electric passenger car,unit,transformation,processing/Others/Transformation,1
manual dismantling of used passenger car with internal combustion engine,unit,market,processing/Others/Market,1
manual dismantling of used passenger car with internal combustion engine,unit,transformation,processing/Others/Transformation,1
"manual treatment facility, waste electric and electronic equipment",unit,market,processing/Waste/Market/Infrastructure,1
"manual treatment facility, waste electric and electronic equipment",unit,transformation,processing/Waste/Transformation/Infrastructure,1
"manure, liquid, cattle",kilogram,market,material/Chemicals/Fertilisers (organic)/Market,1
"manure, liquid, cattle",kilogram,transformation,material/Chemicals/Fertilisers (organic)/Transformation,1
"manure, liquid, swine",kilogram,market,material/Chemicals/Fertilisers (organic)/Market,1
"manure, liquid, swine",kilogram,transformation,material/Chemicals/Fertilisers (organic)/Transformation,1
"manure, solid, cattle",kilogram,market,material/Chemicals/Fertilisers (organic)/Market,1
"manure, solid, cattle",kilogram,transformation,material/Chemicals/Fertilisers (organic)/Transformation,1
marine electric motor,unit,market,transport/Water/Market/Infrastructure,1
marine electric motor,unit,transformation,transport/Water/Transformation/Infrastructure,1
marine engine,unit,market,transport/Water/Market/Infrastructure,1
marine engine,unit,transformation,transport/Water/Transformation/Infrastructure,1
marine fish,kilogram,market,material/Agricultural/Animal production/Fish/Market,1
marine fish,kilogram,transformation,material/Agricultural/Animal production/Fish/Market,6
mastic asphalt,kilogram,market,material/Construction/Coverings/Market,1
mastic asphalt,kilogram,transformation,material/Construction/Coverings/Transformation,2
mattress,unit,market,material/Appliances/Market/Infrastructure,1
mattress,unit,transformation,material/Appliances/Transformation/Infrastructure,2
meat and bone meal,kilogram,market,material/Agricultural/Animal feed/Market,2
meat and bone meal,kilogram,market,waste treatment/Others/Obsolete,1
meat and bone meal,kilogram,transformation,material/Agricultural/Animal feed/Transformation,2
meat and bone meal,kilogram,transformation,waste treatment/Others/Obsolete,5
"mechanical treatment facility, waste electric and electronic equipment",unit,market,processing/Waste/Market/Infrastructure,1
"mechanical treatment facility, waste electric and electronic equipment",unit,transformation,processing/Waste/Transformation/Infrastructure,1
mecoprop,kilogram,market,material/Chemicals/Pesticides/Market,1
mecoprop,kilogram,transformation,material/Chemicals/Pesticides/Transformation,2
medium density fibreboard,cubic meter,market,material/Others/Obsolete,1
medium density fibreboard,cubic meter,market,material/Wood/Products/Market,2
medium density fibreboard,cubic meter,transformation,material/Wood/Products/Transformation,2
melamine,kilogram,market,material/Chemicals/Organic/Market,1
melamine,kilogram,transformation,material/Chemicals/Organic/Transformation,2
melamine formaldehyde resin,kilogram,market,material/Chemicals/Organic/Market,2
melamine formaldehyde resin,kilogram,market,material/Others/Obsolete,1
melamine formaldehyde resin,kilogram,transformation,material/Chemicals/Organic/Transformation,2
melamine urea formaldehyde adhesive,kilogram,market,material/Chemicals/Organic/Market,1
melamine urea formaldehyde adhesive,kilogram,transformation,material/Chemicals/Organic/Transformation,1
melon,kilogram,market,material/Agricultural/Plant production/Fruits/Market,1
melon,kilogram,transformation,material/Agricultural/Plant production/Fruits/Transformation,1
mepiquat chloride,kilogram,market,material/Chemicals/Organic/Market,1
mepiquat chloride,kilogram,transformation,material/Chemicals/Organic/Transformation,1
"mercerizing, textile",kilogram,market,processing/Textiles/Market,1
"mercerizing, textile",kilogram,transformation,processing/Textiles/Transformation,2
mercury,kilogram,market,material/Metals/Non ferro/Market,1
mercury,kilogram,transformation,material/Metals/Non ferro/Transformation,2
metal catalyst for catalytic converter,kilogram,market,material/Chemicals/Others/Market,1
metal catalyst for catalytic converter,kilogram,transformation,material/Chemicals/Organic/Market,2
metal catalyst for catalytic converter,kilogram,transformation,material/Chemicals/Others/Market,1
metal coating facility,unit,market,processing/Metals/Metal working/Market/Infrastructure,1
metal coating facility,unit,transformation,processing/Metals/Metal working/Transformation/Infrastructure,2
"metal part of electronics scrap, in copper, anode",kilogram,market,material/Electronics waste/Market,1
"metal part of electronics scrap, in copper, anode",kilogram,transformation,material/Electronics waste/Transformation,2
"metal part of electronics scrap, in copper, anode",kilogram,transformation,waste treatment/Others/Obsolete,2
metal working factory,unit,market,processing/Metals/Metal working/Market/Infrastructure,1
metal working factory,unit,transformation,processing/Metals/Metal working/Transformation/Infrastructure,2
"metal working machine, unspecified",kilogram,market,processing/Metals/Metal working/Market/Infrastructure,2
"metal working machine, unspecified",kilogram,market,processing/Others/Obsolete,1
"metal working machine, unspecified",kilogram,transformation,processing/Metals/Metal working/Transformation/Infrastructure,2
"metal working, average for aluminium product manufacturing",kilogram,market,processing/Metals/Metal working/Market,1
"metal working, average for aluminium product manufacturing",kilogram,transformation,processing/Metals/Metal working/Transformation,2
"metal working, average for chromium steel product manufacturing",kilogram,market,processing/Metals/Metal working/Market,1
"metal working, average for chromium steel product manufacturing",kilogram,transformation,processing/Metals/Metal working/Transformation,2
"metal working, average for copper product manufacturing",kilogram,market,processing/Metals/Metal working/Market,1
"metal working, average for copper product manufacturing",kilogram,transformation,processing/Metals/Metal working/Transformation,2
"metal working, average for metal product manufacturing",kilogram,market,processing/Metals/Metal working/Market,1
"metal working, average for metal product manufacturing",kilogram,transformation,processing/Metals/Metal working/Transformation,2
"metal working, average for steel product manufacturing",kilogram,market,processing/Metals/Metal working/Market,1
"metal working, average for steel product manufacturing",kilogram,transformation,processing/Metals/Metal working/Transformation,2
metaldehyde,kilogram,market,material/Chemicals/Pesticides/Market,1
metaldehyde,kilogram,transformation,material/Chemicals/Pesticides/Transformation,2
metalliferous hydroxide sludge,kilogram,market,material/Chemicals/Inorganic/Market,1
metalliferous hydroxide sludge,kilogram,market,waste treatment/Others/Obsolete,1
metalliferous hydroxide sludge,kilogram,transformation,material/Chemicals/Inorganic/Transformation,1
"metallization paste, back side",kilogram,market,material/Electronics/Photovoltaic/Market,2
"metallization paste, back side",kilogram,market,material/Others/Obsolete,1
"metallization paste, back side",kilogram,transformation,material/Electronics/Photovoltaic/Transformation,2
"metallization paste, back side, aluminium",kilogram,market,material/Electronics/Photovoltaic/Market,2
"metallization paste, back side, aluminium",kilogram,market,material/Others/Obsolete,1
"metallization paste, back side, aluminium",kilogram,transformation,material/Electronics/Photovoltaic/Transformation,2
"metallization paste, front side",kilogram,market,material/Electronics/Photovoltaic/Market,2
"metallization paste, front side",kilogram,market,material/Others/Obsolete,1
"metallization paste, front side",kilogram,transformation,material/Electronics/Photovoltaic/Transformation,2
metamitron,kilogram,market,material/Chemicals/Pesticides/Market,1
metamitron,kilogram,transformation,material/Chemicals/Pesticides/Transformation,2
metazachlor,kilogram,market,material/Chemicals/Organic/Market,1
metazachlor,kilogram,transformation,material/Chemicals/Organic/Transformation,1
methacrylic acid,kilogram,market,material/Chemicals/Acids (organic)/Market,1
methacrylic acid,kilogram,transformation,material/Chemicals/Acids (organic)/Transformation,2
methallylchloride,kilogram,market,material/Chemicals/Organic/Market,1
methallylchloride,kilogram,transformation,material/Chemicals/Organic/Transformation,1
methane sulfonic acid,kilogram,market,material/Chemicals/Acids (organic)/Market,1
methane sulfonic acid,kilogram,transformation,material/Chemicals/Acids (organic)/Transformation,2
"methane, 96% by volume",cubic meter,market,material/Others/Obsolete,3
"methane, 96% by volume",cubic meter,transformation,material/Others/Obsolete,6
"methane, 96% by volume, from biogas, from high pressure network, at service station",kilogram,market,material/Others/Obsolete,1
"methane, 96% by volume, from biogas, from low pressure network, at service station",kilogram,market,material/Others/Obsolete,1
"methane, 96% by volume, from biogas, from medium pressure network, at service station",kilogram,market,material/Others/Obsolete,1
"methane, 96% by volume, from biogas, high pressure, at user",megajoule,market,material/Others/Obsolete,3
"methane, 96% by volume, from biogas, high pressure, at user",megajoule,transformation,material/Others/Obsolete,2
"methane, 96% by volume, from biogas, low pressure, at user",megajoule,market,material/Others/Obsolete,1
methanol,kilogram,market,material/Chemicals/Organic/Market,1
methanol,kilogram,transformation,material/Chemicals/Organic/Transformation,2
methanol factory,unit,market,material/Chemicals/Organic/Market/Infrastructure,1
methanol factory,unit,transformation,material/Chemicals/Organic/Transformation/Infrastructure,1
"methanol, from biomass",kilogram,market,material/Chemicals/Organic/Market,2
"methanol, from biomass",kilogram,transformation,material/Chemicals/Organic/Transformation,2
"methanol, from biomass",kilogram,transformation,material/Chemicals/Others/Transformation,4
methyl acetate,kilogram,market,material/Chemicals/Organic/Market,1
methyl acetate,kilogram,transformation,material/Chemicals/Organic/Transformation,2
methyl acrylate,kilogram,market,material/Chemicals/Organic/Market,1
methyl acrylate,kilogram,transformation,material/Chemicals/Organic/Transformation,1
methyl ethyl ketone,kilogram,market,material/Chemicals/Organic/Market,2
methyl ethyl ketone,kilogram,market,material/Others/Obsolete,1
methyl ethyl ketone,kilogram,transformation,material/Chemicals/Organic/Transformation,5
methyl formate,kilogram,market,material/Chemicals/Organic/Market,1
methyl formate,kilogram,transformation,material/Chemicals/Organic/Transformation,2
methyl iodide,kilogram,market,material/Chemicals/Organic/Market,1
methyl iodide,kilogram,transformation,material/Chemicals/Organic/Transformation,2
methyl methacrylate,kilogram,market,material/Chemicals/Organic/Market,2
methyl methacrylate,kilogram,market,material/Others/Obsolete,1
methyl methacrylate,kilogram,transformation,material/Chemicals/Organic/Transformation,2
methyl tert-butyl ether,kilogram,market,material/Chemicals/Organic/Market,1
methyl tert-butyl ether,kilogram,transformation,material/Chemicals/Organic/Transformation,2
methyl-3-methoxypropionate,kilogram,market,material/Chemicals/Organic/Market,1
methyl-3-methoxypropionate,kilogram,transformation,material/Chemicals/Organic/Transformation,1
methylamine,kilogram,market,material/Chemicals/Organic/Market,2
methylamine,kilogram,market,material/Others/Obsolete,1
methylamine,kilogram,transformation,material/Chemicals/Organic/Transformation,2
methylchloride,kilogram,market,material/Chemicals/Organic/Market,2
methylchloride,kilogram,market,material/Others/Obsolete,1
methylchloride,kilogram,transformation,material/Chemicals/Organic/Transformation,2
methylcyclohexane,kilogram,market,material/Chemicals/Organic/Market,1
methylcyclohexane,kilogram,transformation,material/Chemicals/Organic/Transformation,4
methylcyclopentane,kilogram,market,material/Chemicals/Organic/Market,1
methylcyclopentane,kilogram,transformation,material/Chemicals/Organic/Transformation,2
methylene diphenyl diisocyanate,kilogram,market,material/Chemicals/Organic/Market,2
methylene diphenyl diisocyanate,kilogram,market,material/Others/Obsolete,1
methylene diphenyl diisocyanate,kilogram,transformation,material/Chemicals/Organic/Transformation,2
methylene diphenyldiisocyanate,kilogram,market,material/Others/Obsolete,1
methylene diphenyldiisocyanate,kilogram,transformation,material/Others/Obsolete,1
methylpyrrolidone,kilogram,market,material/Others/Obsolete,1
methylpyrrolidone,kilogram,transformation,material/Others/Obsolete,2
metolachlor,kilogram,market,material/Chemicals/Pesticides/Market,1
metolachlor,kilogram,transformation,material/Chemicals/Pesticides/Transformation,2
"micro gas turbine, 100kW electrical",unit,market,energy/Cogeneration/Gas/Market/Infrastructure,1
"micro gas turbine, 100kW electrical",unit,transformation,energy/Cogeneration/Gas/Transformation/Infrastructure,2
microwave oven,unit,market,material/Appliances/Market/Infrastructure,1
microwave oven,unit,transformation,material/Appliances/Transformation/Infrastructure,1
milking,kilogram,market,processing/Agricultural/Market,1
milking,kilogram,transformation,processing/Agricultural/Transformation,2
milking parlour,unit,market,processing/Agricultural/Market/Infrastructure,1
milking parlour,unit,transformation,processing/Agricultural/Transformation/Infrastructure,2
mill scale,kilogram,market,waste treatment/Landfill/Residual material landfill/Market,2
mill scale,kilogram,transformation,waste treatment/Landfill/Residual material landfill/Transformation,1
millet,kilogram,market,material/Agricultural/Plant production/Cereals/Market,1
millet,kilogram,transformation,material/Agricultural/Food/Transformation,2
"mine infrastructure, bauxite",unit,market,material/Minerals/Market/Infrastructure,1
"mine infrastructure, bauxite",unit,transformation,material/Minerals/Transformation/Infrastructure,1
"mine infrastructure, gold",unit,market,material/Minerals/Market/Infrastructure,1
"mine infrastructure, gold",unit,transformation,material/Minerals/Transformation/Infrastructure,6
"mine infrastructure, gold and silver",unit,market,material/Minerals/Market/Infrastructure,1
"mine infrastructure, gold and silver",unit,transformation,material/Minerals/Transformation/Infrastructure,3
"mine infrastructure, gold-silver-zinc-lead-copper",unit,market,material/Minerals/Market/Infrastructure,1
"mine infrastructure, gold-silver-zinc-lead-copper",unit,transformation,material/Minerals/Transformation/Infrastructure,2
"mine infrastructure, iron",unit,market,material/Minerals/Market/Infrastructure,1
"mine infrastructure, iron",unit,transformation,material/Minerals/Transformation/Infrastructure,1
"mine infrastructure, open cast, hard coal",unit,market,material/Fuels/Coal/Market/Infrastructure,1
"mine infrastructure, open cast, hard coal",unit,transformation,material/Fuels/Coal/Transformation/Infrastructure,1
"mine infrastructure, open cast, ilmenite from hard-rock ore",unit,market,material/Minerals/Market/Infrastructure,1
"mine infrastructure, open cast, ilmenite from hard-rock ore",unit,transformation,material/Minerals/Transformation/Infrastructure,1
"mine infrastructure, open cast, lignite",unit,market,material/Fuels/Lignite/Market/Infrastructure,1
"mine infrastructure, open cast, lignite",unit,transformation,material/Fuels/Lignite/Transformation/Infrastructure,2
"mine infrastructure, open cast, non-ferrous metal",unit,market,material/Minerals/Market/Infrastructure,1
"mine infrastructure, open cast, non-ferrous metal",unit,transformation,material/Minerals/Transformation/Infrastructure,1
"mine infrastructure, open cast, peat",unit,market,material/Fuels/Peat/Market/Infrastructure,1
"mine infrastructure, open cast, peat",unit,transformation,material/Fuels/Peat/Transformation/Infrastructure,2
"mine infrastructure, open cast, uranium",unit,market,material/Fuels/Uranium/Enriched/Market/Infrastructure,1
"mine infrastructure, open cast, uranium",unit,transformation,material/Minerals/Transformation/Infrastructure,2
"mine infrastructure, phosphate rock",unit,market,material/Minerals/Market/Infrastructure,1
"mine infrastructure, phosphate rock",unit,transformation,material/Minerals/Transformation/Infrastructure,3
"mine infrastructure, potash salt",unit,market,material/Minerals/Market/Infrastructure,1
"mine infrastructure, potash salt",unit,transformation,material/Minerals/Transformation/Infrastructure,2
"mine infrastructure, steatite",unit,market,material/Minerals/Market/Infrastructure,1
"mine infrastructure, steatite",unit,transformation,material/Minerals/Transformation/Infrastructure,2
"mine infrastructure, treatment of sulfidic tailing, off-site, high gold content",unit,market,material/Minerals/Market/Infrastructure,1
"mine infrastructure, treatment of sulfidic tailing, off-site, high gold content",unit,transformation,material/Minerals/Transformation/Infrastructure,1
"mine infrastructure, underground, hard coal",unit,market,material/Fuels/Coal/Market/Infrastructure,1
"mine infrastructure, underground, hard coal",unit,transformation,material/Fuels/Coal/Transformation/Infrastructure,2
"mine infrastructure, underground, non-ferrous metal",unit,market,material/Minerals/Market/Infrastructure,1
"mine infrastructure, underground, non-ferrous metal",unit,transformation,material/Minerals/Transformation/Infrastructure,1
"mine infrastructure, underground, uranium",unit,market,material/Fuels/Uranium/Enriched/Market/Infrastructure,1
"mine infrastructure, underground, uranium",unit,transformation,material/Minerals/Transformation/Infrastructure,2
"mine infrastructure, vermiculite",unit,market,material/Minerals/Market/Infrastructure,1
"mine infrastructure, vermiculite",unit,transformation,material/Minerals/Transformation/Infrastructure,2
"mineral supplement, for beef cattle",kilogram,market,material/Agricultural/Animal feed/Market,1
"mineral supplement, for beef cattle",kilogram,transformation,material/Agricultural/Animal feed/Transformation,1
"mini CHP plant, common components for heat+electricity",unit,market,energy/Cogeneration/Gas/Market/Infrastructure,1
"mini CHP plant, common components for heat+electricity",unit,transformation,energy/Cogeneration/Gas/Transformation/Infrastructure,2
"mini CHP plant, components for electricity only",unit,market,energy/Cogeneration/Gas/Market/Infrastructure,1
"mini CHP plant, components for electricity only",unit,transformation,energy/Cogeneration/Gas/Transformation/Infrastructure,2
"mini CHP plant, components for heat only",unit,market,energy/Cogeneration/Gas/Market/Infrastructure,1
"mini CHP plant, components for heat only",unit,transformation,energy/Cogeneration/Gas/Transformation/Infrastructure,2
mint,kilogram,market,material/Agricultural/Food/Market,1
mint,kilogram,transformation,material/Agricultural/Food/Transformation,3
"mint seedling, for planting",unit,market,material/Agricultural/Plant seeds/Market,1
"mint seedling, for planting",unit,transformation,material/Agricultural/Plant seeds/Transformation,2
"miscanthus rhizome, for planting",unit,market,material/Agricultural/Plant seeds/Market,1
"miscanthus rhizome, for planting",unit,transformation,material/Agricultural/Plant seeds/Transformation,2
"miscanthus, chopped",kilogram,market,material/Agricultural/Plant production/Roughage/Market,1
"miscanthus, chopped",kilogram,transformation,material/Agricultural/Plant production/Roughage/Transformation,4
mischmetal,kilogram,market,material/Metals/Non ferro/Market,1
mischmetal,kilogram,transformation,material/Metals/Non ferro/Market,19
mischmetal,kilogram,transformation,material/Metals/Non ferro/Transformation,1
"mixed natural gas and biomethane, high pressure",cubic meter,market,material/Fuels/Natural gas/Market,1
"mixed natural gas and biomethane, high pressure",cubic meter,transformation,material/Fuels/Natural gas/Transformation,1
mixed plastics (waste treatment),kilogram,transformation,waste treatment/Recycling/Transformation,1
"mobile cable yarder, trailer-mounted",unit,market,transport/Building equipment/Market/Infrastructure,1
"mobile cable yarder, trailer-mounted",unit,transformation,transport/Building equipment/Transformation/Infrastructure,1
"mobile cable yarder, truck-mounted, incl. processor",unit,market,transport/Building equipment/Market/Infrastructure,1
"mobile cable yarder, truck-mounted, incl. processor",unit,transformation,transport/Building equipment/Transformation/Infrastructure,1
"molasses, from sugar beet",kilogram,market,material/Agricultural/Intermediate products/Market,1
"molasses, from sugar beet",kilogram,transformation,material/Agricultural/Intermediate products/Transformation,2
molybdenite,kilogram,market,material/Minerals/Market,1
molybdenite,kilogram,transformation,material/Metals/Non ferro/Transformation,7
molybdenite,kilogram,transformation,material/Others/Obsolete,4
molybdenum,kilogram,market,material/Metals/Non ferro/Market,1
molybdenum,kilogram,transformation,material/Metals/Non ferro/Transformation,2
molybdenum trioxide,kilogram,market,material/Chemicals/Inorganic/Market,1
molybdenum trioxide,kilogram,transformation,material/Chemicals/Inorganic/Transformation,1
monoammonium phosphate,kilogram,market,material/Chemicals/Inorganic/Market,4
monoammonium phosphate,kilogram,transformation,material/Chemicals/Inorganic/Transformation,4
monochlorobenzene,kilogram,market,material/Chemicals/Organic/Market,2
monochlorobenzene,kilogram,market,material/Others/Obsolete,1
monochlorobenzene,kilogram,transformation,material/Chemicals/Organic/Transformation,2
monochloropentafluoroethane,kilogram,market,material/Chemicals/Organic/Market,1
monochloropentafluoroethane,kilogram,transformation,material/Chemicals/Organic/Transformation,1
monoethanolamine,kilogram,market,material/Chemicals/Organic/Market,1
monoethanolamine,kilogram,transformation,material/Chemicals/Organic/Transformation,2
morpholine,kilogram,market,material/Chemicals/Organic/Market,1
morpholine,kilogram,transformation,material/Chemicals/Organic/Transformation,1
"motor scooter, 50 cubic cm engine",unit,market,transport/Road/Market/Infrastructure,1
"motor scooter, 50 cubic cm engine",unit,transformation,transport/Road/Transformation/Infrastructure,2
"mounting, surface mount technology, Pb-containing solder",square meter,market,processing/Electronics/Market,1
"mounting, surface mount technology, Pb-containing solder",square meter,transformation,processing/Electronics/Transformation,1
"mounting, surface mount technology, Pb-free solder",square meter,market,processing/Electronics/Market,1
"mounting, surface mount technology, Pb-free solder",square meter,transformation,processing/Electronics/Transformation,1
"mounting, through-hole technology, Pb-containing solder",square meter,market,processing/Electronics/Market,1
"mounting, through-hole technology, Pb-containing solder",square meter,transformation,processing/Electronics/Transformation,1
"mounting, through-hole technology, Pb-free solder",square meter,market,processing/Electronics/Market,1
"mounting, through-hole technology, Pb-free solder",square meter,transformation,processing/Electronics/Transformation,1
"mowing, by motor mower",hectare,market,processing/Agricultural/Market,1
"mowing, by motor mower",hectare,transformation,processing/Agricultural/Transformation,2
"mowing, by rotary mower",hectare,market,processing/Agricultural/Market,1
"mowing, by rotary mower",hectare,transformation,processing/Agricultural/Transformation,2
"MOX fuel element, for light water reactor",kilogram,market,material/Fuels/Uranium/Fuel element/Market,1
"MOX fuel element, for light water reactor",kilogram,transformation,material/Fuels/Uranium/Fuel element/Transformation,2
mulberry leaves,kilogram,market,material/Agricultural/Plant production/Legumes/Market,1
mulberry leaves,kilogram,transformation,material/Agricultural/Plant production/Legumes/Transformation,2
mulching,hectare,market,processing/Agricultural/Market,1
mulching,hectare,transformation,processing/Agricultural/Transformation,2
multi-Si wafer,square meter,market,material/Electronics/Photovoltaic/Market,1
multi-Si wafer,square meter,transformation,material/Electronics/Photovoltaic/Transformation,2
"multi-Si wafer, ribbon",square meter,market,material/Electronics/Photovoltaic/Market,1
"multi-Si wafer, ribbon",square meter,transformation,material/Electronics/Photovoltaic/Transformation,2
municipal solid waste,kilogram,market,waste treatment/Others/Market,42
municipal solid waste,kilogram,transformation,waste treatment/Incineration/Municipal incineration/Transformation,33
municipal solid waste,kilogram,transformation,waste treatment/Landfill/Sanitary landfill/Transformation,3
municipal solid waste,kilogram,transformation,waste treatment/Landfill/Unsanitary landfill/Transformation,5
municipal solid waste,kilogram,transformation,waste treatment/Others/Transformation,8
municipal solid waste (waste scenario),kilogram,transformation,waste scenario/Incineration,32
municipal solid waste (waste scenario),kilogram,transformation,waste scenario/Landfill,4
municipal solid waste (waste scenario),kilogram,transformation,waste scenario/Municipal,37
municipal solid waste (waste scenario),kilogram,transformation,waste scenario/Others,3
municipal solid waste (waste scenario),kilogram,transformation,waste scenario/Others/Obsolete,4
municipal waste collection service by 21 metric ton lorry,ton kilometer,market,transport/Others/Obsolete,2
municipal waste collection service by 21 metric ton lorry,ton kilometer,market,transport/Road/Market,1
municipal waste collection service by 21 metric ton lorry,ton kilometer,transformation,transport/Road/Transformation,2
municipal waste incineration facility,unit,market,processing/Waste/Market/Infrastructure,1
municipal waste incineration facility,unit,market,transport/Others/Obsolete,2
municipal waste incineration facility,unit,transformation,processing/Waste/Transformation/Infrastructure,2
mustard,kilogram,market,material/Agricultural/Plant production/Oil seeds/Market,1
mustard,kilogram,transformation,material/Agricultural/Plant production/Oil seeds/Transformation,2
"N,N-dimethylformamide",kilogram,market,material/Chemicals/Organic/Market,1
"N,N-dimethylformamide",kilogram,transformation,material/Chemicals/Organic/Transformation,2
N-methyl-2-pyrrolidone,kilogram,market,material/Chemicals/Organic/Market,1
N-methyl-2-pyrrolidone,kilogram,transformation,material/Chemicals/Organic/Transformation,2
N-olefins,kilogram,market,material/Chemicals/Organic/Market,1
N-olefins,kilogram,transformation,material/Chemicals/Organic/Transformation,2
"n2O retained, by regenerative thermal oxidation",kilogram,market,material/Chemicals/Others/Market,1
"n2O retained, by regenerative thermal oxidation",kilogram,transformation,material/Chemicals/Others/Transformation,2
naphtha,kilogram,market,material/Fuels/Oil/Naphtha/Market,7
naphtha,kilogram,transformation,material/Fuels/Oil/Naphtha/Market/Import,1
naphtha,kilogram,transformation,material/Fuels/Oil/Naphtha/Transformation,8
naphtha,kilogram,transformation,material/Others/Obsolete,1
naphthalene sulfonic acid,kilogram,market,material/Chemicals/Acids (organic)/Market,1
naphthalene sulfonic acid,kilogram,transformation,material/Chemicals/Acids (organic)/Transformation,2
napropamide,kilogram,market,material/Chemicals/Pesticides/Market,1
napropamide,kilogram,transformation,material/Chemicals/Pesticides/Transformation,2
natural gas liquids,kilogram,market,material/Chemicals/Gases/Liquified/Market,1
natural gas liquids,kilogram,transformation,material/Chemicals/Gases/Liquified/Transformation,1
natural gas processing plant,unit,market,material/Fuels/Natural gas/Market/Infrastructure,1
natural gas processing plant,unit,transformation,material/Fuels/Natural gas/Transformation/Infrastructure,1
natural gas service station,unit,market,material/Fuels/Natural gas/Market/Infrastructure,1
natural gas service station,unit,transformation,material/Fuels/Natural gas/Transformation/Infrastructure,2
"natural gas, burned in gas motor, for storage",megajoule,transformation,energy/Others/Obsolete,1
"natural gas, burned in gas turbine",megajoule,market,energy/Electricity by fuel/Gas/Market,1
"natural gas, burned in gas turbine",megajoule,transformation,energy/Electricity by fuel/Gas/Transformation,35
"natural gas, high pressure",cubic meter,market,material/Fuels/Natural gas/Market,48
"natural gas, high pressure",cubic meter,market,material/Others/Obsolete,3
"natural gas, high pressure",cubic meter,transformation,material/Fuels/Natural gas/Market/Import,101
"natural gas, high pressure",cubic meter,transformation,material/Fuels/Natural gas/Transformation,78
"natural gas, high pressure",cubic meter,transformation,material/Others/Obsolete,47
"natural gas, high pressure, vehicle grade",kilogram,market,material/Fuels/Natural gas/Market,1
"natural gas, high pressure, vehicle grade",kilogram,transformation,material/Fuels/Natural gas/Transformation,2
"natural gas, liquefied",cubic meter,market,material/Fuels/Natural gas/Market,1
"natural gas, liquefied",cubic meter,transformation,material/Fuels/Natural gas/Transformation,27
"natural gas, liquefied",cubic meter,transformation,material/Others/Obsolete,1
"natural gas, low pressure",cubic meter,market,material/Fuels/Natural gas/Market,14
"natural gas, low pressure",cubic meter,transformation,material/Fuels/Natural gas/Transformation,14
"natural gas, low pressure, vehicle grade",kilogram,market,material/Fuels/Natural gas/Market,1
"natural gas, low pressure, vehicle grade",kilogram,transformation,material/Fuels/Natural gas/Transformation,2
"natural gas, medium pressure, vehicle grade",kilogram,market,material/Fuels/Natural gas/Market,1
"natural gas, medium pressure, vehicle grade",kilogram,transformation,material/Fuels/Natural gas/Transformation,2
"natural gas, unprocessed, at extraction",cubic meter,market,material/Fuels/Natural gas/Market,1
"natural gas, unprocessed, at extraction",cubic meter,transformation,material/Fuels/Natural gas/Transformation,1
"natural gas, vented",cubic meter,market,material/Fuels/Natural gas/Market,1
"natural gas, vented",cubic meter,transformation,material/Fuels/Natural gas/Transformation,1
"natural stone plate, cut",kilogram,market,material/Construction/Coverings/Market,1
"natural stone plate, cut",kilogram,transformation,material/Construction/Coverings/Transformation,2
"natural stone plate, grounded",kilogram,market,material/Construction/Coverings/Market,1
"natural stone plate, grounded",kilogram,transformation,material/Construction/Coverings/Transformation,2
"natural stone plate, polished",kilogram,market,material/Construction/Coverings/Market,1
"natural stone plate, polished",kilogram,transformation,material/Construction/Coverings/Transformation,2
navy bean,kilogram,market,material/Agricultural/Plant production/Legumes/Market,1
navy bean,kilogram,transformation,material/Agricultural/Plant production/Legumes/Transformation,3
"navy bean seed, for sowing",kilogram,market,material/Agricultural/Plant seeds/Market,1
"navy bean seed, for sowing",kilogram,transformation,material/Agricultural/Plant seeds/Transformation,1
NCA hydroxide,kilogram,market,material/Electronics/Component/Market,2
NCA hydroxide,kilogram,transformation,material/Electronics/Component/Transformation,2
NCA oxide,kilogram,market,material/Electronics/Component/Market,2
NCA oxide,kilogram,transformation,material/Electronics/Component/Transformation,2
neodymium oxide,kilogram,market,material/Chemicals/Inorganic/Market,1
neodymium oxide,kilogram,transformation,material/Chemicals/Inorganic/Transformation,3
neodymium oxide,kilogram,transformation,material/Others/Obsolete,2
"neutralising agent, sodium hydroxide-equivalent",kilogram,market,material/Chemicals/Inorganic/Market,1
"neutralising agent, sodium hydroxide-equivalent",kilogram,transformation,material/Chemicals/Inorganic/Market,4
"newspaper carbon storage (1.68 kgCO2/kg newspaper), use only in PAS2050 wizard",kilogram,transformation,material/Others/Carbon content biogenic materials,1
"nickel concentrate, 16% Ni",kilogram,market,material/Minerals/Market,1
"nickel concentrate, 16% Ni",kilogram,transformation,material/Minerals/Transformation,2
"nickel concentrate, 7% Ni",kilogram,market,material/Minerals/Market,2
"nickel concentrate, 7% Ni",kilogram,transformation,material/Minerals/Transformation,2
nickel smelter slag,kilogram,market,waste treatment/Others/Market,1
nickel smelter slag,kilogram,transformation,waste treatment/Landfill/Residual material landfill/Transformation,2
nickel smelter slag,kilogram,transformation,waste treatment/Others/Obsolete,2
nickel smelter slag,kilogram,transformation,waste treatment/Others/Transformation,3
nickel sulfate,kilogram,market,material/Chemicals/Inorganic/Market,1
nickel sulfate,kilogram,transformation,material/Chemicals/Inorganic/Transformation,2
"nickel, 99.5%",kilogram,transformation,material/Others/Obsolete,1
"nickel, class 1",kilogram,market,material/Metals/Non ferro/Market,1
"nickel, class 1",kilogram,transformation,material/Metals/Non ferro/Transformation,8
nickel-rich materials,kilogram,market,material/Metals/Non ferro/Market,1
nickel-rich materials,kilogram,transformation,material/Metals/Non ferro/Market,2
"nitrate salts, for solar power application",kilogram,market,material/Chemicals/Inorganic/Market,1
"nitrate salts, for solar power application",kilogram,transformation,material/Chemicals/Inorganic/Transformation,2
"nitric acid, without water, in 50% solution state",kilogram,market,material/Chemicals/Acids (inorganic)/Market,10
"nitric acid, without water, in 50% solution state",kilogram,market,material/Others/Obsolete,2
"nitric acid, without water, in 50% solution state",kilogram,transformation,material/Chemicals/Acids (inorganic)/Transformation,10
"nitric acid, without water, in 50% solution state",kilogram,transformation,material/Others/Obsolete,1
nitric oxide,kilogram,market,material/Chemicals/Gases/Market,1
nitric oxide,kilogram,transformation,material/Chemicals/Gases/Transformation,1
nitrile-compound,kilogram,market,material/Chemicals/Pesticides/Market,1
nitrile-compound,kilogram,transformation,material/Chemicals/Pesticides/Transformation,2
nitro-compound,kilogram,transformation,material/Chemicals/Pesticides/Transformation,1
nitrobenzene,kilogram,market,material/Chemicals/Organic/Market,2
nitrobenzene,kilogram,market,material/Others/Obsolete,1
nitrobenzene,kilogram,transformation,material/Chemicals/Organic/Transformation,2
"nitrogen fertiliser, as N",kilogram,market,material/Others/Obsolete,1
"nitrogen fertiliser, as N",kilogram,transformation,material/Others/Obsolete,24
"nitrogen, liquid",kilogram,market,material/Chemicals/Gases/Liquified/Market,2
"nitrogen, liquid",kilogram,transformation,material/Chemicals/Gases/Liquified/Transformation,3
nitrous dioxide,kilogram,market,material/Chemicals/Gases/Market,2
nitrous dioxide,kilogram,market,material/Others/Obsolete,1
nitrous dioxide,kilogram,transformation,material/Chemicals/Gases/Transformation,2
nitrous oxide,kilogram,market,material/Chemicals/Gases/Market,1
nitrous oxide,kilogram,transformation,material/Chemicals/Gases/Transformation,2
nMC111 hydroxide,kilogram,market,material/Electronics/Component/Market,2
nMC111 hydroxide,kilogram,transformation,material/Electronics/Component/Transformation,2
nMC111 oxide,kilogram,market,material/Electronics/Component/Market,2
nMC111 oxide,kilogram,transformation,material/Electronics/Component/Transformation,2
nMC811 hydroxide,kilogram,market,material/Electronics/Component/Market,2
nMC811 hydroxide,kilogram,transformation,material/Electronics/Component/Transformation,2
nMC811 oxide,kilogram,market,material/Electronics/Component/Market,2
nMC811 oxide,kilogram,transformation,material/Electronics/Component/Transformation,2
non durable goods (waste scenario),kilogram,transformation,waste scenario/Others/Obsolete,1
"non-Fe-Co-metals, from Li-ion battery, hydrometallurgical processing",kilogram,market,waste treatment/Electronics waste/Market,1
"non-Fe-Co-metals, from Li-ion battery, hydrometallurgical processing",kilogram,transformation,waste treatment/Electronics waste/Transformation,1
"non-Fe-Co-metals, from used Li-ion battery, pyrometallurgical processing",kilogram,market,waste treatment/Electronics waste/Market,1
"non-Fe-Co-metals, from used Li-ion battery, pyrometallurgical processing",kilogram,transformation,waste treatment/Electronics waste/Transformation,1
non-ferrous metal smelter,unit,market,material/Metals/Non ferro/Market/Infrastructure,1
non-ferrous metal smelter,unit,transformation,material/Metals/Non ferro/Transformation/Infrastructure,1
non-ionic surfactant,kilogram,market,material/Chemicals/Washing agents/Tensides/Market,1
non-ionic surfactant,kilogram,transformation,material/Chemicals/Washing agents/Tensides/Transformation,2
"non-sulfidic overburden, off-site",kilogram,market,waste treatment/Others/Market,1
"non-sulfidic overburden, off-site",kilogram,transformation,waste treatment/Landfill/Residual material landfill/Transformation,1
"non-sulfidic tailing, off-site",kilogram,market,waste treatment/Others/Market,1
"non-sulfidic tailing, off-site",kilogram,transformation,waste treatment/Landfill/Residual material landfill/Transformation,1
"nOx retained, by selective catalytic reduction",kilogram,market,processing/Power plants/Market,1
"nOx retained, by selective catalytic reduction",kilogram,transformation,processing/Power plants/Transformation,1
NPK (15-15-15) fertiliser,kilogram,market,material/Chemicals/Fertilisers (inorganic)/Market,4
NPK (15-15-15) fertiliser,kilogram,transformation,material/Chemicals/Fertilisers (inorganic)/Transformation,4
NPK (26-15-15) fertiliser,kilogram,market,material/Chemicals/Fertilisers (inorganic)/Market,4
NPK (26-15-15) fertiliser,kilogram,transformation,material/Chemicals/Fertilisers (inorganic)/Transformation,4
"nuclear fuel element, for boiling water reactor, UO2 4.0% & MOX",kilogram,market,material/Fuels/Uranium/Fuel element/Market,1
"nuclear fuel element, for boiling water reactor, UO2 4.0% & MOX",kilogram,transformation,material/Fuels/Uranium/Fuel element/Transformation,3
"nuclear fuel element, for pressure water reactor, UO2 3.8% & MOX",kilogram,market,material/Fuels/Uranium/Fuel element/Market,1
"nuclear fuel element, for pressure water reactor, UO2 3.8% & MOX",kilogram,transformation,material/Fuels/Uranium/Fuel element/Transformation,2
"nuclear fuel element, for pressure water reactor, UO2 3.9% & MOX",kilogram,market,material/Fuels/Uranium/Fuel element/Market,1
"nuclear fuel element, for pressure water reactor, UO2 3.9% & MOX",kilogram,transformation,material/Fuels/Uranium/Fuel element/Transformation,2
"nuclear fuel element, for pressure water reactor, UO2 4.0% & MOX",kilogram,market,material/Fuels/Uranium/Fuel element/Market,1
"nuclear fuel element, for pressure water reactor, UO2 4.0% & MOX",kilogram,transformation,material/Fuels/Uranium/Fuel element/Transformation,2
"nuclear fuel element, for pressure water reactor, UO2 4.2% & MOX",kilogram,market,material/Fuels/Uranium/Fuel element/Market,1
"nuclear fuel element, for pressure water reactor, UO2 4.2% & MOX",kilogram,transformation,material/Fuels/Uranium/Fuel element/Transformation,2
"nuclear fuel element, for pressure water reactor, UO2 4.2% centrifuge & MOX",kilogram,market,material/Fuels/Uranium/Fuel element/Market,1
"nuclear fuel element, for pressure water reactor, UO2 4.2% centrifuge & MOX",kilogram,transformation,material/Fuels/Uranium/Fuel element/Transformation,2
nuclear fuel factory,unit,market,material/Fuels/Uranium/Enriched/Market/Infrastructure,1
nuclear fuel factory,unit,transformation,material/Fuels/Uranium/Enriched/Transformation/Infrastructure,3
"nuclear power plant, boiling water reactor 1000MW",unit,market,energy/Electricity by fuel/Nuclear/BWR/Market/Infrastructure,1
"nuclear power plant, boiling water reactor 1000MW",unit,transformation,energy/Electricity by fuel/Nuclear/BWR/Transformation/Infrastructure,4
"nuclear power plant, pressure water reactor, 1000MW",unit,market,energy/Electricity by fuel/Nuclear/PWR/Market/Infrastructure,1
"nuclear power plant, pressure water reactor, 1000MW",unit,transformation,energy/Electricity by fuel/Nuclear/PWR/Transformation/Infrastructure,6
"nuclear power plant, pressure water reactor, 650MW",unit,market,energy/Electricity by fuel/Nuclear/PWR/Market/Infrastructure,1
"nuclear power plant, pressure water reactor, 650MW",unit,transformation,energy/Electricity by fuel/Nuclear/PWR/Transformation/Infrastructure,2
nuclear spent fuel conditioning facility,unit,market,processing/Waste/Market/Infrastructure,1
nuclear spent fuel conditioning facility,unit,transformation,processing/Waste/Transformation/Infrastructure,3
nuclear spent fuel reprocessing facility,unit,market,processing/Waste/Market/Infrastructure,1
nuclear spent fuel reprocessing facility,unit,transformation,processing/Waste/Transformation/Infrastructure,2
"nuclear waste storage, final repository for high level radioactive waste",unit,market,processing/Waste/Market/Infrastructure,1
"nuclear waste storage, final repository for high level radioactive waste",unit,transformation,processing/Waste/Transformation/Infrastructure,2
"nuclear waste storage, final repository for low level radioactive waste",unit,market,processing/Waste/Market/Infrastructure,1
"nuclear waste storage, final repository for low level radioactive waste",unit,transformation,processing/Waste/Transformation/Infrastructure,2
"nuclear waste storage, interim, for high level radioactive waste before final repository",unit,market,processing/Waste/Market/Infrastructure,1
"nuclear waste storage, interim, for high level radioactive waste before final repository",unit,transformation,processing/Waste/Transformation/Infrastructure,2
"nuclear waste storage, interim, for low level radioactive waste before final repository",unit,market,processing/Waste/Market/Infrastructure,1
"nuclear waste storage, interim, for low level radioactive waste before final repository",unit,transformation,processing/Waste/Transformation/Infrastructure,2
nylon 6,kilogram,market,material/Others/Obsolete,1
nylon 6,kilogram,market,material/Plastics/Thermoplasts/Market,2
nylon 6,kilogram,transformation,material/Plastics/Thermoplasts/Transformation,2
"nylon 6, glass-filled",kilogram,market,material/Others/Obsolete,1
"nylon 6, glass-filled",kilogram,market,material/Plastics/Thermoplasts/Market,2
"nylon 6, glass-filled",kilogram,transformation,material/Plastics/Thermoplasts/Transformation,2
nylon 6-6,kilogram,market,material/Others/Obsolete,1
nylon 6-6,kilogram,market,material/Plastics/Thermoplasts/Market,2
nylon 6-6,kilogram,transformation,material/Plastics/Thermoplasts/Transformation,2
"nylon 6-6, glass-filled",kilogram,market,material/Others/Obsolete,1
"nylon 6-6, glass-filled",kilogram,market,material/Plastics/Thermoplasts/Market,2
"nylon 6-6, glass-filled",kilogram,transformation,material/Plastics/Thermoplasts/Transformation,2
O-aminophenol,kilogram,market,material/Chemicals/Organic/Market,1
O-aminophenol,kilogram,transformation,material/Chemicals/Organic/Transformation,2
O-chlorobenzaldehyde,kilogram,market,material/Chemicals/Organic/Market,1
O-chlorobenzaldehyde,kilogram,transformation,material/Chemicals/Organic/Transformation,2
O-chlorotoluene,kilogram,market,material/Chemicals/Organic/Market,2
O-chlorotoluene,kilogram,market,material/Others/Obsolete,1
O-chlorotoluene,kilogram,transformation,material/Chemicals/Organic/Transformation,2
O-cresol,kilogram,market,material/Chemicals/Organic/Market,1
O-cresol,kilogram,transformation,material/Chemicals/Organic/Transformation,2
O-dichlorobenzene,kilogram,market,material/Chemicals/Organic/Market,2
O-dichlorobenzene,kilogram,market,material/Others/Obsolete,1
O-dichlorobenzene,kilogram,transformation,material/Chemicals/Organic/Transformation,2
O-nitrophenol,kilogram,market,material/Chemicals/Organic/Market,2
O-nitrophenol,kilogram,market,material/Others/Obsolete,1
O-nitrophenol,kilogram,transformation,material/Chemicals/Organic/Transformation,2
oat grain,kilogram,market,material/Agricultural/Plant production/Cereals/Market,1
oat grain,kilogram,transformation,material/Agricultural/Plant production/Cereals/Transformation,4
"oat grain, feed",kilogram,market,material/Agricultural/Animal feed/Market,1
"oat grain, feed",kilogram,transformation,material/Agricultural/Animal feed/Transformation,2
"oat seed, for sowing",kilogram,market,material/Agricultural/Plant seeds/Market,1
"oat seed, for sowing",kilogram,transformation,material/Agricultural/Plant seeds/Transformation,2
"oat seed, Swiss integrated production, at farm",kilogram,market,material/Agricultural/Plant seeds/Market,1
"oat seed, Swiss integrated production, at farm",kilogram,transformation,material/Agricultural/Plant seeds/Transformation,1
"oat seed, Swiss integrated production, at farm",kilogram,transformation,material/Others/Obsolete,1
octabenzone,kilogram,market,material/Chemicals/Organic/Market,1
octabenzone,kilogram,transformation,material/Chemicals/Organic/Transformation,1
"offshore platform, natural gas",unit,market,material/Fuels/Natural gas/Market/Infrastructure,1
"offshore platform, natural gas",unit,transformation,material/Fuels/Natural gas/Transformation/Infrastructure,1
"offshore platform, petroleum",unit,market,material/Fuels/Oil/Crude oil/Market/Infrastructure,1
"offshore platform, petroleum",unit,transformation,material/Fuels/Oil/Crude oil/Transformation/Infrastructure,1
"offshore well, oil/gas",meter,market,material/Fuels/Oil/Crude oil/Market/Infrastructure,1
"offshore well, oil/gas",meter,transformation,material/Fuels/Oil/Crude oil/Transformation/Infrastructure,1
"oil boiler, 100kW",unit,market,energy/Heat/Oil/Market/Infrastructure,1
"oil boiler, 100kW",unit,transformation,energy/Heat/Oil/Transformation/Infrastructure,2
"oil boiler, 10kW",unit,market,energy/Heat/Oil/Market/Infrastructure,1
"oil boiler, 10kW",unit,transformation,energy/Heat/Oil/Transformation/Infrastructure,2
oil mill,unit,market,material/Agricultural/Plant oils/Market/Infrastructure,1
oil mill,unit,transformation,material/Agricultural/Plant oils/Transformation/Infrastructure,2
"oil power plant, 500MW",unit,market,energy/Electricity by fuel/Oil/Market/Infrastructure,1
"oil power plant, 500MW",unit,transformation,energy/Electricity by fuel/Oil/Transformation/Infrastructure,2
"oil storage, 3000l",unit,market,energy/Heat/Oil/Market/Infrastructure,1
"oil storage, 3000l",unit,transformation,energy/Heat/Oil/Transformation/Infrastructure,2
olive,kilogram,market,material/Agricultural/Plant production/Fruits/Market,1
olive,kilogram,transformation,material/Agricultural/Plant production/Fruits/Transformation,3
onion,kilogram,market,material/Agricultural/Plant production/Roots and tubers/Market,1
onion,kilogram,transformation,material/Agricultural/Plant production/Roots and tubers/Transformation,5
onion,kilogram,transformation,material/Others/Obsolete,1
"onion seedling, for planting",unit,market,material/Agricultural/Plant seeds/Market,1
"onion seedling, for planting",unit,transformation,material/Agricultural/Plant seeds/Transformation,2
onshore natural gas field infrastructure,unit,market,material/Fuels/Natural gas/Market/Infrastructure,1
onshore natural gas field infrastructure,unit,transformation,material/Fuels/Natural gas/Transformation/Infrastructure,1
onshore petroleum field infrastructure,unit,market,material/Fuels/Oil/Crude oil/Market/Infrastructure,1
onshore petroleum field infrastructure,unit,transformation,material/Fuels/Oil/Crude oil/Transformation/Infrastructure,1
"onshore well, oil/gas",meter,market,material/Fuels/Oil/Crude oil/Market/Infrastructure,1
"onshore well, oil/gas",meter,transformation,material/Fuels/Oil/Crude oil/Transformation/Infrastructure,1
"operation, computer, desktop, home use",hour,market,use/Computers & network/Market,1
"operation, computer, desktop, home use",hour,transformation,use/Computers & network/Transformation,8
"operation, computer, desktop, office use",hour,market,use/Computers & network/Market,1
"operation, computer, desktop, office use",hour,transformation,use/Computers & network/Transformation,8
"operation, computer, desktop, with cathode ray tube display, active mode",hour,market,use/Computers & network/Market,1
"operation, computer, desktop, with cathode ray tube display, active mode",hour,transformation,use/Computers & network/Transformation,4
"operation, computer, desktop, with cathode ray tube display, off mode",hour,market,use/Computers & network/Market,1
"operation, computer, desktop, with cathode ray tube display, off mode",hour,transformation,use/Computers & network/Transformation,4
"operation, computer, desktop, with cathode ray tube display, standby mode",hour,market,use/Computers & network/Market,1
"operation, computer, desktop, with cathode ray tube display, standby mode",hour,transformation,use/Computers & network/Transformation,4
"operation, computer, desktop, with liquid crystal display, active mode",hour,market,use/Computers & network/Market,1
"operation, computer, desktop, with liquid crystal display, active mode",hour,transformation,use/Computers & network/Transformation,4
"operation, computer, desktop, with liquid crystal display, off mode",hour,market,use/Computers & network/Market,1
"operation, computer, desktop, with liquid crystal display, off mode",hour,transformation,use/Computers & network/Transformation,4
"operation, computer, desktop, with liquid crystal display, standby mode",hour,market,use/Computers & network/Market,1
"operation, computer, desktop, with liquid crystal display, standby mode",hour,transformation,use/Computers & network/Transformation,4
"operation, computer, laptop, 23% active work",hour,market,use/Computers & network/Market,1
"operation, computer, laptop, 23% active work",hour,transformation,use/Computers & network/Transformation,4
"operation, computer, laptop, 68% active work",hour,market,use/Computers & network/Market,1
"operation, computer, laptop, 68% active work",hour,transformation,use/Computers & network/Transformation,3
"operation, computer, laptop, 68% active work with internet access 0.2 Mbit/s",hour,market,use/Computers & network/Market,1
"operation, computer, laptop, 68% active work with internet access 0.2 Mbit/s",hour,transformation,use/Computers & network/Transformation,3
"operation, computer, laptop, 68% active work with internet access 0.2 Mbit/s, electricity from renewable energy products",hour,market,use/Computers & network/Market,1
"operation, computer, laptop, 68% active work with internet access 0.2 Mbit/s, electricity from renewable energy products",hour,transformation,use/Computers & network/Transformation,2
"operation, computer, laptop, 68% active work, electricity from renewable energy products",hour,market,use/Computers & network/Market,1
"operation, computer, laptop, 68% active work, electricity from renewable energy products",hour,transformation,use/Computers & network/Transformation,1
"operation, computer, laptop, active mode",hour,market,use/Computers & network/Market,1
"operation, computer, laptop, active mode",hour,transformation,use/Computers & network/Transformation,4
"operation, computer, laptop, off mode",hour,market,use/Computers & network/Market,1
"operation, computer, laptop, off mode",hour,transformation,use/Computers & network/Transformation,4
"operation, computer, laptop, standby/sleep mode",hour,market,use/Computers & network/Market,1
"operation, computer, laptop, standby/sleep mode",hour,transformation,use/Computers & network/Transformation,4
"operation, computer, laptop, video mode",hour,market,use/Computers & network/Market,1
"operation, computer, laptop, video mode",hour,transformation,use/Computers & network/Transformation,3
"operation, computer, laptop, video mode, electricity from renewable energy products",hour,market,use/Computers & network/Market,1
"operation, computer, laptop, video mode, electricity from renewable energy products",hour,transformation,use/Computers & network/Transformation,1
"operation, computer, laptop, videoconference",hour,market,use/Computers & network/Market,1
"operation, computer, laptop, videoconference",hour,transformation,use/Computers & network/Transformation,3
"operation, computer, laptop, videoconference, electricity from renewable energy products",hour,market,use/Computers & network/Market,1
"operation, computer, laptop, videoconference, electricity from renewable energy products",hour,transformation,use/Computers & network/Transformation,2
"operation, dried roughage store, air dried, solar",kilogram,market,processing/Agricultural/Market,1
"operation, dried roughage store, air dried, solar",kilogram,transformation,processing/Agricultural/Transformation,3
"operation, dried roughage store, cold-air dried, conventional",kilogram,market,processing/Agricultural/Market,1
"operation, dried roughage store, cold-air dried, conventional",kilogram,transformation,processing/Agricultural/Transformation,3
"operation, dried roughage store, non ventilated",kilogram,market,processing/Agricultural/Market,1
"operation, dried roughage store, non ventilated",kilogram,transformation,processing/Agricultural/Transformation,3
"operation, housing system, cattle, loose, per animal unit",unit,market,processing/Agricultural/Market,1
"operation, housing system, cattle, loose, per animal unit",unit,transformation,processing/Agricultural/Transformation,3
"operation, housing system, cattle, tied, per animal unit",unit,market,processing/Agricultural/Market,1
"operation, housing system, cattle, tied, per animal unit",unit,transformation,processing/Agricultural/Transformation,3
"operation, housing system, pig, fully-slatted floor, per pig place",unit,market,processing/Agricultural/Market,1
"operation, housing system, pig, fully-slatted floor, per pig place",unit,transformation,processing/Agricultural/Transformation,3
"operation, housing system, pig, per pig place, electricity from renewable energy products",unit,market,processing/Agricultural/Market,1
"operation, housing system, pig, per pig place, electricity from renewable energy products",unit,transformation,processing/Agricultural/Transformation,3
"operation, intermodal shipping container",kilogram day,market,transport/Intermodal/Market,1
"operation, intermodal shipping container",kilogram day,transformation,transport/Intermodal/Transformation,4
"operation, internet access equipment",hour,market,use/Computers & network/Market,1
"operation, internet access equipment",hour,transformation,use/Computers & network/Transformation,2
"operation, internet access equipment, electricity from renewable energy products",hour,market,use/Computers & network/Market,1
"operation, internet access equipment, electricity from renewable energy products",hour,transformation,use/Computers & network/Transformation,1
"operation, internet access equipment, label-certified electricity",hour,transformation,use/Others/Obsolete,1
"operation, liquid manure storage and processing facility",cubic meter,market,processing/Agricultural/Market/Infrastructure,1
"operation, liquid manure storage and processing facility",cubic meter,transformation,processing/Agricultural/Transformation/Infrastructure,3
"operation, reefer, cooling",kilogram day,market,transport/Intermodal/Market,1
"operation, reefer, cooling",kilogram day,transformation,transport/Intermodal/Transformation,2
"operation, reefer, freezing",kilogram day,market,transport/Intermodal/Market,1
"operation, reefer, freezing",kilogram day,transformation,transport/Intermodal/Transformation,2
"optical brighteners, for paper production",kilogram,market,material/Chemicals/Others/Market,2
"optical brighteners, for paper production",kilogram,market,material/Others/Obsolete,1
"optical brighteners, for paper production",kilogram,transformation,material/Chemicals/Others/Transformation,2
"orange, fresh grade",kilogram,market,material/Agricultural/Plant production/Fruits/Market,1
"orange, fresh grade",kilogram,transformation,material/Agricultural/Plant production/Fruits/Transformation,4
"orange, processing grade",kilogram,market,material/Agricultural/Plant production/Fruits/Market,1
"orange, processing grade",kilogram,transformation,material/Agricultural/Plant production/Fruits/Transformation,3
orbencarb,kilogram,market,material/Chemicals/Pesticides/Market,1
orbencarb,kilogram,transformation,material/Chemicals/Pesticides/Transformation,2
"organic nitrogen fertiliser, as N",kilogram,market,material/Chemicals/Fertilisers (organic)/Market,1
"organic nitrogen fertiliser, as N",kilogram,transformation,material/Chemicals/Fertilisers (inorganic)/Market,1
"organic nitrogen fertiliser, as N",kilogram,transformation,material/Chemicals/Fertilisers (organic)/Transformation,75
"organic phosphorus fertiliser, as P2O5",kilogram,market,material/Chemicals/Fertilisers (organic)/Market,1
"organic phosphorus fertiliser, as P2O5",kilogram,transformation,material/Chemicals/Fertilisers (inorganic)/Market,1
"organic phosphorus fertiliser, as P2O5",kilogram,transformation,material/Chemicals/Fertilisers (organic)/Transformation,43
"organic potassium fertiliser, as K2O",kilogram,market,material/Chemicals/Fertilisers (organic)/Market,1
"organic potassium fertiliser, as K2O",kilogram,transformation,material/Chemicals/Fertilisers (inorganic)/Market,1
"organic potassium fertiliser, as K2O",kilogram,transformation,material/Chemicals/Fertilisers (organic)/Transformation,25
"organo-mineral nitrogen fertiliser, as N",kilogram,market,material/Chemicals/Fertilisers (organic)/Market,1
"organo-mineral nitrogen fertiliser, as N",kilogram,transformation,material/Chemicals/Fertilisers (organic)/Market,1
"organo-mineral nitrogen fertiliser, as N",kilogram,transformation,material/Chemicals/Fertilisers (organic)/Transformation,3
"organo-mineral phosphorus fertiliser, as P2O5",kilogram,market,material/Chemicals/Fertilisers (organic)/Market,1
"organo-mineral phosphorus fertiliser, as P2O5",kilogram,transformation,material/Chemicals/Fertilisers (organic)/Market,1
"organo-mineral phosphorus fertiliser, as P2O5",kilogram,transformation,material/Chemicals/Fertilisers (organic)/Transformation,3
"organo-mineral potassium fertiliser, as K2O",kilogram,market,material/Chemicals/Fertilisers (organic)/Market,1
"organo-mineral potassium fertiliser, as K2O",kilogram,transformation,material/Chemicals/Fertilisers (organic)/Market,1
"organo-mineral potassium fertiliser, as K2O",kilogram,transformation,material/Chemicals/Fertilisers (organic)/Transformation,4
organo-mineral sludge,kilogram,transformation,waste treatment/Others/Obsolete,1
"organophosphorus-compound, unspecified",kilogram,market,material/Chemicals/Pesticides/Market,1
"organophosphorus-compound, unspecified",kilogram,transformation,material/Chemicals/Pesticides/Transformation,2
oriented strand board,cubic meter,market,material/Others/Obsolete,1
oriented strand board,cubic meter,market,material/Wood/Products/Market,2
oriented strand board,cubic meter,transformation,material/Wood/Products/Transformation,3
ortho-phenylene diamine,kilogram,market,material/Chemicals/Organic/Market,1
ortho-phenylene diamine,kilogram,transformation,material/Chemicals/Organic/Transformation,2
orthophthalic acid based unsaturated polyester resin,kilogram,market,material/Plastics/Thermosets/Market,1
orthophthalic acid based unsaturated polyester resin,kilogram,transformation,material/Plastics/Thermosets/Transformation,2
"outside air intake, stainless steel, DN 370",unit,market,material/Construction/Ventilation/Market,1
"outside air intake, stainless steel, DN 370",unit,transformation,material/Construction/Ventilation/Transformation,2
oxalic acid,kilogram,market,material/Chemicals/Acids (organic)/Market,1
oxalic acid,kilogram,transformation,material/Chemicals/Acids (organic)/Transformation,2
"oxygen, liquid",kilogram,market,material/Chemicals/Gases/Liquified/Market,2
"oxygen, liquid",kilogram,transformation,material/Chemicals/Gases/Transformation,3
"ozone, liquid",kilogram,market,material/Chemicals/Gases/Liquified/Market,2
"ozone, liquid",kilogram,transformation,material/Chemicals/Gases/Liquified/Transformation,2
P-chlorophenol,kilogram,market,material/Chemicals/Organic/Market,1
P-chlorophenol,kilogram,transformation,material/Chemicals/Organic/Transformation,2
P-dichlorobenzene,kilogram,market,material/Chemicals/Organic/Market,2
P-dichlorobenzene,kilogram,market,material/Others/Obsolete,1
P-dichlorobenzene,kilogram,transformation,material/Chemicals/Organic/Transformation,2
P-nitrophenol,kilogram,market,material/Chemicals/Organic/Market,1
P-nitrophenol,kilogram,transformation,material/Chemicals/Organic/Transformation,2
P-nitrotoluene,kilogram,market,material/Chemicals/Organic/Market,1
P-nitrotoluene,kilogram,transformation,material/Chemicals/Organic/Transformation,2
packaging box factory,unit,market,material/Paper+ Board/Packagings/Market/Infrastructure,1
packaging box factory,unit,transformation,material/Paper+ Board/Packagings/Transformation/Infrastructure,2
"packaging film, low density polyethylene",kilogram,market,material/Plastics/Thermoplasts/Market,1
"packaging film, low density polyethylene",kilogram,transformation,material/Plastics/Thermoplasts/Transformation,2
packaging glass factory,unit,market,material/Glass/Packaging/Market/Infrastructure,1
packaging glass factory,unit,transformation,material/Glass/Packaging/Transformation/Infrastructure,2
packaging glass sorting facility,unit,market,material/Glass/Waste glass/Market/Infrastructure,1
packaging glass sorting facility,unit,transformation,material/Glass/Waste glass/Transformation/Infrastructure,2
"packaging glass, brown",kilogram,market,material/Glass/Packaging/Market,1
"packaging glass, brown",kilogram,transformation,material/Glass/Packaging/Transformation,5
"packaging glass, green",kilogram,market,material/Glass/Packaging/Market,1
"packaging glass, green",kilogram,transformation,material/Glass/Packaging/Transformation,5
"packaging glass, white",kilogram,market,material/Glass/Packaging/Market,1
"packaging glass, white",kilogram,transformation,material/Glass/Packaging/Transformation,5
"packaging glass, white (waste treatment)",kilogram,transformation,waste treatment/Recycling/Transformation,1
packaging waste (waste scenario),kilogram,transformation,waste scenario/Others/Obsolete,31
"packaging, for fertilisers",kilogram,market,material/Plastics/Thermoplasts/Market,1
"packaging, for fertilisers",kilogram,transformation,material/Plastics/Thermoplasts/Transformation,1
"packaging, for fertilisers or pesticides",kilogram,market,material/Plastics/Thermoplasts/Market,1
"packaging, for fertilisers or pesticides",kilogram,transformation,material/Plastics/Thermoplasts/Transformation,2
"packaging, for pesticides",kilogram,market,material/Plastics/Thermoplasts/Market,1
"packaging, for pesticides",kilogram,transformation,material/Plastics/Thermoplasts/Transformation,1
"packing, cement",kilogram,market,processing/Others/Market,1
"packing, cement",kilogram,transformation,processing/Others/Transformation,2
"packing, clay product",kilogram,market,processing/Others/Market,1
"packing, clay product",kilogram,transformation,processing/Others/Transformation,2
"packing, fibre cement product",kilogram,market,processing/Others/Market,1
"packing, fibre cement product",kilogram,transformation,processing/Others/Transformation,2
"packing, lime product",kilogram,market,processing/Others/Market,1
"packing, lime product",kilogram,transformation,processing/Others/Transformation,2
paclobutrazol,kilogram,market,material/Chemicals/Organic/Market,1
paclobutrazol,kilogram,transformation,material/Chemicals/Organic/Transformation,1
palladium,kilogram,market,material/Metals/Non ferro/Market,1
palladium,kilogram,transformation,material/Metals/Non ferro/Transformation,6
palm date,kilogram,market,material/Agricultural/Plant production/Fruits/Market,1
palm date,kilogram,transformation,material/Agricultural/Plant production/Fruits/Transformation,1
"palm date, conditioned and dried",kilogram,market,material/Agricultural/Plant production/Fruits/Market,1
"palm date, conditioned and dried",kilogram,transformation,material/Agricultural/Plant production/Fruits/Transformation,1
"palm date, conditioned and dried, organic",kilogram,market,material/Agricultural/Plant production/Fruits/Market,1
"palm date, conditioned and dried, organic",kilogram,transformation,material/Agricultural/Plant production/Fruits/Transformation,1
"palm date, organic",kilogram,market,material/Agricultural/Plant production/Fruits/Market,1
"palm date, organic",kilogram,transformation,material/Agricultural/Plant production/Fruits/Transformation,1
palm fruit bunch,kilogram,market,material/Agricultural/Plant production/Fruits/Market,2
palm fruit bunch,kilogram,market,material/Others/Obsolete,1
palm fruit bunch,kilogram,transformation,material/Agricultural/Plant production/Fruits/Transformation,4
palm fruit bunch,kilogram,transformation,material/Others/Obsolete,2
palm kernel meal,kilogram,market,material/Agricultural/Animal feed/Market,1
palm kernel meal,kilogram,transformation,material/Agricultural/Animal feed/Transformation,2
"palm kernel oil, crude",kilogram,market,material/Agricultural/Plant oils/Market,1
"palm kernel oil, crude",kilogram,transformation,material/Agricultural/Plant oils/Transformation,2
"palm oil, crude",kilogram,market,material/Agricultural/Plant oils/Market,1
"palm oil, crude",kilogram,transformation,material/Agricultural/Plant oils/Transformation,2
"palm oil, refined",kilogram,market,material/Agricultural/Plant oils/Market,1
"palm oil, refined",kilogram,transformation,material/Agricultural/Plant oils/Transformation,1
"panel glass, for cathode ray tube display",kilogram,market,material/Electronics/Component/Market,1
"panel glass, for cathode ray tube display",kilogram,transformation,material/Electronics/Component/Transformation,1
papaya,kilogram,market,material/Agricultural/Plant production/Fruits/Market,1
papaya,kilogram,transformation,material/Agricultural/Plant production/Fruits/Transformation,1
paper (waste treatment),kilogram,transformation,waste treatment/Recycling/Transformation,1
paper machine,unit,market,material/Paper+ Board/Graphic paper/Market/Infrastructure,1
paper machine,unit,transformation,material/Paper+ Board/Graphic paper/Transformation/Infrastructure,2
"paper mill, integrated",unit,market,material/Paper+ Board/Graphic paper/Market/Infrastructure,1
"paper mill, integrated",unit,transformation,material/Paper+ Board/Graphic paper/Transformation/Infrastructure,2
"paper mill, non-integrated",unit,market,material/Paper+ Board/Graphic paper/Market/Infrastructure,1
"paper mill, non-integrated",unit,transformation,material/Paper+ Board/Graphic paper/Transformation/Infrastructure,2
paper sack,kilogram,market,material/Paper+ Board/Packagings/Market,2
paper sack,kilogram,transformation,material/Paper+ Board/Packagings/Transformation,2
"paper, melamine impregnated",kilogram,market,material/Others/Obsolete,1
"paper, melamine impregnated",kilogram,market,material/Paper+ Board/Board/Market,2
"paper, melamine impregnated",kilogram,transformation,material/Paper+ Board/Board/Transformation,2
"paper, newsprint",kilogram,market,material/Paper+ Board/Graphic paper/Market,2
"paper, newsprint",kilogram,transformation,material/Paper+ Board/Graphic paper/Transformation,6
"paper, woodcontaining, lightweight coated",kilogram,market,material/Paper+ Board/Graphic paper/Market,2
"paper, woodcontaining, lightweight coated",kilogram,transformation,material/Paper+ Board/Graphic paper/Transformation,3
"paper, woodcontaining, supercalendered",kilogram,market,material/Paper+ Board/Graphic paper/Market,2
"paper, woodcontaining, supercalendered",kilogram,transformation,material/Paper+ Board/Graphic paper/Transformation,3
"paper, woodcontaining, supercalendred",kilogram,market,material/Others/Obsolete,2
"paper, woodcontaining, supercalendred",kilogram,transformation,material/Others/Obsolete,3
"paper, woodfree, coated",kilogram,market,material/Paper+ Board/Graphic paper/Market,2
"paper, woodfree, coated",kilogram,transformation,material/Paper+ Board/Graphic paper/Transformation,4
"paper, woodfree, uncoated",kilogram,market,material/Paper+ Board/Graphic paper/Market,2
"paper, woodfree, uncoated",kilogram,transformation,material/Others/Obsolete,2
"paper, woodfree, uncoated",kilogram,transformation,material/Paper+ Board/Graphic paper/Transformation,8
para-phenylene diamine,kilogram,market,material/Chemicals/Organic/Market,1
para-phenylene diamine,kilogram,transformation,material/Chemicals/Organic/Transformation,2
paraffin,kilogram,market,material/Chemicals/Organic/Market,1
paraffin,kilogram,transformation,material/Chemicals/Organic/Transformation,2
paris market carrot,kilogram,market,material/Agricultural/Plant production/Roots and tubers/Market,1
paris market carrot,kilogram,transformation,material/Agricultural/Plant production/Roots and tubers/Transformation,1
"particle board, cement bonded",cubic meter,market,material/Others/Obsolete,1
"particle board, for indoor use",cubic meter,market,material/Others/Obsolete,1
"particle board, for indoor use",cubic meter,transformation,material/Others/Obsolete,2
"particle board, for outdoor use",cubic meter,market,material/Others/Obsolete,1
"particle board, for outdoor use",cubic meter,transformation,material/Others/Obsolete,2
"particleboard, cement bonded",cubic meter,market,material/Wood/Products/Market,2
"particleboard, cement bonded",cubic meter,transformation,material/Wood/Products/Transformation,2
"particleboard, uncoated",cubic meter,market,material/Others/Obsolete,1
"particleboard, uncoated",cubic meter,market,material/Paper+ Board/Board/Market,2
"particleboard, uncoated",cubic meter,transformation,material/Others/Obsolete,1
"particleboard, uncoated",cubic meter,transformation,material/Paper+ Board/Board/Transformation,4
passenger car maintenance,unit,market,transport/Road/Market/Infrastructure,1
passenger car maintenance,unit,transformation,transport/Road/Transformation/Infrastructure,2
"passenger car, diesel",kilogram,market,transport/Road/Market/Infrastructure,1
"passenger car, diesel",kilogram,transformation,transport/Road/Transformation/Infrastructure,1
"passenger car, electric, without battery",kilogram,market,transport/Road/Market/Infrastructure,1
"passenger car, electric, without battery",kilogram,transformation,transport/Road/Transformation/Infrastructure,1
"passenger car, petrol/natural gas",kilogram,market,transport/Road/Market/Infrastructure,1
"passenger car, petrol/natural gas",kilogram,transformation,transport/Road/Transformation/Infrastructure,1
PE (waste treatment),kilogram,transformation,waste treatment/Recycling/Transformation,1
"pea seed, for sowing",kilogram,market,material/Agricultural/Plant seeds/Market,1
"pea seed, for sowing",kilogram,transformation,material/Agricultural/Plant seeds/Transformation,2
"pea seed, organic, for sowing",kilogram,market,material/Agricultural/Plant seeds/Market,1
"pea seed, organic, for sowing",kilogram,transformation,material/Agricultural/Plant seeds/Transformation,2
peach,kilogram,market,material/Agricultural/Plant production/Fruits/Market,1
peach,kilogram,transformation,material/Agricultural/Plant production/Fruits/Transformation,4
peanut,kilogram,market,material/Agricultural/Food/Market,1
peanut,kilogram,transformation,material/Agricultural/Food/Transformation,5
"peanut seed, at farm",kilogram,market,material/Agricultural/Plant seeds/Market,1
"peanut seed, at farm",kilogram,transformation,material/Agricultural/Plant seeds/Transformation,2
"peanut seed, for sowing",kilogram,market,material/Agricultural/Plant seeds/Market,1
"peanut seed, for sowing",kilogram,transformation,material/Agricultural/Plant seeds/Transformation,2
pear,kilogram,market,material/Agricultural/Plant production/Fruits/Market,1
pear,kilogram,transformation,material/Agricultural/Plant production/Fruits/Transformation,5
pear,kilogram,transformation,material/Others/Obsolete,1
peat,kilogram,market,material/Fuels/Peat/Market,2
peat,kilogram,market,material/Others/Obsolete,1
peat,kilogram,transformation,material/Fuels/Peat/Transformation,2
peat moss,cubic meter,market,material/Agricultural/Intermediate products/Market,1
peat moss,cubic meter,transformation,material/Agricultural/Intermediate products/Transformation,2
pendimethalin,kilogram,market,material/Chemicals/Pesticides/Market,1
pendimethalin,kilogram,transformation,material/Chemicals/Pesticides/Transformation,2
pentaerythritol,kilogram,market,material/Chemicals/Organic/Market,1
pentaerythritol,kilogram,transformation,material/Chemicals/Organic/Transformation,2
pentane,kilogram,market,material/Chemicals/Organic/Market,1
pentane,kilogram,transformation,material/Chemicals/Organic/Transformation,3
pentane,kilogram,transformation,material/Others/Obsolete,2
perfluoropentane,kilogram,market,material/Chemicals/Organic/Market,1
perfluoropentane,kilogram,transformation,material/Chemicals/Inorganic/Transformation,1
perlite,kilogram,market,material/Minerals/Market,1
perlite,kilogram,transformation,material/Minerals/Transformation,2
"permanent magnet, for electric motor",kilogram,market,material/Electronics/Component/Market,1
"permanent magnet, for electric motor",kilogram,transformation,material/Electronics/Component/Transformation,1
"pesticide, unspecified",kilogram,market,material/Chemicals/Pesticides/Market,1
"pesticide, unspecified",kilogram,transformation,material/Chemicals/Pesticides/Market,1
"pesticide, unspecified",kilogram,transformation,material/Chemicals/Pesticides/Transformation,2
PET (waste treatment),kilogram,transformation,waste treatment/Recycling/Transformation,1
"petrol, 15% ETBE additive by volume, with ethanol from biomass",kilogram,market,material/Fuels/Oil/Petrol/Market,1
"petrol, 15% ETBE additive by volume, with ethanol from biomass",kilogram,transformation,material/Fuels/Oil/Petrol/Transformation,2
"petrol, 4% ETBE additive by volume, with ethanol from biomass",kilogram,market,material/Fuels/Oil/Petrol/Market,1
"petrol, 4% ETBE additive by volume, with ethanol from biomass",kilogram,transformation,material/Fuels/Oil/Petrol/Transformation,2
"petrol, 5% ethanol by volume from biomass",kilogram,market,material/Fuels/Oil/Petrol/Market,1
"petrol, 5% ethanol by volume from biomass",kilogram,transformation,material/Fuels/Oil/Petrol/Transformation,1
"petrol, 85% ethanol by volume from biomass",kilogram,transformation,material/Fuels/Oil/Petrol/Transformation,1
"petrol, low-sulfur",kilogram,market,material/Fuels/Oil/Petrol/Market,3
"petrol, low-sulfur",kilogram,transformation,material/Fuels/Oil/Petrol/Market/Import,1
"petrol, low-sulfur",kilogram,transformation,material/Fuels/Oil/Petrol/Transformation,3
"petrol, two-stroke blend",kilogram,market,material/Fuels/Oil/Petrol/Market,1
"petrol, two-stroke blend",kilogram,transformation,material/Fuels/Oil/Petrol/Transformation,3
"petrol, unleaded",kilogram,market,material/Fuels/Oil/Petrol/Market,7
"petrol, unleaded",kilogram,transformation,material/Fuels/Oil/Petrol/Market/Import,5
"petrol, unleaded",kilogram,transformation,material/Fuels/Oil/Petrol/Transformation,9
"petrol, unleaded",kilogram,transformation,material/Others/Obsolete,1
"petrol, unleaded, burned in machinery",megajoule,market,material/Fuels/Oil/Petrol/Market,1
"petrol, unleaded, burned in machinery",megajoule,transformation,material/Fuels/Oil/Petrol/Transformation,1
petroleum,kilogram,market,material/Fuels/Oil/Crude oil/Market,4
petroleum,kilogram,market,material/Others/Obsolete,1
petroleum,kilogram,transformation,material/Fuels/Oil/Crude oil/Transformation,51
petroleum,kilogram,transformation,material/Others/Obsolete,8
petroleum coke,kilogram,market,material/Fuels/Coal/Market,1
petroleum coke,kilogram,transformation,material/Fuels/Coal/Transformation,3
petroleum coke,kilogram,transformation,material/Others/Obsolete,1
"petroleum combustion, in drilling tests",kilogram,market,material/Fuels/Oil/Crude oil/Market/Infrastructure,1
"petroleum combustion, in drilling tests",kilogram,transformation,material/Fuels/Oil/Crude oil/Transformation/Infrastructure,1
petroleum refinery,unit,market,material/Fuels/Oil/Crude oil/Market/Infrastructure,1
petroleum refinery,unit,transformation,material/Fuels/Oil/Crude oil/Transformation/Infrastructure,2
petroleum slack wax,kilogram,market,material/Chemicals/Others/Market,1
petroleum slack wax,kilogram,transformation,material/Chemicals/Others/Transformation,7
phacelia silage,kilogram,market,material/Agricultural/Animal feed/Market,1
phacelia silage,kilogram,transformation,material/Agricultural/Animal feed/Transformation,3
phenol,kilogram,market,material/Chemicals/Organic/Market,2
phenol,kilogram,market,material/Others/Obsolete,1
phenol,kilogram,transformation,material/Chemicals/Organic/Transformation,3
phenol,kilogram,transformation,material/Others/Obsolete,2
phenolic resin,kilogram,market,material/Chemicals/Organic/Market,2
phenolic resin,kilogram,market,material/Others/Obsolete,1
phenolic resin,kilogram,transformation,material/Chemicals/Organic/Transformation,2
phenoxy-compound,kilogram,market,material/Chemicals/Pesticides/Market,1
phenoxy-compound,kilogram,transformation,material/Chemicals/Pesticides/Transformation,2
phenyl acetic acid,kilogram,market,material/Chemicals/Acids (organic)/Market,1
phenyl acetic acid,kilogram,transformation,material/Chemicals/Acids (organic)/Transformation,2
phenyl isocyanate,kilogram,market,material/Chemicals/Acids (organic)/Market,1
phenyl isocyanate,kilogram,transformation,material/Chemicals/Acids (organic)/Transformation,2
"phosgene, liquid",kilogram,market,material/Chemicals/Organic/Market,2
"phosgene, liquid",kilogram,transformation,material/Chemicals/Organic/Transformation,2
phosphane,kilogram,market,material/Chemicals/Inorganic/Market,1
phosphane,kilogram,transformation,material/Chemicals/Inorganic/Transformation,1
"phosphate fertiliser, as P2O5",kilogram,market,material/Others/Obsolete,1
"phosphate fertiliser, as P2O5",kilogram,transformation,material/Others/Obsolete,23
"phosphate rock, as P2O5, beneficiated, dry",kilogram,market,material/Others/Obsolete,1
"phosphate rock, as P2O5, beneficiated, dry",kilogram,transformation,material/Others/Obsolete,2
"phosphate rock, as P2O5, beneficiated, wet",kilogram,market,material/Others/Obsolete,1
"phosphate rock, as P2O5, beneficiated, wet",kilogram,transformation,material/Others/Obsolete,2
"phosphate rock, beneficiated",kilogram,market,material/Chemicals/Inorganic/Market,4
"phosphate rock, beneficiated",kilogram,transformation,material/Chemicals/Inorganic/Transformation,4
"phosphoric acid factory, fertiliser grade",unit,market,material/Chemicals/Acids (inorganic)/Market/Infrastructure,1
"phosphoric acid factory, fertiliser grade",unit,transformation,material/Chemicals/Acids (inorganic)/Transformation/Infrastructure,2
"phosphoric acid, fertiliser grade, without water, in 70% solution state",kilogram,market,material/Chemicals/Acids (inorganic)/Market,2
"phosphoric acid, fertiliser grade, without water, in 70% solution state",kilogram,market,material/Others/Obsolete,1
"phosphoric acid, fertiliser grade, without water, in 70% solution state",kilogram,transformation,material/Chemicals/Acids (inorganic)/Transformation,4
"phosphoric acid, industrial grade, without water, in 85% solution state",kilogram,market,material/Chemicals/Acids (inorganic)/Market,1
"phosphoric acid, industrial grade, without water, in 85% solution state",kilogram,transformation,material/Chemicals/Acids (inorganic)/Transformation,2
phosphorous chloride,kilogram,market,material/Chemicals/Inorganic/Market,2
phosphorous chloride,kilogram,market,material/Others/Obsolete,1
phosphorous chloride,kilogram,transformation,material/Chemicals/Inorganic/Transformation,2
phosphorus oxychloride,kilogram,market,material/Chemicals/Inorganic/Market,2
phosphorus oxychloride,kilogram,market,material/Others/Obsolete,1
phosphorus oxychloride,kilogram,transformation,material/Chemicals/Inorganic/Transformation,3
phosphorus pentachloride,kilogram,market,material/Chemicals/Inorganic/Market,1
phosphorus pentachloride,kilogram,transformation,material/Chemicals/Inorganic/Transformation,2
phosphorus trichloride,kilogram,market,material/Chemicals/Inorganic/Market,1
phosphorus trichloride,kilogram,transformation,material/Chemicals/Inorganic/Transformation,1
"phosphorus, white, liquid",kilogram,market,material/Chemicals/Inorganic/Market,1
"phosphorus, white, liquid",kilogram,transformation,material/Chemicals/Inorganic/Transformation,2
phosphoryl chloride,kilogram,market,material/Others/Obsolete,1
photovoltaic cell factory,unit,market,material/Electronics/Photovoltaic/Market/Infrastructure,1
photovoltaic cell factory,unit,transformation,material/Electronics/Photovoltaic/Transformation/Infrastructure,2
"photovoltaic cell, multi-Si wafer",square meter,market,material/Electronics/Photovoltaic/Market,1
"photovoltaic cell, multi-Si wafer",square meter,transformation,material/Electronics/Photovoltaic/Transformation,2
"photovoltaic cell, ribbon-Si",square meter,market,material/Electronics/Photovoltaic/Market,1
"photovoltaic cell, ribbon-Si",square meter,transformation,material/Electronics/Photovoltaic/Transformation,2
"photovoltaic cell, single-Si wafer",square meter,market,material/Electronics/Photovoltaic/Market,1
"photovoltaic cell, single-Si wafer",square meter,transformation,material/Electronics/Photovoltaic/Transformation,2
"photovoltaic facade installation, 3kWp, multi-Si, laminated, integrated, at building",unit,market,energy/Electricity by fuel/Photovoltaic/Market/Infrastructure,1
"photovoltaic facade installation, 3kWp, multi-Si, laminated, integrated, at building",unit,transformation,energy/Electricity by fuel/Photovoltaic/Transformation/Infrastructure,2
"photovoltaic facade installation, 3kWp, multi-Si, panel, mounted, at building",unit,market,energy/Electricity by fuel/Photovoltaic/Market/Infrastructure,1
"photovoltaic facade installation, 3kWp, multi-Si, panel, mounted, at building",unit,transformation,energy/Electricity by fuel/Photovoltaic/Transformation/Infrastructure,2
"photovoltaic facade installation, 3kWp, single-Si, laminated, integrated, at building",unit,market,energy/Electricity by fuel/Photovoltaic/Market/Infrastructure,1
"photovoltaic facade installation, 3kWp, single-Si, laminated, integrated, at building",unit,transformation,energy/Electricity by fuel/Photovoltaic/Transformation/Infrastructure,2
"photovoltaic facade installation, 3kWp, single-Si, panel, mounted, at building",unit,market,energy/Electricity by fuel/Photovoltaic/Market/Infrastructure,1
"photovoltaic facade installation, 3kWp, single-Si, panel, mounted, at building",unit,transformation,energy/Electricity by fuel/Photovoltaic/Transformation/Infrastructure,2
"photovoltaic flat-roof installation, 3kWp, multi-Si, on roof",unit,market,energy/Electricity by fuel/Photovoltaic/Market/Infrastructure,1
"photovoltaic flat-roof installation, 3kWp, multi-Si, on roof",unit,transformation,energy/Electricity by fuel/Photovoltaic/Transformation/Infrastructure,2
"photovoltaic flat-roof installation, 3kWp, single-Si, on roof",unit,market,energy/Electricity by fuel/Photovoltaic/Market/Infrastructure,1
"photovoltaic flat-roof installation, 3kWp, single-Si, on roof",unit,transformation,energy/Electricity by fuel/Photovoltaic/Transformation/Infrastructure,2
"photovoltaic laminate, a-Si",square meter,market,material/Electronics/Photovoltaic/Market/Infrastructure,1
"photovoltaic laminate, a-Si",square meter,transformation,material/Electronics/Photovoltaic/Transformation/Infrastructure,2
"photovoltaic laminate, CdTe",square meter,market,material/Electronics/Photovoltaic/Market/Infrastructure,1
"photovoltaic laminate, CdTe",square meter,transformation,material/Electronics/Photovoltaic/Transformation/Infrastructure,4
"photovoltaic laminate, CdTe",square meter,transformation,material/Others/Obsolete,1
"photovoltaic laminate, CIS",square meter,market,material/Electronics/Photovoltaic/Market/Infrastructure,1
"photovoltaic laminate, CIS",square meter,transformation,material/Electronics/Photovoltaic/Transformation/Infrastructure,2
"photovoltaic laminate, multi-Si wafer",square meter,market,material/Electronics/Photovoltaic/Market/Infrastructure,1
"photovoltaic laminate, multi-Si wafer",square meter,transformation,material/Electronics/Photovoltaic/Transformation/Infrastructure,2
"photovoltaic laminate, ribbon-Si",square meter,market,material/Electronics/Photovoltaic/Market/Infrastructure,1
"photovoltaic laminate, ribbon-Si",square meter,transformation,material/Electronics/Photovoltaic/Transformation/Infrastructure,2
"photovoltaic laminate, single-Si wafer",square meter,market,material/Electronics/Photovoltaic/Market/Infrastructure,1
"photovoltaic laminate, single-Si wafer",square meter,transformation,material/Electronics/Photovoltaic/Transformation/Infrastructure,2
"photovoltaic module, building-integrated, for facade installation",square meter,market,energy/Electricity by fuel/Photovoltaic/Market/Infrastructure,1
"photovoltaic module, building-integrated, for facade installation",square meter,transformation,energy/Electricity by fuel/Photovoltaic/Transformation/Infrastructure,2
"photovoltaic module, building-integrated, for slanted-roof installation",square meter,market,energy/Electricity by fuel/Photovoltaic/Market/Infrastructure,1
"photovoltaic module, building-integrated, for slanted-roof installation",square meter,transformation,energy/Electricity by fuel/Photovoltaic/Transformation/Infrastructure,2
"photovoltaic mounting system, for 570kWp open ground module",square meter,market,energy/Electricity by fuel/Photovoltaic/Market/Infrastructure,1
"photovoltaic mounting system, for 570kWp open ground module",square meter,transformation,energy/Electricity by fuel/Photovoltaic/Transformation/Infrastructure,1
"photovoltaic mounting system, for facade installation",square meter,market,energy/Electricity by fuel/Photovoltaic/Market/Infrastructure,1
"photovoltaic mounting system, for facade installation",square meter,transformation,energy/Electricity by fuel/Photovoltaic/Transformation/Infrastructure,2
"photovoltaic mounting system, for flat-roof installation",square meter,market,energy/Electricity by fuel/Photovoltaic/Market/Infrastructure,1
"photovoltaic mounting system, for flat-roof installation",square meter,transformation,energy/Electricity by fuel/Photovoltaic/Transformation/Infrastructure,2
"photovoltaic mounting system, for slanted-roof installation",square meter,market,energy/Electricity by fuel/Photovoltaic/Market/Infrastructure,1
"photovoltaic mounting system, for slanted-roof installation",square meter,transformation,energy/Electricity by fuel/Photovoltaic/Transformation/Infrastructure,2
photovoltaic panel factory,unit,market,energy/Electricity by fuel/Photovoltaic/Market/Infrastructure,1
photovoltaic panel factory,unit,transformation,energy/Electricity by fuel/Photovoltaic/Transformation/Infrastructure,1
"photovoltaic panel, a-Si",square meter,market,material/Electronics/Photovoltaic/Market/Infrastructure,1
"photovoltaic panel, a-Si",square meter,transformation,material/Electronics/Photovoltaic/Transformation/Infrastructure,2
"photovoltaic panel, CIS",square meter,market,material/Electronics/Photovoltaic/Market/Infrastructure,1
"photovoltaic panel, CIS",square meter,transformation,material/Electronics/Photovoltaic/Transformation/Infrastructure,2
"photovoltaic panel, multi-Si wafer",square meter,market,material/Electronics/Photovoltaic/Market/Infrastructure,1
"photovoltaic panel, multi-Si wafer",square meter,transformation,material/Electronics/Photovoltaic/Transformation/Infrastructure,2
"photovoltaic panel, ribbon-Si",square meter,market,material/Electronics/Photovoltaic/Market/Infrastructure,1
"photovoltaic panel, ribbon-Si",square meter,transformation,material/Electronics/Photovoltaic/Transformation/Infrastructure,2
"photovoltaic panel, single-Si wafer",square meter,market,material/Electronics/Photovoltaic/Market/Infrastructure,1
"photovoltaic panel, single-Si wafer",square meter,transformation,material/Electronics/Photovoltaic/Transformation/Infrastructure,2
"photovoltaic plant, 570kWp, multi-Si, on open ground",unit,market,material/Electronics/Photovoltaic/Market/Infrastructure,1
"photovoltaic plant, 570kWp, multi-Si, on open ground",unit,transformation,material/Electronics/Photovoltaic/Transformation/Infrastructure,1
"photovoltaic slanted-roof installation, 3kWp, a-Si, laminated, integrated, on roof",unit,market,energy/Electricity by fuel/Photovoltaic/Market/Infrastructure,1
"photovoltaic slanted-roof installation, 3kWp, a-Si, laminated, integrated, on roof",unit,transformation,energy/Electricity by fuel/Photovoltaic/Transformation/Infrastructure,2
"photovoltaic slanted-roof installation, 3kWp, a-Si, panel, mounted, on roof",unit,market,energy/Electricity by fuel/Photovoltaic/Market/Infrastructure,1
"photovoltaic slanted-roof installation, 3kWp, a-Si, panel, mounted, on roof",unit,transformation,energy/Electricity by fuel/Photovoltaic/Transformation/Infrastructure,2
"photovoltaic slanted-roof installation, 3kWp, CdTe, laminated, integrated, on roof",unit,market,energy/Electricity by fuel/Photovoltaic/Market/Infrastructure,1
"photovoltaic slanted-roof installation, 3kWp, CdTe, laminated, integrated, on roof",unit,transformation,energy/Electricity by fuel/Photovoltaic/Transformation/Infrastructure,2
"photovoltaic slanted-roof installation, 3kWp, CIS, panel, mounted, on roof",unit,market,energy/Electricity by fuel/Photovoltaic/Market/Infrastructure,1
"photovoltaic slanted-roof installation, 3kWp, CIS, panel, mounted, on roof",unit,transformation,energy/Electricity by fuel/Photovoltaic/Transformation/Infrastructure,2
"photovoltaic slanted-roof installation, 3kWp, multi-Si, laminated, integrated, on roof",unit,market,energy/Electricity by fuel/Photovoltaic/Market/Infrastructure,1
"photovoltaic slanted-roof installation, 3kWp, multi-Si, laminated, integrated, on roof",unit,transformation,energy/Electricity by fuel/Photovoltaic/Transformation/Infrastructure,2
"photovoltaic slanted-roof installation, 3kWp, multi-Si, panel, mounted, on roof",unit,market,energy/Electricity by fuel/Photovoltaic/Market/Infrastructure,1
"photovoltaic slanted-roof installation, 3kWp, multi-Si, panel, mounted, on roof",unit,transformation,energy/Electricity by fuel/Photovoltaic/Transformation/Infrastructure,2
"photovoltaic slanted-roof installation, 3kWp, ribbon-Si, laminated, integrated, on roof",unit,market,energy/Electricity by fuel/Photovoltaic/Market/Infrastructure,1
"photovoltaic slanted-roof installation, 3kWp, ribbon-Si, laminated, integrated, on roof",unit,transformation,energy/Electricity by fuel/Photovoltaic/Transformation/Infrastructure,2
"photovoltaic slanted-roof installation, 3kWp, ribbon-Si, panel, mounted, on roof",unit,market,energy/Electricity by fuel/Photovoltaic/Market/Infrastructure,1
"photovoltaic slanted-roof installation, 3kWp, ribbon-Si, panel, mounted, on roof",unit,transformation,energy/Electricity by fuel/Photovoltaic/Transformation/Infrastructure,2
"photovoltaic slanted-roof installation, 3kWp, single-Si, laminated, integrated, on roof",unit,market,energy/Electricity by fuel/Photovoltaic/Market/Infrastructure,1
"photovoltaic slanted-roof installation, 3kWp, single-Si, laminated, integrated, on roof",unit,transformation,energy/Electricity by fuel/Photovoltaic/Transformation/Infrastructure,2
"photovoltaic slanted-roof installation, 3kWp, single-Si, panel, mounted, on roof",unit,market,energy/Electricity by fuel/Photovoltaic/Market/Infrastructure,1
"photovoltaic slanted-roof installation, 3kWp, single-Si, panel, mounted, on roof",unit,transformation,energy/Electricity by fuel/Photovoltaic/Transformation/Infrastructure,2
"photovoltaics, electric installation for 3kWp module, at building",unit,market,energy/Electricity by fuel/Photovoltaic/Market/Infrastructure,1
"photovoltaics, electric installation for 3kWp module, at building",unit,transformation,energy/Electricity by fuel/Photovoltaic/Transformation/Infrastructure,2
"photovoltaics, electric installation for 570kWp module, open ground",unit,market,energy/Electricity by fuel/Photovoltaic/Market/Infrastructure,1
"photovoltaics, electric installation for 570kWp module, open ground",unit,transformation,energy/Electricity by fuel/Photovoltaic/Transformation/Infrastructure,1
phthalic anhydride,kilogram,market,material/Chemicals/Organic/Market,1
phthalic anhydride,kilogram,transformation,material/Chemicals/Organic/Transformation,2
phthalimide,kilogram,market,material/Chemicals/Organic/Market,1
phthalimide,kilogram,transformation,material/Chemicals/Organic/Transformation,2
phthalimide-compound,kilogram,market,material/Chemicals/Pesticides/Market,1
phthalimide-compound,kilogram,transformation,material/Chemicals/Pesticides/Transformation,2
pig iron,kilogram,market,material/Metals/Ferro/Market,2
pig iron,kilogram,market,material/Others/Obsolete,1
pig iron,kilogram,transformation,material/Metals/Ferro/Transformation,5
pig iron,kilogram,transformation,material/Others/Obsolete,2
pineapple,kilogram,market,material/Agricultural/Plant production/Fruits/Market,1
pineapple,kilogram,transformation,material/Agricultural/Plant production/Fruits/Transformation,1
pinto bean,kilogram,market,material/Agricultural/Plant production/Legumes/Market,1
pinto bean,kilogram,transformation,material/Agricultural/Plant production/Legumes/Transformation,3
"pinto bean seed, for sowing",kilogram,market,material/Agricultural/Plant seeds/Market,1
"pinto bean seed, for sowing",kilogram,transformation,material/Agricultural/Plant seeds/Transformation,1
"pipeline, liquid manure",kmy,market,transport/Pipeline/Market/Infrastructure,1
"pipeline, liquid manure",kmy,transformation,transport/Pipeline/Transformation/Infrastructure,2
"pipeline, natural gas, high pressure distribution network",kilometer,market,transport/Pipeline/Market/Infrastructure,1
"pipeline, natural gas, high pressure distribution network",kilometer,transformation,transport/Pipeline/Transformation/Infrastructure,3
"pipeline, natural gas, long distance, high capacity, offshore",kilometer,market,transport/Pipeline/Market/Infrastructure,1
"pipeline, natural gas, long distance, high capacity, offshore",kilometer,transformation,transport/Pipeline/Transformation/Infrastructure,1
"pipeline, natural gas, long distance, high capacity, onshore",kilometer,market,transport/Pipeline/Market/Infrastructure,1
"pipeline, natural gas, long distance, high capacity, onshore",kilometer,transformation,transport/Pipeline/Transformation/Infrastructure,1
"pipeline, natural gas, long distance, low capacity, onshore",kilometer,market,transport/Pipeline/Market/Infrastructure,1
"pipeline, natural gas, long distance, low capacity, onshore",kilometer,transformation,transport/Pipeline/Transformation/Infrastructure,1
"pipeline, natural gas, low pressure distribution network",kilometer,market,transport/Pipeline/Market/Infrastructure,1
"pipeline, natural gas, low pressure distribution network",kilometer,transformation,transport/Pipeline/Transformation/Infrastructure,2
"pipeline, petroleum",kilometer,market,transport/Pipeline/Market/Infrastructure,1
"pipeline, petroleum",kilometer,transformation,transport/Pipeline/Transformation/Infrastructure,2
"pipeline, petroleum, offshore",kilometer,market,transport/Pipeline/Market/Infrastructure,1
"pipeline, petroleum, offshore",kilometer,transformation,transport/Pipeline/Transformation/Infrastructure,1
piperidine,kilogram,market,material/Chemicals/Organic/Market,1
piperidine,kilogram,transformation,material/Chemicals/Organic/Transformation,2
pitch,kilogram,market,material/Construction/Sealing/Market,8
pitch,kilogram,market,material/Others/Obsolete,1
pitch,kilogram,transformation,material/Chemicals/Organic/Transformation,1
pitch,kilogram,transformation,material/Construction/Sealing/Transformation,10
pitch,kilogram,transformation,material/Others/Obsolete,4
"pitch despergents, in paper production",kilogram,market,material/Chemicals/Others/Market,2
"pitch despergents, in paper production",kilogram,market,material/Others/Obsolete,1
"pitch despergents, in paper production",kilogram,transformation,material/Chemicals/Others/Transformation,2
planing mill,unit,market,material/Wood/Products/Market/Infrastructure,1
planing mill,unit,transformation,material/Wood/Products/Transformation/Infrastructure,2
"planning, cogen unit mini CHP plant",unit,market,energy/Cogeneration/Gas/Market/Infrastructure,1
"planning, cogen unit mini CHP plant",unit,transformation,energy/Cogeneration/Gas/Transformation/Infrastructure,2
"planning, heat and power co-generation unit, 160kW electrical",unit,market,energy/Cogeneration/Gas/Market/Infrastructure,1
"planning, heat and power co-generation unit, 160kW electrical",unit,transformation,energy/Cogeneration/Gas/Transformation/Infrastructure,2
planting,hectare,market,processing/Agricultural/Market,1
planting,hectare,transformation,processing/Agricultural/Transformation,2
planting tree,unit,market,processing/Agricultural/Market,1
planting tree,unit,transformation,processing/Agricultural/Transformation,2
planting tree,unit,transformation,processing/Others/Obsolete,2
"planting with starter fertiliser, by no till planter",hectare,market,processing/Agricultural/Market,1
"planting with starter fertiliser, by no till planter",hectare,transformation,processing/Agricultural/Transformation,2
"planting, sugarcane",hectare,market,processing/Agricultural/Market,1
"planting, sugarcane",hectare,transformation,processing/Agricultural/Transformation,2
plaster mixing,kilogram,market,processing/Others/Market,1
plaster mixing,kilogram,transformation,processing/Others/Transformation,3
"plastic flake, consumer electronics, for recycling",kilogram,market,material/Plastics/Recycling/Market,1
"plastic flake, consumer electronics, for recycling",kilogram,transformation,material/Plastics/Recycling/Transformation,3
"plastic granulate, unspecified, recycled",kilogram,market,material/Plastics/Recycling/Market,1
"plastic granulate, unspecified, recycled",kilogram,transformation,material/Plastics/Recycling/Transformation,2
"plastic mixture average carbon content (dry matter), use only in PAS2050 wizard",kilogram,transformation,material/Others/Carbon content fossil materials,1
plastic processing factory,unit,market,processing/Plastics/Market/Infrastructure,1
plastic processing factory,unit,transformation,processing/Plastics/Transformation/Infrastructure,2
plastic tunnel,square meter,market,material/Agricultural/Plant production/Other/Market/Infrastructure,1
plastic tunnel,square meter,transformation,material/Agricultural/Plant production/Other/Transformation/Infrastructure,2
"plasticiser, for concrete, based on sulfonated melamine formaldehyde",kilogram,market,material/Chemicals/Others/Market,1
"plasticiser, for concrete, based on sulfonated melamine formaldehyde",kilogram,transformation,material/Chemicals/Others/Transformation,1
platinum,kilogram,market,material/Metals/Non ferro/Market,1
platinum,kilogram,transformation,material/Metals/Non ferro/Transformation,4
platinum group metal concentrate,kilogram,market,material/Minerals/Market,1
platinum group metal concentrate,kilogram,transformation,material/Minerals/Transformation,1
"plug, inlet and outlet, for computer cable",unit,market,material/Electronics/Component/Market,1
"plug, inlet and outlet, for computer cable",unit,transformation,material/Electronics/Component/Transformation,1
"plug, inlet and outlet, for network cable",unit,market,material/Electronics/Component/Market,1
"plug, inlet and outlet, for network cable",unit,transformation,material/Electronics/Component/Transformation,1
"plug, inlet and outlet, for printer cable",unit,market,material/Electronics/Component/Market,1
"plug, inlet and outlet, for printer cable",unit,transformation,material/Electronics/Component/Transformation,1
plywood,cubic meter,market,material/Wood/Products/Market,2
plywood,cubic meter,transformation,material/Wood/Products/Transformation,3
"plywood, for indoor use",cubic meter,market,material/Others/Obsolete,2
"plywood, for indoor use",cubic meter,transformation,material/Others/Obsolete,2
"plywood, for outdoor use",cubic meter,market,material/Others/Obsolete,2
"plywood, for outdoor use",cubic meter,transformation,material/Others/Obsolete,3
"pointing device, optical mouse, with cable",unit,market,material/Electronics/Devices/Market,1
"pointing device, optical mouse, with cable",unit,transformation,material/Electronics/Devices/Transformation,1
"polar fleece, energy use only",kilogram,market,material/Textiles/Market,1
"polar fleece, energy use only",kilogram,transformation,material/Textiles/Transformation,3
"polarizer, liquid crystals and colour filters, for liquid crystal display",kilogram,market,material/Electronics/Component/Market,1
"polarizer, liquid crystals and colour filters, for liquid crystal display",kilogram,transformation,material/Electronics/Component/Transformation,1
polishing powder,kilogram,market,material/Others/Obsolete,1
polishing powder,kilogram,transformation,material/Others/Obsolete,2
pollutant from rail ballast,kilogram,market,waste treatment/Others/Obsolete,1
pollutant from rail ballast,kilogram,market,waste treatment/Transport/Market,2
pollutant from rail ballast,kilogram,transformation,waste treatment/Landfill/Residual material landfill/Transformation,2
polyacrylamide,kilogram,market,material/Chemicals/Organic/Market,1
polyacrylamide,kilogram,transformation,material/Chemicals/Organic/Transformation,1
polyaluminium chloride,kilogram,market,material/Chemicals/Inorganic/Market,1
polyaluminium chloride,kilogram,transformation,material/Chemicals/Inorganic/Transformation,1
polybutadiene,kilogram,market,material/Plastics/Rubbers/Market,1
polybutadiene,kilogram,transformation,material/Plastics/Rubbers/Transformation,2
polycarbonate,kilogram,market,material/Plastics/Thermoplasts/Market,1
polycarbonate,kilogram,transformation,material/Plastics/Thermoplasts/Transformation,2
"polycarboxylates, 40% active substance",kilogram,market,material/Chemicals/Washing agents/Builders/Market,2
"polycarboxylates, 40% active substance",kilogram,market,material/Others/Obsolete,1
"polycarboxylates, 40% active substance",kilogram,transformation,material/Chemicals/Washing agents/Builders/Transformation,2
polydimethylsiloxane,kilogram,market,material/Chemicals/Silicons/Market,1
polydimethylsiloxane,kilogram,transformation,material/Chemicals/Silicons/Transformation,1
"polyester resin, unsaturated",kilogram,market,material/Chemicals/Organic/Market,2
"polyester resin, unsaturated",kilogram,market,material/Others/Obsolete,1
"polyester resin, unsaturated",kilogram,transformation,material/Chemicals/Organic/Transformation,4
polyester-complexed starch biopolymer,kilogram,market,material/Plastics/Biopolymers/Market,1
polyester-complexed starch biopolymer,kilogram,transformation,material/Plastics/Biopolymers/Transformation,2
"polyethylene carbon content (dry matter), use only in PAS2050 wizard",kilogram,transformation,material/Others/Carbon content fossil materials,1
"polyethylene pipe, corrugated, DN 75",meter,market,material/Construction/Ventilation/Market,1
"polyethylene pipe, corrugated, DN 75",meter,transformation,material/Construction/Ventilation/Transformation,2
"polyethylene pipe, DN 200, SDR 41",meter,market,material/Construction/Ventilation/Market,1
"polyethylene pipe, DN 200, SDR 41",meter,transformation,material/Construction/Ventilation/Transformation,2
"polyethylene terephatelate (PET) carbon content (dry matter), use only in PAS2050 wizard",kilogram,transformation,material/Others/Carbon content fossil materials,1
"polyethylene terephthalate, granulate, amorphous",kilogram,market,material/Plastics/Thermoplasts/Market,1
"polyethylene terephthalate, granulate, amorphous",kilogram,transformation,material/Plastics/Thermoplasts/Market,4
"polyethylene terephthalate, granulate, amorphous",kilogram,transformation,material/Plastics/Thermoplasts/Transformation,3
"polyethylene terephthalate, granulate, amorphous, recycled",kilogram,market,material/Plastics/Thermoplasts/Market,4
"polyethylene terephthalate, granulate, amorphous, recycled",kilogram,transformation,material/Plastics/Thermoplasts/Transformation,4
"polyethylene terephthalate, granulate, bottle grade",kilogram,market,material/Plastics/Thermoplasts/Market,1
"polyethylene terephthalate, granulate, bottle grade",kilogram,transformation,material/Plastics/Thermoplasts/Market,2
"polyethylene terephthalate, granulate, bottle grade",kilogram,transformation,material/Plastics/Thermoplasts/Transformation,3
"polyethylene terephthalate, granulate, bottle grade, recycled",kilogram,market,material/Plastics/Thermoplasts/Market,2
"polyethylene terephthalate, granulate, bottle grade, recycled",kilogram,transformation,material/Plastics/Thermoplasts/Transformation,2
"polyethylene, high density, granulate",kilogram,market,material/Plastics/Thermoplasts/Market,1
"polyethylene, high density, granulate",kilogram,transformation,material/Plastics/Thermoplasts/Market,4
"polyethylene, high density, granulate",kilogram,transformation,material/Plastics/Thermoplasts/Transformation,2
"polyethylene, high density, granulate, recycled",kilogram,market,material/Plastics/Thermoplasts/Market,4
"polyethylene, high density, granulate, recycled",kilogram,transformation,material/Plastics/Thermoplasts/Transformation,4
"polyethylene, linear low density, granulate",kilogram,market,material/Plastics/Thermoplasts/Market,1
"polyethylene, linear low density, granulate",kilogram,transformation,material/Plastics/Thermoplasts/Transformation,2
"polyethylene, low density, granulate",kilogram,market,material/Plastics/Thermoplasts/Market,1
"polyethylene, low density, granulate",kilogram,transformation,material/Plastics/Thermoplasts/Transformation,2
"polylactide, granulate",kilogram,market,material/Plastics/Biopolymers/Market,1
"polylactide, granulate",kilogram,transformation,material/Plastics/Biopolymers/Transformation,1
polymer foaming,kilogram,market,processing/Plastics/Market,1
polymer foaming,kilogram,transformation,processing/Plastics/Transformation,3
"polymethyl methacrylate, beads",kilogram,market,material/Plastics/Thermoplasts/Market,1
"polymethyl methacrylate, beads",kilogram,transformation,material/Plastics/Thermoplasts/Transformation,2
"polymethyl methacrylate, sheet",kilogram,market,material/Plastics/Thermoplasts/Market,1
"polymethyl methacrylate, sheet",kilogram,transformation,material/Plastics/Thermoplasts/Transformation,2
polyol,kilogram,market,material/Chemicals/Organic/Market,2
polyol,kilogram,market,material/Others/Obsolete,1
polyol,kilogram,transformation,material/Chemicals/Organic/Transformation,2
polyphenylene sulfide,kilogram,market,material/Plastics/Thermoplasts/Market,1
polyphenylene sulfide,kilogram,transformation,material/Plastics/Thermoplasts/Transformation,1
"polypropylene (PP) carbon content (dry matter), use only in PAS2050 wizard",kilogram,transformation,material/Others/Carbon content fossil materials,1
"polypropylene, granulate",kilogram,market,material/Plastics/Thermoplasts/Market,1
"polypropylene, granulate",kilogram,transformation,material/Plastics/Thermoplasts/Transformation,2
polystyrene foam slab,kilogram,market,material/Construction/Insulation/Market,1
polystyrene foam slab,kilogram,transformation,material/Construction/Insulation/Transformation,6
polystyrene foam slab for perimeter insulation,kilogram,market,material/Construction/Insulation/Market,1
polystyrene foam slab for perimeter insulation,kilogram,transformation,material/Construction/Insulation/Transformation,2
"polystyrene foam slab with graphite, 6% recycled",kilogram,market,material/Construction/Insulation/Market,1
"polystyrene foam slab with graphite, 6% recycled",kilogram,transformation,material/Construction/Insulation/Transformation,1
"polystyrene foam slab, 10% recycled",kilogram,market,material/Construction/Insulation/Market,1
"polystyrene foam slab, 10% recycled",kilogram,transformation,material/Construction/Insulation/Transformation,1
"polystyrene scrap, post-consumer",kilogram,market,material/Plastics/Recycling/Market,1
"polystyrene scrap, post-consumer",kilogram,transformation,material/Plastics/Recycling/Transformation,2
"polystyrene scrap, post-consumer",kilogram,transformation,material/Plastics/Thermoplasts/Transformation,1
"polystyrene, expandable",kilogram,market,material/Plastics/Thermoplasts/Market,1
"polystyrene, expandable",kilogram,transformation,material/Plastics/Thermoplasts/Transformation,2
"polystyrene, extruded",kilogram,market,material/Plastics/Thermoplasts/Market,1
"polystyrene, extruded",kilogram,transformation,material/Plastics/Thermoplasts/Transformation,8
"polystyrene, general purpose",kilogram,market,material/Plastics/Thermoplasts/Market,1
"polystyrene, general purpose",kilogram,transformation,material/Plastics/Thermoplasts/Transformation,2
"polystyrene, high impact",kilogram,market,material/Plastics/Thermoplasts/Market,1
"polystyrene, high impact",kilogram,transformation,material/Plastics/Thermoplasts/Transformation,2
"polysulfide, sealing compound",kilogram,market,material/Construction/Sealing/Market,1
"polysulfide, sealing compound",kilogram,transformation,material/Construction/Sealing/Transformation,2
polysulfone,kilogram,market,material/Chemicals/Organic/Market,1
polysulfone,kilogram,transformation,material/Chemicals/Organic/Transformation,1
"polyurethane (PUR) carbon content (dry matter), use only in PAS2050 wizard",kilogram,transformation,material/Others/Carbon content fossil materials,1
polyurethane adhesive,kilogram,market,material/Chemicals/Others/Market,1
polyurethane adhesive,kilogram,transformation,material/Chemicals/Others/Transformation,1
"polyurethane, flexible foam",kilogram,market,material/Others/Obsolete,1
"polyurethane, flexible foam",kilogram,market,material/Plastics/Thermosets/Market,2
"polyurethane, flexible foam",kilogram,transformation,material/Others/Obsolete,2
"polyurethane, flexible foam",kilogram,transformation,material/Plastics/Thermosets/Transformation,6
"polyurethane, flexible foam, flame retardant",kilogram,market,material/Plastics/Thermosets/Market,1
"polyurethane, flexible foam, flame retardant",kilogram,transformation,material/Plastics/Thermosets/Transformation,2
"polyurethane, rigid foam",kilogram,market,material/Others/Obsolete,1
"polyurethane, rigid foam",kilogram,market,material/Plastics/Thermosets/Market,2
"polyurethane, rigid foam",kilogram,transformation,material/Plastics/Thermosets/Transformation,2
"polyvinylchloride (PVC) carbon content (dry matter), use only in PAS2050 wizard",kilogram,transformation,material/Others/Carbon content fossil materials,1
"polyvinylchloride, bulk polymerised",kilogram,market,material/Plastics/Thermoplasts/Market,1
"polyvinylchloride, bulk polymerised",kilogram,transformation,material/Plastics/Thermoplasts/Transformation,2
"polyvinylchloride, emulsion polymerised",kilogram,market,material/Plastics/Thermoplasts/Market,1
"polyvinylchloride, emulsion polymerised",kilogram,transformation,material/Plastics/Thermoplasts/Transformation,2
"polyvinylchloride, suspension polymerised",kilogram,market,material/Plastics/Thermoplasts/Market,1
"polyvinylchloride, suspension polymerised",kilogram,transformation,material/Plastics/Thermoplasts/Transformation,2
polyvinylfluoride,kilogram,market,material/Chemicals/Organic/Market,1
polyvinylfluoride,kilogram,transformation,material/Chemicals/Organic/Transformation,2
"polyvinylfluoride carbon content (dry matter), use only in PAS2050 wizard",kilogram,transformation,material/Others/Carbon content fossil materials,1
"polyvinylfluoride, dispersion",kilogram,market,material/Chemicals/Organic/Market,1
"polyvinylfluoride, dispersion",kilogram,transformation,material/Chemicals/Organic/Transformation,2
"polyvinylfluoride, film",kilogram,market,material/Chemicals/Organic/Market,1
"polyvinylfluoride, film",kilogram,transformation,material/Chemicals/Organic/Transformation,2
"polyvinylidenchloride, granulate",kilogram,market,material/Others/Obsolete,1
"polyvinylidenchloride, granulate",kilogram,market,material/Plastics/Thermoplasts/Market,2
"polyvinylidenchloride, granulate",kilogram,transformation,material/Plastics/Thermoplasts/Transformation,2
pomegranate,kilogram,market,material/Agricultural/Plant production/Fruits/Market,1
pomegranate,kilogram,transformation,material/Agricultural/Plant production/Fruits/Transformation,2
poor concrete,cubic meter,market,material/Others/Obsolete,1
poor concrete,cubic meter,transformation,material/Others/Obsolete,2
port facilities,unit,market,transport/Water/Market/Infrastructure,1
port facilities,unit,transformation,transport/Water/Transformation/Infrastructure,2
portachrom,kilogram,market,material/Chemicals/Inorganic/Market,1
portachrom,kilogram,transformation,material/Chemicals/Inorganic/Transformation,2
portafer,kilogram,market,material/Chemicals/Inorganic/Market,1
portafer,kilogram,transformation,material/Chemicals/Inorganic/Transformation,3
potash salt,kilogram,market,material/Minerals/Market,2
potash salt,kilogram,transformation,material/Minerals/Transformation,2
potassium carbonate,kilogram,market,material/Chemicals/Inorganic/Market,1
potassium carbonate,kilogram,transformation,material/Chemicals/Inorganic/Transformation,1
potassium carbonate,kilogram,transformation,material/Others/Obsolete,2
potassium chloride,kilogram,market,material/Chemicals/Inorganic/Market,2
potassium chloride,kilogram,transformation,material/Chemicals/Inorganic/Transformation,3
potassium chloride sludge,kilogram,market,material/Chemicals/Inorganic/Market,1
potassium chloride sludge,kilogram,transformation,material/Chemicals/Inorganic/Transformation,1
"potassium chloride, as K2O",kilogram,market,material/Others/Obsolete,1
"potassium chloride, as K2O",kilogram,transformation,material/Others/Obsolete,9
"potassium chloride, industrial grade",kilogram,market,material/Chemicals/Inorganic/Market,1
"potassium chloride, industrial grade",kilogram,transformation,material/Chemicals/Inorganic/Transformation,1
"potassium fertiliser, as K2O",kilogram,market,material/Others/Obsolete,1
"potassium fertiliser, as K2O",kilogram,transformation,material/Others/Obsolete,11
potassium hydroxide,kilogram,market,material/Chemicals/Inorganic/Market,1
potassium hydroxide,kilogram,transformation,material/Chemicals/Inorganic/Transformation,2
potassium nitrate,kilogram,market,material/Chemicals/Inorganic/Market,4
potassium nitrate,kilogram,market,material/Others/Obsolete,1
potassium nitrate,kilogram,transformation,material/Chemicals/Inorganic/Transformation,4
"potassium nitrate, agricultural grade",kilogram,market,material/Chemicals/Fertilisers (inorganic)/Market,1
"potassium nitrate, agricultural grade",kilogram,transformation,material/Chemicals/Fertilisers (inorganic)/Transformation,1
"potassium nitrate, industrial grade",kilogram,market,material/Chemicals/Inorganic/Market,1
"potassium nitrate, industrial grade",kilogram,transformation,material/Chemicals/Inorganic/Transformation,1
"potassium nitrate, technical grade",kilogram,market,material/Chemicals/Inorganic/Market,1
"potassium nitrate, technical grade",kilogram,transformation,material/Chemicals/Inorganic/Transformation,1
potassium perchlorate,kilogram,market,material/Chemicals/Inorganic/Market,1
potassium perchlorate,kilogram,transformation,material/Chemicals/Inorganic/Transformation,1
potassium permanganate,kilogram,market,material/Chemicals/Inorganic/Market,1
potassium permanganate,kilogram,transformation,material/Chemicals/Inorganic/Transformation,2
potassium sulfate,kilogram,market,material/Chemicals/Inorganic/Market,2
potassium sulfate,kilogram,transformation,material/Chemicals/Inorganic/Transformation,2
"potassium sulfate, as K2O",kilogram,market,material/Others/Obsolete,1
"potassium sulfate, as K2O",kilogram,transformation,material/Others/Obsolete,4
potato,kilogram,market,material/Agricultural/Plant production/Roots and tubers/Market,1
potato,kilogram,transformation,material/Agricultural/Plant production/Roots and tubers/Transformation,7
potato grading,kilogram,market,processing/Agricultural/Market,1
potato grading,kilogram,transformation,processing/Agricultural/Transformation,3
potato haulm cutting,hectare,market,processing/Agricultural/Market,1
potato haulm cutting,hectare,transformation,processing/Agricultural/Transformation,2
potato planting,hectare,market,processing/Agricultural/Market,1
potato planting,hectare,transformation,processing/Agricultural/Transformation,3
potato planting,hectare,transformation,processing/Others/Obsolete,3
"potato seed, at farm",kilogram,market,material/Agricultural/Plant seeds/Market,1
"potato seed, at farm",kilogram,transformation,material/Agricultural/Plant seeds/Transformation,1
"potato seed, for setting",kilogram,market,material/Agricultural/Plant seeds/Market,1
"potato seed, for setting",kilogram,transformation,material/Agricultural/Plant seeds/Transformation,1
"potato seed, organic, at farm",kilogram,market,material/Agricultural/Plant seeds/Market,1
"potato seed, organic, at farm",kilogram,transformation,material/Agricultural/Plant seeds/Transformation,2
"potato seed, organic, for setting",kilogram,market,material/Agricultural/Plant seeds/Market,1
"potato seed, organic, for setting",kilogram,transformation,material/Agricultural/Plant seeds/Transformation,2
"potato seed, Swiss integrated production, at farm",kilogram,market,material/Agricultural/Plant seeds/Market,1
"potato seed, Swiss integrated production, at farm",kilogram,transformation,material/Agricultural/Plant seeds/Transformation,1
"potato seed, Swiss integrated production, for setting",kilogram,market,material/Agricultural/Plant seeds/Market,1
"potato seed, Swiss integrated production, for setting",kilogram,transformation,material/Agricultural/Plant seeds/Transformation,1
potato starch,kilogram,market,material/Agricultural/Food/Market,1
potato starch,kilogram,transformation,material/Agricultural/Food/Transformation,2
"potato, organic",kilogram,market,material/Agricultural/Plant production/Roots and tubers/Market,1
"potato, organic",kilogram,transformation,material/Agricultural/Plant production/Roots and tubers/Transformation,2
"potato, Swiss integrated production",kilogram,market,material/Agricultural/Plant production/Roots and tubers/Market,1
"potato, Swiss integrated production",kilogram,transformation,material/Agricultural/Plant production/Roots and tubers/Transformation,1
"potentiometer, unspecified",kilogram,market,material/Electronics/Component/Market,1
"potentiometer, unspecified",kilogram,transformation,material/Electronics/Component/Transformation,1
"poultry manure, dried",kilogram,market,material/Chemicals/Fertilisers (organic)/Market,1
"poultry manure, dried",kilogram,transformation,material/Chemicals/Fertilisers (organic)/Transformation,3
"poultry manure, fresh",kilogram,market,material/Chemicals/Fertilisers (organic)/Market,1
"poultry manure, fresh",kilogram,transformation,material/Chemicals/Fertilisers (organic)/Transformation,1
"powder coat, aluminium sheet",square meter,market,processing/Metals/Coating/Market,1
"powder coat, aluminium sheet",square meter,transformation,processing/Metals/Coating/Transformation,2
"powder coat, steel",square meter,market,processing/Metals/Coating/Market,1
"powder coat, steel",square meter,transformation,processing/Metals/Coating/Transformation,2
"power adapter, for laptop",unit,market,material/Electronics/Devices/Market,1
"power adapter, for laptop",unit,transformation,material/Electronics/Devices/Transformation,1
"power adapter, for smartphone",unit,market,material/Electronics/Devices/Market,1
"power adapter, for smartphone",unit,transformation,material/Electronics/Devices/Transformation,1
"power block, solar thermal parabolic trough, 50 MW",unit,market,energy/Electricity by fuel/Photovoltaic/Market/Infrastructure,1
"power block, solar thermal parabolic trough, 50 MW",unit,transformation,energy/Electricity by fuel/Photovoltaic/Transformation/Infrastructure,2
"power block, solar tower power plant, 20 MW",unit,market,energy/Electricity by fuel/Photovoltaic/Market/Infrastructure,1
"power block, solar tower power plant, 20 MW",unit,transformation,energy/Electricity by fuel/Photovoltaic/Transformation/Infrastructure,2
"power distribution unit, for electric passenger car",kilogram,market,material/Electronics/Component/Market,1
"power distribution unit, for electric passenger car",kilogram,transformation,material/Electronics/Component/Transformation,1
"power saw, with catalytic converter",unit,market,processing/Wood/Market/Infrastructure,1
"power saw, with catalytic converter",unit,transformation,processing/Others/Obsolete,2
"power saw, with catalytic converter",unit,transformation,processing/Wood/Transformation/Infrastructure,1
"power saw, without catalytic converter",unit,market,processing/Wood/Market/Infrastructure,1
"power saw, without catalytic converter",unit,transformation,processing/Others/Obsolete,2
"power saw, without catalytic converter",unit,transformation,processing/Wood/Transformation/Infrastructure,1
"power sawing, with catalytic converter",hour,market,processing/Wood/Market,1
"power sawing, with catalytic converter",hour,transformation,processing/Wood/Transformation,2
"power sawing, without catalytic converter",hour,market,processing/Wood/Market,1
"power sawing, without catalytic converter",hour,transformation,processing/Wood/Transformation,2
"power supply unit, for desktop computer",unit,market,material/Electronics/Module/Market,1
"power supply unit, for desktop computer",unit,transformation,material/Electronics/Module/Transformation,2
"powertrain, for electric passenger car",kilogram,market,material/Electronics/Component/Market,1
"powertrain, for electric passenger car",kilogram,transformation,material/Electronics/Component/Transformation,1
"powertrain, for electric scooter",kilogram,market,material/Electronics/Component/Market,1
"powertrain, for electric scooter",kilogram,transformation,material/Electronics/Component/Transformation,1
PP (waste treatment),kilogram,transformation,waste treatment/Recycling/Transformation,1
praseodymium oxide,kilogram,market,material/Chemicals/Inorganic/Market,1
praseodymium oxide,kilogram,transformation,material/Chemicals/Inorganic/Transformation,3
praseodymium oxide,kilogram,transformation,material/Others/Obsolete,2
praseodymium-neodymium oxide,kilogram,market,material/Chemicals/Inorganic/Market,1
praseodymium-neodymium oxide,kilogram,transformation,material/Chemicals/Inorganic/Transformation,1
precious metal for jewellery,cubic meter,market,material/Others/Obsolete,1
precious metal for jewellery,cubic meter,transformation,material/Others/Obsolete,2
"precious metal from electronics scrap, in anode slime",kilogram,market,material/Metals/Waste metals/Market,1
"precious metal from electronics scrap, in anode slime",kilogram,market,waste treatment/Others/Obsolete,1
"precious metal from electronics scrap, in anode slime",kilogram,transformation,material/Electronics waste/Transformation,2
"precious metal from electronics scrap, in anode slime",kilogram,transformation,waste treatment/Others/Obsolete,2
precious metal refinery,unit,market,material/Metals/Non ferro/Market/Infrastructure,1
precious metal refinery,unit,transformation,material/Metals/Non ferro/Transformation/Infrastructure,2
printed paper,kilogram,market,material/Paper+ Board/Graphic paper/Market,1
printed paper,kilogram,transformation,use/Computers & network/Transformation,8
"printed paper, offset",kilogram,market,material/Paper+ Board/Graphic paper/Market,1
"printed paper, offset",kilogram,transformation,material/Paper+ Board/Graphic paper/Transformation,2
printed wiring board mounting facility,unit,market,material/Electronics/Printed wiring board/Market/Infrastructure,1
printed wiring board mounting facility,unit,transformation,material/Electronics/Printed wiring board/Transformation/Infrastructure,1
"printed wiring board mounting facility, surface mounting line",unit,market,material/Electronics/Printed wiring board/Market/Infrastructure,1
"printed wiring board mounting facility, surface mounting line",unit,transformation,material/Electronics/Printed wiring board/Transformation/Infrastructure,1
"printed wiring board mounting facility, through-hole mounting line",unit,market,material/Electronics/Printed wiring board/Market/Infrastructure,1
"printed wiring board mounting facility, through-hole mounting line",unit,transformation,material/Electronics/Printed wiring board/Transformation/Infrastructure,1
"printed wiring board, for power supply unit, desktop computer, Pb containing",kilogram,market,material/Electronics/Printed wiring board/Market,1
"printed wiring board, for power supply unit, desktop computer, Pb containing",kilogram,transformation,material/Electronics/Printed wiring board/Transformation,1
"printed wiring board, for power supply unit, desktop computer, Pb free",kilogram,market,material/Electronics/Printed wiring board/Market,1
"printed wiring board, for power supply unit, desktop computer, Pb free",kilogram,transformation,material/Electronics/Printed wiring board/Transformation,1
"printed wiring board, for surface mounting, Pb containing surface",square meter,market,material/Electronics/Printed wiring board/Market,1
"printed wiring board, for surface mounting, Pb containing surface",square meter,transformation,material/Electronics/Printed wiring board/Transformation,1
"printed wiring board, for surface mounting, Pb free surface",square meter,market,material/Electronics/Printed wiring board/Market,1
"printed wiring board, for surface mounting, Pb free surface",square meter,transformation,material/Electronics/Printed wiring board/Transformation,1
"printed wiring board, for through-hole mounting, Pb containing surface",square meter,market,material/Electronics/Printed wiring board/Market,1
"printed wiring board, for through-hole mounting, Pb containing surface",square meter,transformation,material/Electronics/Printed wiring board/Transformation,1
"printed wiring board, for through-hole mounting, Pb free surface",square meter,market,material/Electronics/Printed wiring board/Market,1
"printed wiring board, for through-hole mounting, Pb free surface",square meter,transformation,material/Electronics/Printed wiring board/Transformation,1
"printed wiring board, mounted mainboard, desktop computer, Pb containing",kilogram,market,material/Electronics/Printed wiring board/Market,1
"printed wiring board, mounted mainboard, desktop computer, Pb containing",kilogram,transformation,material/Electronics/Printed wiring board/Transformation,1
"printed wiring board, mounted mainboard, desktop computer, Pb free",kilogram,market,material/Electronics/Printed wiring board/Market,1
"printed wiring board, mounted mainboard, desktop computer, Pb free",kilogram,transformation,material/Electronics/Printed wiring board/Transformation,1
"printed wiring board, mounted mainboard, laptop computer, Pb containing",kilogram,market,material/Electronics/Printed wiring board/Market,1
"printed wiring board, mounted mainboard, laptop computer, Pb containing",kilogram,transformation,material/Electronics/Printed wiring board/Transformation,1
"printed wiring board, mounted mainboard, laptop computer, Pb free",kilogram,market,material/Electronics/Printed wiring board/Market,1
"printed wiring board, mounted mainboard, laptop computer, Pb free",kilogram,transformation,material/Electronics/Printed wiring board/Transformation,1
"printed wiring board, mounted mainboard, mobile device, double-sided, Pb free",square meter,market,material/Electronics/Printed wiring board/Market,1
"printed wiring board, mounted mainboard, mobile device, double-sided, Pb free",square meter,transformation,material/Electronics/Printed wiring board/Transformation,1
"printed wiring board, surface mounted, unspecified, Pb containing",kilogram,market,material/Electronics/Printed wiring board/Market,1
"printed wiring board, surface mounted, unspecified, Pb containing",kilogram,transformation,material/Electronics/Printed wiring board/Transformation,1
"printed wiring board, surface mounted, unspecified, Pb free",kilogram,market,material/Electronics/Printed wiring board/Market,1
"printed wiring board, surface mounted, unspecified, Pb free",kilogram,transformation,material/Electronics/Printed wiring board/Transformation,1
"printed wiring board, through-hole mounted, unspecified, Pb containing",kilogram,market,material/Electronics/Printed wiring board/Market,1
"printed wiring board, through-hole mounted, unspecified, Pb containing",kilogram,transformation,material/Electronics/Printed wiring board/Transformation,1
"printed wiring board, through-hole mounted, unspecified, Pb free",kilogram,market,material/Electronics/Printed wiring board/Market,1
"printed wiring board, through-hole mounted, unspecified, Pb free",kilogram,transformation,material/Electronics/Printed wiring board/Transformation,1
"printer, laser, black/white",unit,market,material/Electronics/Devices/Market,1
"printer, laser, black/white",unit,transformation,material/Electronics/Devices/Transformation,1
"printer, laser, colour",unit,market,material/Electronics/Devices/Market,1
"printer, laser, colour",unit,transformation,material/Electronics/Devices/Transformation,1
"printing ink, offset, without solvent, in 47.5% solution state",kilogram,market,material/Chemicals/Others/Market,2
"printing ink, offset, without solvent, in 47.5% solution state",kilogram,market,material/Others/Obsolete,1
"printing ink, offset, without solvent, in 47.5% solution state",kilogram,transformation,material/Chemicals/Others/Transformation,2
"printing ink, rotogravure, without solvent, in 55% toluene solution state",kilogram,market,material/Chemicals/Others/Market,2
"printing ink, rotogravure, without solvent, in 55% toluene solution state",kilogram,market,material/Others/Obsolete,1
"printing ink, rotogravure, without solvent, in 55% toluene solution state",kilogram,transformation,material/Chemicals/Others/Transformation,2
"process-specific burden, sanitary landfill",kilogram,market,processing/Others/Obsolete,1
"process-specific burdens, hazardous waste incineration plant",kilogram,market,processing/Others/Obsolete,1
"process-specific burdens, hazardous waste incineration plant",kilogram,market,processing/Waste/Market,2
"process-specific burdens, hazardous waste incineration plant",kilogram,transformation,processing/Waste/Transformation,2
"process-specific burdens, import of copper to Switzerland",kilogram,market,processing/Waste/Market,1
"process-specific burdens, import of copper to Switzerland",kilogram,transformation,processing/Waste/Transformation,1
"process-specific burdens, inert material landfill",kilogram,market,processing/Others/Obsolete,1
"process-specific burdens, inert material landfill",kilogram,market,processing/Waste/Market,2
"process-specific burdens, inert material landfill",kilogram,transformation,processing/Waste/Transformation,2
"process-specific burdens, municipal waste incineration",kilogram,market,processing/Others/Obsolete,1
"process-specific burdens, municipal waste incineration",kilogram,market,processing/Waste/Market,3
"process-specific burdens, municipal waste incineration",kilogram,transformation,processing/Waste/Transformation,3
"process-specific burdens, residual material landfill",kilogram,market,processing/Others/Obsolete,1
"process-specific burdens, residual material landfill",kilogram,market,processing/Waste/Market,3
"process-specific burdens, residual material landfill",kilogram,transformation,processing/Waste/Transformation,3
"process-specific burdens, sanitary landfill",kilogram,market,processing/Waste/Market,2
"process-specific burdens, sanitary landfill",kilogram,transformation,processing/Waste/Transformation,2
"process-specific burdens, slag landfill",kilogram,market,processing/Others/Obsolete,1
"process-specific burdens, slag landfill",kilogram,market,processing/Waste/Market,3
"process-specific burdens, slag landfill",kilogram,transformation,processing/Others/Transformation,3
prochloraz,kilogram,market,material/Chemicals/Organic/Market,1
prochloraz,kilogram,transformation,material/Chemicals/Organic/Transformation,1
prohexadione calcium,kilogram,market,material/Chemicals/Organic/Market,1
prohexadione calcium,kilogram,transformation,material/Chemicals/Organic/Transformation,1
propanal,kilogram,market,material/Chemicals/Organic/Market,2
propanal,kilogram,market,material/Others/Obsolete,1
propanal,kilogram,transformation,material/Chemicals/Organic/Transformation,2
propane,kilogram,market,material/Chemicals/Gases/Market,1
propane,kilogram,transformation,material/Chemicals/Gases/Transformation,1
propane,kilogram,transformation,material/Others/Obsolete,2
"propane, burned in building machine",megajoule,market,energy/Mechanical/Market,1
"propane, burned in building machine",megajoule,transformation,energy/Mechanical/Transformation,1
propionic acid,kilogram,market,material/Chemicals/Organic/Market,1
propionic acid,kilogram,transformation,material/Chemicals/Organic/Transformation,2
propyl amine,kilogram,market,material/Chemicals/Organic/Market,1
propyl amine,kilogram,transformation,material/Chemicals/Organic/Transformation,2
propylene,kilogram,market,material/Chemicals/Organic/Market,3
propylene,kilogram,market,material/Others/Obsolete,1
propylene,kilogram,transformation,material/Chemicals/Organic/Transformation,3
"propylene glycol, liquid",kilogram,market,material/Chemicals/Organic/Market,2
"propylene glycol, liquid",kilogram,market,material/Others/Obsolete,1
"propylene glycol, liquid",kilogram,transformation,material/Chemicals/Organic/Transformation,2
"propylene oxide, liquid",kilogram,market,material/Chemicals/Organic/Market,2
"propylene oxide, liquid",kilogram,market,material/Others/Obsolete,1
"propylene oxide, liquid",kilogram,transformation,material/Chemicals/Organic/Transformation,2
"propylene, pipeline system",kilogram,market,material/Chemicals/Organic/Market,2
"propylene, pipeline system",kilogram,market,material/Others/Obsolete,1
"propylene, pipeline system",kilogram,transformation,material/Chemicals/Organic/Transformation,2
prosulfocarb,kilogram,market,material/Chemicals/Pesticides/Market,1
prosulfocarb,kilogram,transformation,material/Chemicals/Pesticides/Transformation,2
"protein feed, 100% crude",kilogram,market,material/Agricultural/Animal feed/Market,1
"protein feed, 100% crude",kilogram,transformation,material/Agricultural/Animal feed/Market,28
"protein feed, 100% crude",kilogram,transformation,material/Agricultural/Animal feed/Transformation,18
"protein feed, 100% crude",kilogram,transformation,material/Others/Obsolete,2
protein pea,kilogram,market,material/Agricultural/Plant production/Legumes/Market,1
protein pea,kilogram,transformation,material/Agricultural/Plant production/Legumes/Transformation,7
"protein pea, feed, Swiss integrated production",kilogram,market,material/Agricultural/Animal feed/Market,1
"protein pea, feed, Swiss integrated production",kilogram,transformation,material/Agricultural/Animal feed/Transformation,1
"protein pea, feed, Swiss integrated production",kilogram,transformation,material/Others/Obsolete,1
"protein pea, organic",kilogram,market,material/Agricultural/Plant production/Legumes/Market,1
"protein pea, organic",kilogram,transformation,material/Agricultural/Plant production/Legumes/Transformation,2
"protein pea, Swiss integrated production",kilogram,market,material/Agricultural/Plant production/Legumes/Market,1
"protein pea, Swiss integrated production",kilogram,transformation,material/Agricultural/Plant production/Legumes/Transformation,1
PS (waste treatment),kilogram,transformation,waste treatment/Recycling/Transformation,1
pulp factory,unit,market,material/Paper+ Board/Pulp/Market/Infrastructure,1
pulp factory,unit,transformation,material/Paper+ Board/Pulp/Transformation/Infrastructure,2
"pulpwood, hardwood, measured as solid wood under bark",cubic meter,market,material/Others/Obsolete,1
"pulpwood, hardwood, measured as solid wood under bark",cubic meter,market,material/Wood/Extraction/Market,3
"pulpwood, hardwood, measured as solid wood under bark",cubic meter,transformation,material/Others/Obsolete,1
"pulpwood, hardwood, measured as solid wood under bark",cubic meter,transformation,material/Wood/Extraction/Transformation,7
"pulpwood, softwood, measured as solid wood under bark",cubic meter,market,material/Others/Obsolete,1
"pulpwood, softwood, measured as solid wood under bark",cubic meter,market,material/Wood/Extraction/Market,3
"pulpwood, softwood, measured as solid wood under bark",cubic meter,transformation,material/Wood/Extraction/Market/Import,1
"pulpwood, softwood, measured as solid wood under bark",cubic meter,transformation,material/Wood/Extraction/Transformation,7
pulverised lignite,megajoule,market,material/Fuels/Lignite/Market,1
pulverised lignite,megajoule,transformation,material/Fuels/Lignite/Transformation,2
pumice,kilogram,market,material/Minerals/Market,1
pumice,kilogram,transformation,material/Minerals/Transformation,2
pump station,unit,market,material/Water/Drinking water/Market/Infrastructure,1
pump station,unit,transformation,material/Water/Drinking water/Transformation/Infrastructure,2
"pump, 40W",unit,market,energy/Heat/Solar/Market/Infrastructure,1
"pump, 40W",unit,transformation,energy/Heat/Solar/Transformation/Infrastructure,2
"purge gas, rich in sodium nitrate",kilogram,market,material/Chemicals/Others/Market,1
"purge gas, rich in sodium nitrate",kilogram,market,material/Others/Obsolete,1
"purge gas, rich in sodium nitrate",kilogram,transformation,material/Chemicals/Others/Transformation,1
purified terephthalic acid,kilogram,market,material/Chemicals/Acids (organic)/Market,1
purified terephthalic acid,kilogram,transformation,material/Chemicals/Acids (organic)/Transformation,3
"purse seiner maintenance, steel",kilogram,market,processing/Agricultural/Market,1
"purse seiner maintenance, steel",kilogram,transformation,processing/Agricultural/Transformation,2
"purse seiner maintenance, wood",kilogram,market,processing/Agricultural/Market,1
"purse seiner maintenance, wood",kilogram,transformation,processing/Agricultural/Transformation,2
"purse seiner, steel",kilogram,market,material/Agricultural/Animal production/Fish/Market/Infrastructure,1
"purse seiner, steel",kilogram,transformation,material/Agricultural/Animal production/Fish/Transformation/Infrastructure,2
"purse seiner, wood",kilogram,market,material/Agricultural/Animal production/Fish/Market/Infrastructure,1
"purse seiner, wood",kilogram,transformation,material/Agricultural/Animal production/Fish/Transformation/Infrastructure,2
PVC (waste treatment),kilogram,transformation,waste treatment/Recycling/Transformation,1
pyrazole,kilogram,market,material/Chemicals/Organic/Market,1
pyrazole,kilogram,transformation,material/Chemicals/Organic/Transformation,2
pyrethroid-compound,kilogram,market,material/Chemicals/Pesticides/Market,1
pyrethroid-compound,kilogram,transformation,material/Chemicals/Pesticides/Transformation,2
pyridazine-compound,kilogram,market,material/Chemicals/Pesticides/Market,1
pyridazine-compound,kilogram,transformation,material/Chemicals/Pesticides/Transformation,2
pyridine,kilogram,market,material/Chemicals/Organic/Market,1
pyridine,kilogram,transformation,material/Chemicals/Organic/Transformation,2
pyridine-compound,kilogram,market,material/Chemicals/Pesticides/Market,1
pyridine-compound,kilogram,transformation,material/Chemicals/Pesticides/Transformation,2
pyrite ash,kilogram,market,waste treatment/Others/Market,1
pyrite ash,kilogram,transformation,waste treatment/Construction waste/Transformation,4
pyrochlore concentrate,kilogram,market,material/Metals/Non ferro/Market,1
pyrochlore concentrate,kilogram,transformation,material/Metals/Non ferro/Transformation,3
"quicklime, in pieces, loose",kilogram,market,material/Chemicals/Inorganic/Market,2
"quicklime, in pieces, loose",kilogram,market,material/Others/Obsolete,1
"quicklime, in pieces, loose",kilogram,transformation,material/Chemicals/Inorganic/Transformation,3
"quicklime, milled, loose",kilogram,market,material/Chemicals/Inorganic/Market,2
"quicklime, milled, loose",kilogram,market,material/Others/Obsolete,1
"quicklime, milled, loose",kilogram,transformation,material/Chemicals/Inorganic/Transformation,4
"quicklime, milled, packed",kilogram,market,material/Chemicals/Inorganic/Market,2
"quicklime, milled, packed",kilogram,market,material/Others/Obsolete,1
"quicklime, milled, packed",kilogram,transformation,material/Chemicals/Inorganic/Transformation,2
radish,kilogram,market,material/Agricultural/Plant production/Roots and tubers/Market,1
radish,kilogram,transformation,material/Agricultural/Plant production/Roots and tubers/Transformation,1
railway track,meter-year,market,transport/Others/Obsolete,2
railway track,meter-year,market,transport/Rail/Market/Infrastructure,1
railway track,meter-year,transformation,transport/Rail/Transformation/Infrastructure,2
"railway track, for high-speed train",meter-year,market,transport/Rail/Market/Infrastructure,1
"railway track, for high-speed train",meter-year,transformation,transport/Rail/Transformation/Infrastructure,2
rainwater mineral oil storage,cubic meter,market,waste treatment/Others/Obsolete,1
rainwater mineral oil storage,cubic meter,market,waste treatment/Wastewater treatment/Market,3
rainwater mineral oil storage,cubic meter,transformation,waste treatment/Wastewater treatment/Transformation,3
rape meal,kilogram,market,material/Agricultural/Animal feed/Market,1
rape meal,kilogram,transformation,material/Agricultural/Animal feed/Transformation,3
"rape oil, crude",kilogram,market,material/Agricultural/Plant oils/Market,2
"rape oil, crude",kilogram,transformation,material/Agricultural/Plant oils/Transformation,3
rape seed,kilogram,market,material/Agricultural/Plant seeds/Market,1
rape seed,kilogram,transformation,material/Agricultural/Plant seeds/Transformation,6
"rape seed, for sowing",kilogram,market,material/Agricultural/Plant seeds/Market,2
"rape seed, for sowing",kilogram,market,material/Others/Obsolete,1
"rape seed, for sowing",kilogram,transformation,material/Agricultural/Plant seeds/Transformation,2
"rape seed, organic",kilogram,market,material/Agricultural/Plant seeds/Market,1
"rape seed, organic",kilogram,transformation,material/Agricultural/Plant seeds/Transformation,2
"rape seed, organic, for sowing",kilogram,market,material/Agricultural/Plant seeds/Market,1
"rape seed, organic, for sowing",kilogram,transformation,material/Agricultural/Plant seeds/Transformation,2
"rape seed, Swiss integrated production",kilogram,market,material/Agricultural/Plant seeds/Market,1
"rape seed, Swiss integrated production",kilogram,transformation,material/Agricultural/Plant seeds/Transformation,2
rare earth carbonate concentrate,kilogram,market,material/Chemicals/Inorganic/Market,1
rare earth carbonate concentrate,kilogram,transformation,material/Chemicals/Inorganic/Transformation,2
"rare earth concentrate, 70% REO, from bastnasite",kilogram,market,material/Others/Obsolete,1
"rare earth concentrate, 70% REO, from bastnasite",kilogram,transformation,material/Others/Obsolete,2
"rare earth oxide concentrate, 50% REO",kilogram,market,material/Chemicals/Inorganic/Market,1
"rare earth oxide concentrate, 50% REO",kilogram,transformation,material/Chemicals/Inorganic/Transformation,2
"rare earth oxide concentrate, 70% REO",kilogram,market,material/Chemicals/Inorganic/Market,1
"rare earth oxide concentrate, 70% REO",kilogram,transformation,material/Chemicals/Inorganic/Transformation,1
"rare earth tailings, from bastnaesite and monazite ore",kilogram,market,material/Chemicals/Inorganic/Market,1
"rare earth tailings, from bastnaesite and monazite ore",kilogram,market,waste treatment/Others/Obsolete,1
"rare earth tailings, from bastnaesite and monazite ore",kilogram,transformation,material/Chemicals/Inorganic/Transformation,1
"rare earth tailings, from bastnaesite and monazite ore",kilogram,transformation,waste treatment/Others/Obsolete,1
raw sewage sludge,kilogram,market,waste treatment/Others/Market,2
raw sewage sludge,kilogram,market,waste treatment/Others/Obsolete,1
raw sewage sludge,kilogram,transformation,waste treatment/Incineration/Municipal incineration/Transformation,2
raw sewage sludge,kilogram,transformation,waste treatment/Others/Transformation,3
"receiver system, solar tower power plant, 20 MW",unit,market,energy/Electricity by fuel/Photovoltaic/Market/Infrastructure,1
"receiver system, solar tower power plant, 20 MW",unit,transformation,energy/Electricity by fuel/Photovoltaic/Transformation/Infrastructure,2
"recultivation, bauxite mine",square meter,market,processing/Land transformation/Market,1
"recultivation, bauxite mine",square meter,transformation,processing/Land transformation/Transformation,1
"recultivation, bentonite mine",square meter,market,processing/Land transformation/Market,1
"recultivation, bentonite mine",square meter,transformation,processing/Land transformation/Transformation,2
"recultivation, dolomite mine",square meter,market,processing/Land transformation/Market,1
"recultivation, dolomite mine",square meter,transformation,processing/Land transformation/Transformation,2
"recultivation, ilmenite mine",square meter,market,processing/Land transformation/Market,1
"recultivation, ilmenite mine",square meter,transformation,processing/Land transformation/Transformation,1
"recultivation, iron mine",square meter,market,processing/Land transformation/Market,1
"recultivation, iron mine",square meter,transformation,processing/Land transformation/Transformation,1
"recultivation, limestone mine",square meter,market,processing/Land transformation/Market,1
"recultivation, limestone mine",square meter,transformation,processing/Land transformation/Transformation,2
"recultivation, potash salt mine",square meter,market,processing/Land transformation/Market,1
"recultivation, potash salt mine",square meter,transformation,processing/Land transformation/Transformation,2
"recultivation, shale quarry",square meter,market,processing/Land transformation/Market,1
"recultivation, shale quarry",square meter,transformation,processing/Land transformation/Transformation,1
red kidney bean,kilogram,market,material/Agricultural/Plant production/Legumes/Market,1
red kidney bean,kilogram,transformation,material/Agricultural/Plant production/Legumes/Transformation,3
"red kidney bean seed, for sowing",kilogram,market,material/Agricultural/Plant seeds/Market,1
"red kidney bean seed, for sowing",kilogram,transformation,material/Agricultural/Plant seeds/Transformation,1
"red meat, live weight",kilogram,market,material/Agricultural/Food/Market,1
"red meat, live weight",kilogram,transformation,material/Agricultural/Animal production/Bovine/Market,1
"red meat, live weight",kilogram,transformation,material/Agricultural/Food/Market,1
redmud from bauxite digestion,kilogram,market,waste treatment/Others/Market,1
redmud from bauxite digestion,kilogram,transformation,waste treatment/Landfill/Residual material landfill/Transformation,2
"reefer, intermodal shipping container, 40-foot, high-cube, carbon dioxide, liquid as refrigerant",unit,market,transport/Intermodal/Market/Infrastructure,1
"reefer, intermodal shipping container, 40-foot, high-cube, carbon dioxide, liquid as refrigerant",unit,transformation,transport/Intermodal/Transformation/Infrastructure,1
"reefer, intermodal shipping container, 40-foot, high-cube, R134a as refrigerant",unit,market,transport/Intermodal/Market/Infrastructure,1
"reefer, intermodal shipping container, 40-foot, high-cube, R134a as refrigerant",unit,transformation,transport/Intermodal/Transformation/Infrastructure,1
reeled raw silk hank,kilogram,market,material/Chemicals/Others/Market,1
reeled raw silk hank,kilogram,transformation,material/Chemicals/Others/Transformation,2
refinery gas,kilogram,market,material/Fuels/Natural gas/Market,1
refinery gas,kilogram,transformation,material/Fuels/Natural gas/Transformation,8
refinery sludge,kilogram,market,waste treatment/Others/Market,3
refinery sludge,kilogram,market,waste treatment/Others/Obsolete,1
refinery sludge,kilogram,transformation,waste treatment/Incineration/Hazardous waste incineration/Transformation,6
refinery sludge,kilogram,transformation,waste treatment/Landfarming/Transformation,3
refinery sludge,kilogram,transformation,waste treatment/Landfill/Sanitary landfill/Transformation,3
reformate,kilogram,market,material/Chemicals/Organic/Market,1
reformate,kilogram,transformation,material/Chemicals/Others/Transformation,7
"refractory material, acid",kilogram,market,material/Chemicals/Others/Market,1
"refractory material, acid",kilogram,transformation,material/Chemicals/Inorganic/Market,2
"refractory material, acid",kilogram,transformation,material/Construction/Bricks/Market,1
refractory spent pot liner from Al electrolysis,kilogram,market,waste treatment/Others/Market,1
refractory spent pot liner from Al electrolysis,kilogram,transformation,waste treatment/Landfill/Residual material landfill/Transformation,2
"refractory, basic, packed",kilogram,market,material/Construction/Bricks/Market,1
"refractory, basic, packed",kilogram,transformation,material/Construction/Bricks/Transformation,2
"refractory, fireclay, packed",kilogram,market,material/Construction/Bricks/Market,1
"refractory, fireclay, packed",kilogram,transformation,material/Construction/Bricks/Transformation,2
"refractory, high aluminium oxide, packed",kilogram,market,material/Construction/Bricks/Market,1
"refractory, high aluminium oxide, packed",kilogram,transformation,material/Construction/Bricks/Transformation,2
refrigerant R134a,kilogram,market,material/Chemicals/Organic/Market,1
refrigerant R134a,kilogram,transformation,material/Chemicals/Organic/Transformation,3
"refrigeration machine, carbon dioxide, liquid as refrigerant",unit,market,transport/Road/Market/Infrastructure,1
"refrigeration machine, carbon dioxide, liquid as refrigerant",unit,transformation,transport/Intermodal/Transformation/Infrastructure,1
"refrigeration machine, R134a as refrigerant",unit,market,transport/Road/Market/Infrastructure,1
"refrigeration machine, R134a as refrigerant",unit,transformation,transport/Intermodal/Transformation/Infrastructure,1
refrigerator,unit,market,material/Appliances/Market/Infrastructure,1
refrigerator,unit,transformation,material/Appliances/Transformation/Infrastructure,1
reinforcing steel,kilogram,market,material/Metals/Ferro/Market,1
reinforcing steel,kilogram,transformation,material/Metals/Ferro/Transformation,3
reinforcing steel,kilogram,transformation,material/Others/Obsolete,1
"residential sewer grid, 0.087 km",kilometer,market,processing/Waste/Market/Infrastructure,1
"residential sewer grid, 0.087 km",kilometer,transformation,processing/Waste/Transformation/Infrastructure,2
"residual hardwood, wet",cubic meter,market,material/Others/Obsolete,1
"residual hardwood, wet",cubic meter,market,material/Wood/Byproducts/Market,2
"residual hardwood, wet",cubic meter,transformation,material/Others/Obsolete,7
"residual hardwood, wet",cubic meter,transformation,material/Wood/Byproducts/Market,12
residual material landfill,unit,market,processing/Others/Obsolete,2
residual material landfill,unit,market,processing/Waste/Market/Infrastructure,1
residual material landfill,unit,transformation,processing/Waste/Transformation/Infrastructure,2
"residual softwood, wet",cubic meter,market,material/Others/Obsolete,1
"residual softwood, wet",cubic meter,market,material/Wood/Byproducts/Market,2
"residual softwood, wet",cubic meter,transformation,material/Others/Obsolete,8
"residual softwood, wet",cubic meter,transformation,material/Wood/Byproducts/Market,8
"residual softwood, wet",cubic meter,transformation,material/Wood/Byproducts/Transformation,7
"residual wood, dry",cubic meter,market,material/Others/Obsolete,1
"residual wood, dry",cubic meter,market,material/Wood/Byproducts/Market,2
"residual wood, dry",cubic meter,transformation,material/Others/Obsolete,16
"residual wood, dry",cubic meter,transformation,material/Wood/Byproducts/Market,8
"residual wood, dry",cubic meter,transformation,material/Wood/Byproducts/Transformation,26
residue from cooling tower,kilogram,market,waste treatment/Others/Market,2
residue from cooling tower,kilogram,market,waste treatment/Others/Obsolete,1
residue from cooling tower,kilogram,transformation,waste treatment/Landfill/Sanitary landfill/Transformation,2
"residue from mechanical treatment, cathode ray tube display",kilogram,market,waste treatment/Electronics waste/Market,2
"residue from mechanical treatment, cathode ray tube display",kilogram,market,waste treatment/Others/Obsolete,1
"residue from mechanical treatment, cathode ray tube display",kilogram,transformation,waste treatment/Incineration/Municipal incineration/Transformation,3
"residue from mechanical treatment, desktop computer",kilogram,market,waste treatment/Electronics waste/Market,2
"residue from mechanical treatment, desktop computer",kilogram,market,waste treatment/Others/Obsolete,1
"residue from mechanical treatment, desktop computer",kilogram,transformation,waste treatment/Incineration/Municipal incineration/Transformation,3
"residue from mechanical treatment, industrial device",kilogram,market,waste treatment/Electronics waste/Market,2
"residue from mechanical treatment, industrial device",kilogram,market,waste treatment/Others/Obsolete,1
"residue from mechanical treatment, industrial device",kilogram,transformation,waste treatment/Incineration/Municipal incineration/Transformation,3
"residue from mechanical treatment, IT accessory",kilogram,market,waste treatment/Electronics waste/Market,2
"residue from mechanical treatment, IT accessory",kilogram,market,waste treatment/Others/Obsolete,1
"residue from mechanical treatment, IT accessory",kilogram,transformation,waste treatment/Incineration/Municipal incineration/Transformation,3
"residue from mechanical treatment, laptop computer",kilogram,market,waste treatment/Electronics waste/Market,2
"residue from mechanical treatment, laptop computer",kilogram,market,waste treatment/Others/Obsolete,1
"residue from mechanical treatment, laptop computer",kilogram,transformation,waste treatment/Incineration/Municipal incineration/Transformation,3
"residue from mechanical treatment, laser printer",kilogram,market,waste treatment/Electronics waste/Market,2
"residue from mechanical treatment, laser printer",kilogram,market,waste treatment/Others/Obsolete,1
"residue from mechanical treatment, laser printer",kilogram,transformation,waste treatment/Incineration/Municipal incineration/Transformation,3
"residue from mechanical treatment, liquid crystal display",kilogram,market,waste treatment/Electronics waste/Market,2
"residue from mechanical treatment, liquid crystal display",kilogram,market,waste treatment/Others/Obsolete,1
"residue from mechanical treatment, liquid crystal display",kilogram,transformation,waste treatment/Incineration/Municipal incineration/Transformation,3
residue from Na-dichromate production,kilogram,market,waste treatment/Others/Market,1
residue from Na-dichromate production,kilogram,transformation,waste treatment/Landfill/Residual material landfill/Transformation,2
"residue from rutile production, synthetic, 56% water",kilogram,market,waste treatment/Others/Market,1
"residue from rutile production, synthetic, 56% water",kilogram,transformation,waste treatment/Landfill/Residual material landfill/Transformation,1
residue from shredder fraction from manual dismantling,kilogram,market,waste treatment/Others/Market,2
residue from shredder fraction from manual dismantling,kilogram,market,waste treatment/Others/Obsolete,1
residue from shredder fraction from manual dismantling,kilogram,transformation,waste treatment/Incineration/Municipal incineration/Transformation,3
"residue from TiO2 production, chloride process",kilogram,market,waste treatment/Others/Market,1
"residue from TiO2 production, chloride process",kilogram,transformation,waste treatment/Landfill/Residual material landfill/Transformation,2
"residue from TiO2 production, sulfate process",kilogram,market,waste treatment/Others/Market,1
"residue from TiO2 production, sulfate process",kilogram,transformation,waste treatment/Landfill/Residual material landfill/Transformation,2
"residues, MSWI-WWT, condensate from light oil boiler",kilogram,market,waste treatment/Others/Market,1
"residues, MSWI-WWT, condensate from light oil boiler",kilogram,transformation,waste treatment/Landfill/Residual material landfill/Transformation,1
"residues, MSWI-WWT, heat carrier liquid, 40% C3H8O2",kilogram,market,waste treatment/Others/Market,1
"residues, MSWI-WWT, heat carrier liquid, 40% C3H8O2",kilogram,transformation,waste treatment/Landfill/Residual material landfill/Transformation,1
"residues, MSWI-WWT, rainwater mineral oil storage",kilogram,market,waste treatment/Others/Market,2
"residues, MSWI-WWT, rainwater mineral oil storage",kilogram,transformation,waste treatment/Landfill/Residual material landfill/Transformation,2
"residues, MSWI-WWT, WW from ammonium paratungstate production",kilogram,market,waste treatment/Others/Market,2
"residues, MSWI-WWT, WW from ammonium paratungstate production",kilogram,transformation,waste treatment/Landfill/Residual material landfill/Transformation,2
"residues, MSWI-WWT, WW from black chrome coating",kilogram,market,waste treatment/Others/Market,1
"residues, MSWI-WWT, WW from black chrome coating",kilogram,transformation,waste treatment/Landfill/Residual material landfill/Transformation,1
"residues, MSWI-WWT, WW from ceramic production",kilogram,market,waste treatment/Others/Market,1
"residues, MSWI-WWT, WW from ceramic production",kilogram,transformation,waste treatment/Landfill/Residual material landfill/Transformation,1
"residues, MSWI-WWT, WW from concrete production",kilogram,market,waste treatment/Others/Market,1
"residues, MSWI-WWT, WW from concrete production",kilogram,transformation,waste treatment/Landfill/Residual material landfill/Transformation,1
"residues, MSWI-WWT, WW from CRT production",kilogram,market,waste treatment/Others/Market,1
"residues, MSWI-WWT, WW from CRT production",kilogram,transformation,waste treatment/Landfill/Residual material landfill/Transformation,1
"residues, MSWI-WWT, WW from GGBFS production",kilogram,market,waste treatment/Others/Market,2
"residues, MSWI-WWT, WW from GGBFS production",kilogram,transformation,waste treatment/Landfill/Residual material landfill/Transformation,2
"residues, MSWI-WWT, WW from glass production",kilogram,market,waste treatment/Others/Market,1
"residues, MSWI-WWT, WW from glass production",kilogram,transformation,waste treatment/Landfill/Residual material landfill/Transformation,1
"residues, MSWI-WWT, WW from grass refinery",kilogram,market,waste treatment/Others/Market,1
"residues, MSWI-WWT, WW from grass refinery",kilogram,transformation,waste treatment/Landfill/Residual material landfill/Transformation,1
"residues, MSWI-WWT, WW from hard fibreboard production",kilogram,market,waste treatment/Others/Market,2
"residues, MSWI-WWT, WW from hard fibreboard production",kilogram,transformation,waste treatment/Landfill/Residual material landfill/Transformation,2
"residues, MSWI-WWT, WW from LCD backlight production",kilogram,market,waste treatment/Others/Market,1
"residues, MSWI-WWT, WW from LCD backlight production",kilogram,transformation,waste treatment/Landfill/Residual material landfill/Transformation,1
"residues, MSWI-WWT, WW from LCD production",kilogram,market,waste treatment/Others/Market,1
"residues, MSWI-WWT, WW from LCD production",kilogram,transformation,waste treatment/Landfill/Residual material landfill/Transformation,1
"residues, MSWI-WWT, WW from liquid crystal production",kilogram,market,waste treatment/Others/Market,1
"residues, MSWI-WWT, WW from liquid crystal production",kilogram,transformation,waste treatment/Landfill/Residual material landfill/Transformation,1
"residues, MSWI-WWT, WW from maize starch production",kilogram,market,waste treatment/Others/Market,1
"residues, MSWI-WWT, WW from maize starch production",kilogram,transformation,waste treatment/Landfill/Residual material landfill/Transformation,1
"residues, MSWI-WWT, WW from medium density board production",kilogram,market,waste treatment/Others/Market,2
"residues, MSWI-WWT, WW from medium density board production",kilogram,transformation,waste treatment/Landfill/Residual material landfill/Transformation,2
"residues, MSWI-WWT, WW from particle board production",kilogram,market,waste treatment/Others/Market,2
"residues, MSWI-WWT, WW from particle board production",kilogram,transformation,waste treatment/Landfill/Residual material landfill/Transformation,2
"residues, MSWI-WWT, WW from pig iron production",kilogram,market,waste treatment/Others/Market,2
"residues, MSWI-WWT, WW from pig iron production",kilogram,transformation,waste treatment/Landfill/Residual material landfill/Transformation,2
"residues, MSWI-WWT, WW from plywood production",kilogram,market,waste treatment/Others/Market,1
"residues, MSWI-WWT, WW from plywood production",kilogram,transformation,waste treatment/Landfill/Residual material landfill/Transformation,1
"residues, MSWI-WWT, WW from potato starch production",kilogram,market,waste treatment/Others/Market,1
"residues, MSWI-WWT, WW from potato starch production",kilogram,transformation,waste treatment/Landfill/Residual material landfill/Transformation,1
"residues, MSWI-WWT, WW from PV cell production",kilogram,market,waste treatment/Others/Market,1
"residues, MSWI-WWT, WW from PV cell production",kilogram,transformation,waste treatment/Landfill/Residual material landfill/Transformation,1
"residues, MSWI-WWT, WW from soft fibreboard production",kilogram,market,waste treatment/Others/Market,1
"residues, MSWI-WWT, WW from soft fibreboard production",kilogram,transformation,waste treatment/Landfill/Residual material landfill/Transformation,1
"residues, MSWI-WWT, WW from tube collector production",kilogram,market,waste treatment/Others/Market,1
"residues, MSWI-WWT, WW from tube collector production",kilogram,transformation,waste treatment/Landfill/Residual material landfill/Transformation,1
"residues, MSWI-WWT, WW from vegetable oil refinery",kilogram,market,waste treatment/Others/Market,1
"residues, MSWI-WWT, WW from vegetable oil refinery",kilogram,transformation,waste treatment/Landfill/Residual material landfill/Transformation,1
"residues, MSWI-WWT, WW from wafer fabrication",kilogram,market,waste treatment/Others/Market,1
"residues, MSWI-WWT, WW from wafer fabrication",kilogram,transformation,waste treatment/Landfill/Residual material landfill/Transformation,1
"residues, MSWI-WWT, WW, average",kilogram,market,waste treatment/Others/Market,2
"residues, MSWI-WWT, WW, average",kilogram,transformation,waste treatment/Landfill/Residual material landfill/Transformation,2
"residues, MSWI-WWT[R], WW from anaerobic digestion of whey",kilogram,market,waste treatment/Others/Market,1
"residues, MSWI-WWT[R], WW from anaerobic digestion of whey",kilogram,transformation,waste treatment/Landfill/Residual material landfill/Transformation,1
"residues, MSWI-WWT[U], WW from lorry production",kilogram,market,waste treatment/Others/Market,1
"residues, MSWI-WWT[U], WW from lorry production",kilogram,transformation,waste treatment/Landfill/Residual material landfill/Transformation,1
"residues, MSWI[F]-WWT, condensate from light oil boiler",kilogram,market,waste treatment/Others/Market,1
"residues, MSWI[F]-WWT, condensate from light oil boiler",kilogram,transformation,waste treatment/Landfill/Residual material landfill/Transformation,1
"residues, MSWI[F]-WWT, heat carrier liquid, 40% C3H8O2",kilogram,market,waste treatment/Others/Market,1
"residues, MSWI[F]-WWT, heat carrier liquid, 40% C3H8O2",kilogram,transformation,waste treatment/Landfill/Residual material landfill/Transformation,1
"residues, MSWI[F]-WWT, rainwater mineral oil storage",kilogram,market,waste treatment/Others/Market,1
"residues, MSWI[F]-WWT, rainwater mineral oil storage",kilogram,transformation,waste treatment/Landfill/Residual material landfill/Transformation,1
"residues, MSWI[F]-WWT, WW from black chrome coating",kilogram,market,waste treatment/Others/Market,1
"residues, MSWI[F]-WWT, WW from black chrome coating",kilogram,transformation,waste treatment/Landfill/Residual material landfill/Transformation,1
"residues, MSWI[F]-WWT, WW from ceramic production",kilogram,market,waste treatment/Others/Market,1
"residues, MSWI[F]-WWT, WW from ceramic production",kilogram,transformation,waste treatment/Landfill/Residual material landfill/Transformation,1
"residues, MSWI[F]-WWT, WW from concrete production",kilogram,market,waste treatment/Others/Market,1
"residues, MSWI[F]-WWT, WW from concrete production",kilogram,transformation,waste treatment/Landfill/Residual material landfill/Transformation,1
"residues, MSWI[F]-WWT, WW from CRT production",kilogram,market,waste treatment/Others/Market,1
"residues, MSWI[F]-WWT, WW from CRT production",kilogram,transformation,waste treatment/Landfill/Residual material landfill/Transformation,1
"residues, MSWI[F]-WWT, WW from glass production",kilogram,market,waste treatment/Others/Market,1
"residues, MSWI[F]-WWT, WW from glass production",kilogram,transformation,waste treatment/Landfill/Residual material landfill/Transformation,1
"residues, MSWI[F]-WWT, WW from grass refinery",kilogram,market,waste treatment/Others/Market,1
"residues, MSWI[F]-WWT, WW from grass refinery",kilogram,transformation,waste treatment/Landfill/Residual material landfill/Transformation,1
"residues, MSWI[F]-WWT, WW from LCD backlight production",kilogram,market,waste treatment/Others/Market,1
"residues, MSWI[F]-WWT, WW from LCD backlight production",kilogram,transformation,waste treatment/Landfill/Residual material landfill/Transformation,1
"residues, MSWI[F]-WWT, WW from LCD production",kilogram,market,waste treatment/Others/Market,1
"residues, MSWI[F]-WWT, WW from LCD production",kilogram,transformation,waste treatment/Landfill/Residual material landfill/Transformation,1
"residues, MSWI[F]-WWT, WW from liquid crystal production",kilogram,market,waste treatment/Others/Market,1
"residues, MSWI[F]-WWT, WW from liquid crystal production",kilogram,transformation,waste treatment/Landfill/Residual material landfill/Transformation,1
"residues, MSWI[F]-WWT, WW from maize starch production",kilogram,market,waste treatment/Others/Market,1
"residues, MSWI[F]-WWT, WW from maize starch production",kilogram,transformation,waste treatment/Landfill/Residual material landfill/Transformation,1
"residues, MSWI[F]-WWT, WW from pig iron production",kilogram,market,waste treatment/Others/Market,1
"residues, MSWI[F]-WWT, WW from pig iron production",kilogram,transformation,waste treatment/Landfill/Residual material landfill/Transformation,1
"residues, MSWI[F]-WWT, WW from plywood production",kilogram,market,waste treatment/Others/Market,1
"residues, MSWI[F]-WWT, WW from plywood production",kilogram,transformation,waste treatment/Landfill/Residual material landfill/Transformation,1
"residues, MSWI[F]-WWT, WW from potato starch production",kilogram,market,waste treatment/Others/Market,1
"residues, MSWI[F]-WWT, WW from potato starch production",kilogram,transformation,waste treatment/Landfill/Residual material landfill/Transformation,1
"residues, MSWI[F]-WWT, WW from PV cell production",kilogram,market,waste treatment/Others/Market,1
"residues, MSWI[F]-WWT, WW from PV cell production",kilogram,transformation,waste treatment/Landfill/Residual material landfill/Transformation,1
"residues, MSWI[F]-WWT, WW from soft fibreboard production",kilogram,market,waste treatment/Others/Market,1
"residues, MSWI[F]-WWT, WW from soft fibreboard production",kilogram,transformation,waste treatment/Landfill/Residual material landfill/Transformation,1
"residues, MSWI[F]-WWT, WW from tube collector production",kilogram,market,waste treatment/Others/Market,1
"residues, MSWI[F]-WWT, WW from tube collector production",kilogram,transformation,waste treatment/Landfill/Residual material landfill/Transformation,1
"residues, MSWI[F]-WWT, WW from wafer fabrication",kilogram,market,waste treatment/Others/Market,1
"residues, MSWI[F]-WWT, WW from wafer fabrication",kilogram,transformation,waste treatment/Landfill/Residual material landfill/Transformation,1
"residues, MSWI[F]-WWT, WW, average",kilogram,market,waste treatment/Others/Market,1
"residues, MSWI[F]-WWT, WW, average",kilogram,transformation,waste treatment/Landfill/Residual material landfill/Transformation,1
"residues, MSWI[F]-WWT[R], WW from anaerobic digestion of whey",kilogram,market,waste treatment/Others/Market,1
"residues, MSWI[F]-WWT[R], WW from anaerobic digestion of whey",kilogram,transformation,waste treatment/Landfill/Residual material landfill/Transformation,1
"residues, MSWI[F]-WWT[U], WW from lorry production",kilogram,market,waste treatment/Others/Market,1
"residues, MSWI[F]-WWT[U], WW from lorry production",kilogram,transformation,waste treatment/Landfill/Residual material landfill/Transformation,1
"resistor, auxilliaries and energy use",kilogram,market,material/Electronics/Component/Market,1
"resistor, auxilliaries and energy use",kilogram,transformation,material/Electronics/Component/Transformation,1
"resistor, metal film type, through-hole mounting",kilogram,market,material/Electronics/Component/Market,1
"resistor, metal film type, through-hole mounting",kilogram,transformation,material/Electronics/Component/Transformation,1
"resistor, surface-mounted",kilogram,market,material/Electronics/Component/Market,1
"resistor, surface-mounted",kilogram,transformation,material/Electronics/Component/Transformation,1
"resistor, wirewound, through-hole mounting",kilogram,market,material/Electronics/Component/Market,1
"resistor, wirewound, through-hole mounting",kilogram,transformation,material/Electronics/Component/Transformation,1
resorcinol,kilogram,market,material/Chemicals/Organic/Market,1
resorcinol,kilogram,transformation,material/Chemicals/Organic/Transformation,3
"retention aid, for paper production",kilogram,market,material/Chemicals/Others/Market,2
"retention aid, for paper production",kilogram,market,material/Others/Obsolete,1
"retention aid, for paper production",kilogram,transformation,material/Chemicals/Others/Transformation,2
rhodium,kilogram,market,material/Metals/Non ferro/Market,1
rhodium,kilogram,transformation,material/Metals/Non ferro/Transformation,4
"rice seed, for sowing",kilogram,market,material/Agricultural/Plant seeds/Market,1
"rice seed, for sowing",kilogram,transformation,material/Agricultural/Plant seeds/Transformation,2
"rice, basmati",kilogram,market,material/Agricultural/Plant production/Cereals/Market,1
"rice, basmati",kilogram,transformation,material/Agricultural/Plant production/Cereals/Transformation,2
"rice, non-basmati",kilogram,market,material/Agricultural/Plant production/Cereals/Market,1
"rice, non-basmati",kilogram,transformation,material/Agricultural/Plant production/Cereals/Transformation,4
road,meter-year,market,transport/Others/Obsolete,2
road,meter-year,market,transport/Road/Market/Infrastructure,1
road,meter-year,transformation,transport/Road/Transformation/Infrastructure,2
road maintenance,meter-year,market,processing/Others/Obsolete,1
road maintenance,meter-year,market,transport/Road/Market/Infrastructure,2
road maintenance,meter-year,transformation,transport/Road/Transformation/Infrastructure,3
road vehicle factory,unit,market,transport/Road/Market/Infrastructure,1
road vehicle factory,unit,transformation,transport/Road/Transformation/Infrastructure,2
"road wear emissions, lorry",kilogram,market,waste treatment/Transport/Market,1
"road wear emissions, lorry",kilogram,transformation,waste treatment/Transport/Transformation,2
"road wear emissions, passenger car",kilogram,market,waste treatment/Transport/Market,1
"road wear emissions, passenger car",kilogram,transformation,waste treatment/Transport/Transformation,2
"road, company, internal",square meter-year,market,transport/Road/Market/Infrastructure,1
"road, company, internal",square meter-year,transformation,transport/Road/Transformation/Infrastructure,2
rock crushing,kilogram,market,processing/Others/Market,1
rock crushing,kilogram,transformation,processing/Others/Transformation,2
rock wool,kilogram,market,material/Others/Obsolete,1
rock wool,kilogram,transformation,material/Others/Obsolete,2
rock wool factory,unit,market,material/Others/Obsolete,1
rock wool factory,unit,transformation,material/Others/Obsolete,2
"rock wool, packed",kilogram,market,material/Others/Obsolete,1
"rock wool, packed",kilogram,transformation,material/Others/Obsolete,2
rolling mill,unit,market,processing/Metals/Metal working/Market/Infrastructure,1
rolling mill,unit,transformation,processing/Metals/Metal working/Transformation/Infrastructure,2
roof tile,kilogram,market,material/Construction/Coverings/Market,1
roof tile,kilogram,transformation,material/Construction/Coverings/Transformation,2
"room-connecting overflow element, steel, approx. 40 m3/h",unit,market,material/Construction/Ventilation/Market,1
"room-connecting overflow element, steel, approx. 40 m3/h",unit,transformation,material/Construction/Ventilation/Transformation,2
"rosin size, for paper production",kilogram,market,material/Chemicals/Others/Market,2
"rosin size, for paper production",kilogram,market,material/Others/Obsolete,1
"rosin size, for paper production",kilogram,transformation,material/Chemicals/Others/Transformation,3
roundwood,cubic meter,market,material/Others/Obsolete,1
roundwood,cubic meter,transformation,material/Others/Obsolete,3
"roundwood, azobe from sustainable forest management, CM, debarked",cubic meter,market,material/Others/Obsolete,1
"roundwood, azobe from sustainable forest management, under bark",cubic meter,market,material/Others/Obsolete,1
"roundwood, eucalyptus ssp. from sustainable forest management, under bark",cubic meter,market,material/Others/Obsolete,1
"roundwood, meranti from sustainable forest management, MY, debarked",cubic meter,market,material/Others/Obsolete,1
"roundwood, meranti from sustainable forest management, under bark",cubic meter,market,material/Others/Obsolete,1
"roundwood, parana pine from sustainable forest management, under bark",cubic meter,market,material/Others/Obsolete,2
"router, internet",unit,market,material/Electronics/Devices/Market,1
"router, internet",unit,transformation,material/Electronics/Devices/Transformation,2
"rutile, 95% titanium dioxide",kilogram,market,material/Minerals/Market,1
"rutile, 95% titanium dioxide",kilogram,transformation,material/Minerals/Transformation,5
"rutile, 95% titanium dioxide",kilogram,transformation,material/Others/Obsolete,2
rye grain,kilogram,market,material/Agricultural/Plant production/Cereals/Market,1
rye grain,kilogram,transformation,material/Agricultural/Plant production/Cereals/Transformation,2
"rye grain, feed, organic",kilogram,market,material/Agricultural/Animal feed/Market,1
"rye grain, feed, organic",kilogram,transformation,material/Agricultural/Animal feed/Transformation,2
"rye grain, feed, Swiss integrated production",kilogram,market,material/Agricultural/Animal feed/Market,1
"rye grain, feed, Swiss integrated production",kilogram,transformation,material/Agricultural/Animal feed/Transformation,1
"rye grain, feed, Swiss integrated production",kilogram,transformation,material/Others/Obsolete,1
"rye grain, organic",kilogram,market,material/Agricultural/Plant production/Cereals/Market,1
"rye grain, organic",kilogram,transformation,material/Agricultural/Plant production/Cereals/Transformation,2
"rye grain, Swiss integrated production",kilogram,market,material/Agricultural/Plant production/Cereals/Market,1
"rye grain, Swiss integrated production",kilogram,transformation,material/Agricultural/Plant production/Cereals/Transformation,2
"rye seed, for sowing",kilogram,market,material/Agricultural/Plant seeds/Market,1
"rye seed, for sowing",kilogram,transformation,material/Agricultural/Plant seeds/Transformation,1
"rye seed, organic, for sowing",kilogram,market,material/Agricultural/Plant seeds/Market,1
"rye seed, organic, for sowing",kilogram,transformation,material/Agricultural/Plant seeds/Transformation,2
"rye seed, Swiss integrated production, for sowing",kilogram,market,material/Agricultural/Plant seeds/Market,1
"rye seed, Swiss integrated production, for sowing",kilogram,market,material/Others/Obsolete,1
"rye seed, Swiss integrated production, for sowing",kilogram,transformation,material/Agricultural/Plant seeds/Transformation,1
ryegrass silage,kilogram,market,material/Agricultural/Animal feed/Market,1
ryegrass silage,kilogram,transformation,material/Agricultural/Animal feed/Transformation,4
ryegrass silage,kilogram,transformation,material/Others/Obsolete,4
ryegrass-Egyptian&Persian clover-mixture silage,kilogram,market,material/Agricultural/Animal feed/Market,1
ryegrass-Egyptian&Persian clover-mixture silage,kilogram,transformation,material/Agricultural/Animal feed/Transformation,4
ryegrass-Egyptian&Persian clover-mixture silage,kilogram,transformation,material/Others/Obsolete,4
ryegrass-red&Egyptian clover-mixture silage,kilogram,market,material/Agricultural/Animal feed/Market,1
ryegrass-red&Egyptian clover-mixture silage,kilogram,transformation,material/Agricultural/Animal feed/Transformation,4
ryegrass-red&Egyptian clover-mixture silage,kilogram,transformation,material/Others/Obsolete,4
salicylic acid,kilogram,market,material/Chemicals/Acids (organic)/Market,1
salicylic acid,kilogram,transformation,material/Chemicals/Acids (organic)/Transformation,1
salt,kilogram,market,material/Chemicals/Inorganic/Market,1
salt,kilogram,transformation,material/Chemicals/Inorganic/Transformation,1
salt tailing from potash mine,kilogram,market,waste treatment/Others/Market,1
salt tailing from potash mine,kilogram,transformation,waste treatment/Landfill/Residual material landfill/Transformation,2
"samarium europium gadolinium concentrate, 94% rare earth oxide",kilogram,market,material/Others/Obsolete,1
"samarium europium gadolinium concentrate, 94% rare earth oxide",kilogram,transformation,material/Others/Obsolete,2
samarium oxide,kilogram,market,material/Chemicals/Inorganic/Market,1
samarium oxide,kilogram,transformation,material/Chemicals/Inorganic/Transformation,3
samarium-europium-gadolinium oxide,kilogram,market,material/Chemicals/Inorganic/Market,1
samarium-europium-gadolinium oxide,kilogram,transformation,material/Chemicals/Inorganic/Transformation,1
sand,kilogram,market,material/Minerals/Market,4
sand,kilogram,market,material/Others/Obsolete,1
sand,kilogram,transformation,material/Minerals/Transformation,7
sand-lime brick,kilogram,market,material/Construction/Bricks/Market,1
sand-lime brick,kilogram,transformation,material/Construction/Bricks/Transformation,2
"sanforizing, textile",kilogram,market,processing/Textiles/Market,1
"sanforizing, textile",kilogram,transformation,processing/Textiles/Transformation,1
sanitary ceramics,kilogram,market,material/Construction/Ceramics/Market,1
sanitary ceramics,kilogram,transformation,material/Construction/Ceramics/Transformation,2
sanitary landfill facility,unit,market,processing/Waste/Market/Infrastructure,1
sanitary landfill facility,unit,transformation,processing/Waste/Transformation/Infrastructure,2
"saw dust, wet, measured as dry mass",kilogram,market,material/Others/Obsolete,1
"saw dust, wet, measured as dry mass",kilogram,transformation,material/Others/Obsolete,4
"sawdust, loose, wet, measured as dry mass",kilogram,market,material/Wood/Byproducts/Market,1
"sawdust, loose, wet, measured as dry mass",kilogram,market,waste treatment/Others/Obsolete,1
"sawdust, loose, wet, measured as dry mass",kilogram,transformation,material/Wood/Extraction/Transformation,8
"sawdust, wet, measured as dry mass",kilogram,market,material/Wood/Byproducts/Market,4
"sawdust, wet, measured as dry mass",kilogram,transformation,material/Wood/Byproducts/Transformation,8
"sawlog and veneer log, azobe, debarked, measured as solid wood",cubic meter,market,material/Wood/Extraction/Market,2
"sawlog and veneer log, azobe, debarked, measured as solid wood",cubic meter,transformation,material/Wood/Extraction/Market/Import,1
"sawlog and veneer log, azobe, debarked, measured as solid wood",cubic meter,transformation,material/Wood/Extraction/Transformation,2
"sawlog and veneer log, azobe, measured as solid wood under bark",cubic meter,market,material/Wood/Extraction/Market,2
"sawlog and veneer log, azobe, measured as solid wood under bark",cubic meter,transformation,material/Wood/Extraction/Transformation,2
"sawlog and veneer log, eucalyptus ssp., measured as solid wood under bark",cubic meter,market,material/Wood/Extraction/Market,2
"sawlog and veneer log, eucalyptus ssp., measured as solid wood under bark",cubic meter,transformation,material/Wood/Extraction/Transformation,2
"sawlog and veneer log, hardwood, debarked, measured as solid wood",cubic meter,market,material/Others/Obsolete,2
"sawlog and veneer log, hardwood, debarked, measured as solid wood",cubic meter,transformation,material/Others/Obsolete,2
"sawlog and veneer log, hardwood, measured as solid wood under bark",cubic meter,market,material/Others/Obsolete,1
"sawlog and veneer log, hardwood, measured as solid wood under bark",cubic meter,market,material/Wood/Extraction/Market,3
"sawlog and veneer log, hardwood, measured as solid wood under bark",cubic meter,transformation,material/Others/Obsolete,1
"sawlog and veneer log, hardwood, measured as solid wood under bark",cubic meter,transformation,material/Wood/Extraction/Market/Import,1
"sawlog and veneer log, hardwood, measured as solid wood under bark",cubic meter,transformation,material/Wood/Extraction/Transformation,7
"sawlog and veneer log, meranti, debarked, measured as solid wood",cubic meter,market,material/Wood/Extraction/Market,2
"sawlog and veneer log, meranti, debarked, measured as solid wood",cubic meter,transformation,material/Wood/Extraction/Market/Import,1
"sawlog and veneer log, meranti, debarked, measured as solid wood",cubic meter,transformation,material/Wood/Extraction/Transformation,2
"sawlog and veneer log, meranti, measured as solid wood under bark",cubic meter,market,material/Wood/Extraction/Market,2
"sawlog and veneer log, meranti, measured as solid wood under bark",cubic meter,transformation,material/Wood/Extraction/Transformation,2
"sawlog and veneer log, parana pine, measured as solid wood under bark",cubic meter,market,material/Wood/Extraction/Market,2
"sawlog and veneer log, parana pine, measured as solid wood under bark",cubic meter,transformation,material/Wood/Extraction/Transformation,2
"sawlog and veneer log, softwood, debarked, measured as solid wood",cubic meter,market,material/Wood/Extraction/Market,2
"sawlog and veneer log, softwood, debarked, measured as solid wood",cubic meter,transformation,material/Others/Obsolete,2
"sawlog and veneer log, softwood, debarked, measured as solid wood",cubic meter,transformation,material/Wood/Extraction/Transformation,2
"sawlog and veneer log, softwood, measured as solid wood under bark",cubic meter,market,material/Others/Obsolete,1
"sawlog and veneer log, softwood, measured as solid wood under bark",cubic meter,market,material/Wood/Extraction/Market,4
"sawlog and veneer log, softwood, measured as solid wood under bark",cubic meter,transformation,material/Wood/Extraction/Market/Import,1
"sawlog and veneer log, softwood, measured as solid wood under bark",cubic meter,transformation,material/Wood/Extraction/Transformation,8
sawmill,unit,market,material/Wood/Products/Market/Infrastructure,1
sawmill,unit,transformation,material/Others/Obsolete,1
sawmill,unit,transformation,material/Wood/Products/Transformation/Infrastructure,3
"sawnwood, azobe from sustainable forest management, planed, air dried",cubic meter,market,material/Others/Obsolete,1
"sawnwood, azobe, dried (u=15%), planed",cubic meter,market,material/Wood/Products/Market,2
"sawnwood, azobe, dried (u=15%), planed",cubic meter,transformation,material/Wood/Products/Transformation,2
"sawnwood, beam, hardwood, air dried, planed",cubic meter,market,material/Others/Obsolete,1
"sawnwood, beam, hardwood, air dried, planed",cubic meter,transformation,material/Others/Obsolete,2
"sawnwood, beam, hardwood, dried (u=10%), planed",cubic meter,market,material/Others/Obsolete,1
"sawnwood, beam, hardwood, dried (u=10%), planed",cubic meter,market,material/Wood/Products/Market,3
"sawnwood, beam, hardwood, dried (u=10%), planed",cubic meter,transformation,material/Wood/Products/Transformation,4
"sawnwood, beam, hardwood, dried (u=20%), planed",cubic meter,market,material/Others/Obsolete,1
"sawnwood, beam, hardwood, dried (u=20%), planed",cubic meter,market,material/Wood/Products/Market,3
"sawnwood, beam, hardwood, dried (u=20%), planed",cubic meter,transformation,material/Wood/Products/Transformation,4
"sawnwood, beam, hardwood, kiln dried, planed",cubic meter,market,material/Others/Obsolete,1
"sawnwood, beam, hardwood, kiln dried, planed",cubic meter,transformation,material/Others/Obsolete,2
"sawnwood, beam, hardwood, raw, air dried",cubic meter,market,material/Others/Obsolete,1
"sawnwood, beam, hardwood, raw, air dried",cubic meter,transformation,material/Others/Obsolete,2
"sawnwood, beam, hardwood, raw, dried (u=10%)",cubic meter,market,material/Others/Obsolete,1
"sawnwood, beam, hardwood, raw, dried (u=10%)",cubic meter,market,material/Wood/Products/Market,3
"sawnwood, beam, hardwood, raw, dried (u=10%)",cubic meter,transformation,material/Wood/Products/Transformation,4
"sawnwood, beam, hardwood, raw, dried (u=20%)",cubic meter,market,material/Others/Obsolete,1
"sawnwood, beam, hardwood, raw, dried (u=20%)",cubic meter,market,material/Wood/Products/Market,3
"sawnwood, beam, hardwood, raw, dried (u=20%)",cubic meter,transformation,material/Wood/Products/Transformation,8
"sawnwood, beam, hardwood, raw, kiln dried",cubic meter,market,material/Others/Obsolete,1
"sawnwood, beam, hardwood, raw, kiln dried",cubic meter,transformation,material/Others/Obsolete,2
"sawnwood, beam, softwood, air dried, planed",cubic meter,market,material/Others/Obsolete,1
"sawnwood, beam, softwood, air dried, planed",cubic meter,transformation,material/Others/Obsolete,2
"sawnwood, beam, softwood, dried (u=10%), planed",cubic meter,market,material/Others/Obsolete,1
"sawnwood, beam, softwood, dried (u=10%), planed",cubic meter,market,material/Wood/Products/Market,3
"sawnwood, beam, softwood, dried (u=10%), planed",cubic meter,transformation,material/Wood/Products/Transformation,4
"sawnwood, beam, softwood, dried (u=20%), planed",cubic meter,market,material/Others/Obsolete,1
"sawnwood, beam, softwood, dried (u=20%), planed",cubic meter,market,material/Wood/Products/Market,3
"sawnwood, beam, softwood, dried (u=20%), planed",cubic meter,transformation,material/Wood/Products/Transformation,4
"sawnwood, beam, softwood, kiln dried, planed",cubic meter,market,material/Others/Obsolete,1
"sawnwood, beam, softwood, kiln dried, planed",cubic meter,transformation,material/Others/Obsolete,2
"sawnwood, beam, softwood, raw, air dried",cubic meter,market,material/Others/Obsolete,1
"sawnwood, beam, softwood, raw, air dried",cubic meter,transformation,material/Others/Obsolete,2
"sawnwood, beam, softwood, raw, dried (u=10%)",cubic meter,market,material/Others/Obsolete,1
"sawnwood, beam, softwood, raw, dried (u=10%)",cubic meter,market,material/Wood/Products/Market,3
"sawnwood, beam, softwood, raw, dried (u=10%)",cubic meter,transformation,material/Wood/Products/Transformation,4
"sawnwood, beam, softwood, raw, dried (u=20%)",cubic meter,market,material/Others/Obsolete,1
"sawnwood, beam, softwood, raw, dried (u=20%)",cubic meter,market,material/Wood/Products/Market,3
"sawnwood, beam, softwood, raw, dried (u=20%)",cubic meter,transformation,material/Wood/Products/Transformation,8
"sawnwood, beam, softwood, raw, kiln dried",cubic meter,market,material/Others/Obsolete,1
"sawnwood, beam, softwood, raw, kiln dried",cubic meter,transformation,material/Others/Obsolete,2
"sawnwood, board, hardwood, air dried, planed",cubic meter,market,material/Others/Obsolete,1
"sawnwood, board, hardwood, air dried, planed",cubic meter,transformation,material/Others/Obsolete,2
"sawnwood, board, hardwood, dried (u=10%), planed",cubic meter,market,material/Others/Obsolete,1
"sawnwood, board, hardwood, dried (u=10%), planed",cubic meter,market,material/Wood/Products/Market,3
"sawnwood, board, hardwood, dried (u=10%), planed",cubic meter,transformation,material/Wood/Products/Transformation,4
"sawnwood, board, hardwood, dried (u=20%), planed",cubic meter,market,material/Others/Obsolete,1
"sawnwood, board, hardwood, dried (u=20%), planed",cubic meter,market,material/Wood/Products/Market,3
"sawnwood, board, hardwood, dried (u=20%), planed",cubic meter,transformation,material/Wood/Products/Transformation,4
"sawnwood, board, hardwood, kiln dried, planed",cubic meter,market,material/Others/Obsolete,1
"sawnwood, board, hardwood, kiln dried, planed",cubic meter,transformation,material/Others/Obsolete,2
"sawnwood, board, hardwood, raw, air dried",cubic meter,market,material/Others/Obsolete,1
"sawnwood, board, hardwood, raw, air dried",cubic meter,transformation,material/Others/Obsolete,2
"sawnwood, board, hardwood, raw, dried (u=10%)",cubic meter,market,material/Others/Obsolete,1
"sawnwood, board, hardwood, raw, dried (u=10%)",cubic meter,market,material/Wood/Products/Market,3
"sawnwood, board, hardwood, raw, dried (u=10%)",cubic meter,transformation,material/Wood/Products/Transformation,4
"sawnwood, board, hardwood, raw, dried (u=20%)",cubic meter,market,material/Others/Obsolete,1
"sawnwood, board, hardwood, raw, dried (u=20%)",cubic meter,market,material/Wood/Products/Market,3
"sawnwood, board, hardwood, raw, dried (u=20%)",cubic meter,transformation,material/Wood/Products/Transformation,8
"sawnwood, board, hardwood, raw, kiln dried",cubic meter,market,material/Others/Obsolete,1
"sawnwood, board, hardwood, raw, kiln dried",cubic meter,transformation,material/Others/Obsolete,2
"sawnwood, board, softwood, air dried, planed",cubic meter,market,material/Others/Obsolete,1
"sawnwood, board, softwood, air dried, planed",cubic meter,transformation,material/Others/Obsolete,2
"sawnwood, board, softwood, dried (u=10%), planed",cubic meter,market,material/Others/Obsolete,1
"sawnwood, board, softwood, dried (u=10%), planed",cubic meter,market,material/Wood/Products/Market,3
"sawnwood, board, softwood, dried (u=10%), planed",cubic meter,transformation,material/Wood/Products/Transformation,4
"sawnwood, board, softwood, dried (u=20%), planed",cubic meter,market,material/Others/Obsolete,1
"sawnwood, board, softwood, dried (u=20%), planed",cubic meter,market,material/Wood/Products/Market,3
"sawnwood, board, softwood, dried (u=20%), planed",cubic meter,transformation,material/Wood/Products/Transformation,4
"sawnwood, board, softwood, kiln dried, planed",cubic meter,market,material/Others/Obsolete,1
"sawnwood, board, softwood, kiln dried, planed",cubic meter,transformation,material/Others/Obsolete,2
"sawnwood, board, softwood, raw, air dried",cubic meter,market,material/Others/Obsolete,1
"sawnwood, board, softwood, raw, air dried",cubic meter,transformation,material/Others/Obsolete,2
"sawnwood, board, softwood, raw, dried (u=10%)",cubic meter,market,material/Others/Obsolete,1
"sawnwood, board, softwood, raw, dried (u=10%)",cubic meter,market,material/Wood/Products/Market,3
"sawnwood, board, softwood, raw, dried (u=10%)",cubic meter,transformation,material/Wood/Products/Transformation,4
"sawnwood, board, softwood, raw, dried (u=20%)",cubic meter,market,material/Others/Obsolete,1
"sawnwood, board, softwood, raw, dried (u=20%)",cubic meter,market,material/Wood/Products/Market,3
"sawnwood, board, softwood, raw, dried (u=20%)",cubic meter,transformation,material/Wood/Products/Transformation,8
"sawnwood, board, softwood, raw, kiln dried",cubic meter,market,material/Others/Obsolete,1
"sawnwood, board, softwood, raw, kiln dried",cubic meter,transformation,material/Others/Obsolete,2
"sawnwood, hardwood, air dried, planed",cubic meter,market,material/Others/Obsolete,2
"sawnwood, hardwood, air dried, planed",cubic meter,transformation,material/Others/Obsolete,2
"sawnwood, hardwood, dried (u=10%), planed",cubic meter,market,material/Wood/Products/Market,2
"sawnwood, hardwood, dried (u=10%), planed",cubic meter,transformation,material/Others/Obsolete,1
"sawnwood, hardwood, dried (u=10%), planed",cubic meter,transformation,material/Wood/Products/Transformation,3
"sawnwood, hardwood, dried (u=20%), planed",cubic meter,market,material/Wood/Products/Market,2
"sawnwood, hardwood, dried (u=20%), planed",cubic meter,transformation,material/Others/Obsolete,1
"sawnwood, hardwood, dried (u=20%), planed",cubic meter,transformation,material/Wood/Products/Transformation,3
"sawnwood, hardwood, kiln dried, planed",cubic meter,market,material/Others/Obsolete,2
"sawnwood, hardwood, kiln dried, planed",cubic meter,transformation,material/Others/Obsolete,2
"sawnwood, hardwood, raw",cubic meter,market,material/Wood/Products/Market,1
"sawnwood, hardwood, raw",cubic meter,transformation,material/Wood/Products/Transformation,4
"sawnwood, hardwood, raw, air dried",cubic meter,market,material/Others/Obsolete,2
"sawnwood, hardwood, raw, air dried",cubic meter,transformation,material/Others/Obsolete,2
"sawnwood, hardwood, raw, debarked",cubic meter,market,material/Others/Obsolete,2
"sawnwood, hardwood, raw, debarked",cubic meter,transformation,material/Others/Obsolete,2
"sawnwood, hardwood, raw, dried (u=10%)",cubic meter,market,material/Wood/Products/Market,2
"sawnwood, hardwood, raw, dried (u=10%)",cubic meter,transformation,material/Others/Obsolete,1
"sawnwood, hardwood, raw, dried (u=10%)",cubic meter,transformation,material/Wood/Products/Transformation,3
"sawnwood, hardwood, raw, dried (u=20%)",cubic meter,market,material/Wood/Products/Market,2
"sawnwood, hardwood, raw, dried (u=20%)",cubic meter,transformation,material/Others/Obsolete,1
"sawnwood, hardwood, raw, dried (u=20%)",cubic meter,transformation,material/Wood/Products/Transformation,3
"sawnwood, hardwood, raw, kiln dried",cubic meter,market,material/Others/Obsolete,2
"sawnwood, hardwood, raw, kiln dried",cubic meter,transformation,material/Others/Obsolete,2
"sawnwood, lath, hardwood, dried (u=10%), planed",cubic meter,market,material/Others/Obsolete,1
"sawnwood, lath, hardwood, dried (u=10%), planed",cubic meter,market,material/Wood/Products/Market,3
"sawnwood, lath, hardwood, dried (u=10%), planed",cubic meter,transformation,material/Wood/Products/Transformation,4
"sawnwood, lath, hardwood, dried (u=20%), planed",cubic meter,market,material/Others/Obsolete,1
"sawnwood, lath, hardwood, dried (u=20%), planed",cubic meter,market,material/Wood/Products/Market,3
"sawnwood, lath, hardwood, dried (u=20%), planed",cubic meter,transformation,material/Wood/Products/Transformation,4
"sawnwood, lath, hardwood, raw, air dried",cubic meter,market,material/Others/Obsolete,1
"sawnwood, lath, hardwood, raw, air dried",cubic meter,transformation,material/Others/Obsolete,2
"sawnwood, lath, hardwood, raw, dried (u=10%)",cubic meter,market,material/Others/Obsolete,1
"sawnwood, lath, hardwood, raw, dried (u=10%)",cubic meter,market,material/Wood/Products/Market,3
"sawnwood, lath, hardwood, raw, dried (u=10%)",cubic meter,transformation,material/Wood/Products/Transformation,4
"sawnwood, lath, hardwood, raw, dried (u=20%)",cubic meter,market,material/Others/Obsolete,1
"sawnwood, lath, hardwood, raw, dried (u=20%)",cubic meter,market,material/Wood/Products/Market,3
"sawnwood, lath, hardwood, raw, dried (u=20%)",cubic meter,transformation,material/Wood/Products/Transformation,8
"sawnwood, lath, hardwood, raw, kiln dried",cubic meter,market,material/Others/Obsolete,1
"sawnwood, lath, hardwood, raw, kiln dried",cubic meter,transformation,material/Others/Obsolete,2
"sawnwood, lath, softwood, dried (u=10%), planed",cubic meter,market,material/Others/Obsolete,1
"sawnwood, lath, softwood, dried (u=10%), planed",cubic meter,market,material/Wood/Products/Market,3
"sawnwood, lath, softwood, dried (u=10%), planed",cubic meter,transformation,material/Wood/Products/Transformation,4
"sawnwood, lath, softwood, dried (u=20%), planed",cubic meter,market,material/Others/Obsolete,1
"sawnwood, lath, softwood, dried (u=20%), planed",cubic meter,market,material/Wood/Products/Market,3
"sawnwood, lath, softwood, dried (u=20%), planed",cubic meter,transformation,material/Wood/Products/Transformation,4
"sawnwood, lath, softwood, raw, air dried",cubic meter,market,material/Others/Obsolete,1
"sawnwood, lath, softwood, raw, air dried",cubic meter,transformation,material/Others/Obsolete,2
"sawnwood, lath, softwood, raw, dried (u=10%)",cubic meter,market,material/Others/Obsolete,1
"sawnwood, lath, softwood, raw, dried (u=10%)",cubic meter,market,material/Wood/Products/Market,3
"sawnwood, lath, softwood, raw, dried (u=10%)",cubic meter,transformation,material/Wood/Products/Transformation,4
"sawnwood, lath, softwood, raw, dried (u=20%)",cubic meter,market,material/Others/Obsolete,1
"sawnwood, lath, softwood, raw, dried (u=20%)",cubic meter,market,material/Wood/Products/Market,3
"sawnwood, lath, softwood, raw, dried (u=20%)",cubic meter,transformation,material/Wood/Products/Transformation,8
"sawnwood, lath, softwood, raw, kiln dried",cubic meter,market,material/Others/Obsolete,1
"sawnwood, lath, softwood, raw, kiln dried",cubic meter,transformation,material/Others/Obsolete,2
"sawnwood, parana pine from sustainable forest management, kiln dried",cubic meter,market,material/Others/Obsolete,2
"sawnwood, parana pine from sustainable forest management, kiln dried",cubic meter,transformation,material/Others/Obsolete,1
"sawnwood, parana pine, dried (u=10%)",cubic meter,market,material/Wood/Products/Market,2
"sawnwood, parana pine, dried (u=10%)",cubic meter,transformation,material/Wood/Products/Market/Import,1
"sawnwood, parana pine, dried (u=10%)",cubic meter,transformation,material/Wood/Products/Transformation,2
"sawnwood, softwood, air dried, planed",cubic meter,market,material/Others/Obsolete,2
"sawnwood, softwood, air dried, planed",cubic meter,transformation,material/Others/Obsolete,2
"sawnwood, softwood, dried (u=10%), planed",cubic meter,market,material/Wood/Products/Market,2
"sawnwood, softwood, dried (u=10%), planed",cubic meter,transformation,material/Others/Obsolete,1
"sawnwood, softwood, dried (u=10%), planed",cubic meter,transformation,material/Wood/Products/Transformation,3
"sawnwood, softwood, dried (u=20%), planed",cubic meter,market,material/Wood/Products/Market,2
"sawnwood, softwood, dried (u=20%), planed",cubic meter,transformation,material/Others/Obsolete,1
"sawnwood, softwood, dried (u=20%), planed",cubic meter,transformation,material/Wood/Products/Transformation,3
"sawnwood, softwood, kiln dried, planed",cubic meter,market,material/Others/Obsolete,2
"sawnwood, softwood, kiln dried, planed",cubic meter,transformation,material/Others/Obsolete,2
"sawnwood, softwood, raw",cubic meter,market,material/Wood/Products/Market,1
"sawnwood, softwood, raw",cubic meter,transformation,material/Wood/Products/Transformation,4
"sawnwood, softwood, raw, air dried",cubic meter,market,material/Others/Obsolete,2
"sawnwood, softwood, raw, air dried",cubic meter,transformation,material/Others/Obsolete,2
"sawnwood, softwood, raw, debarked",cubic meter,market,material/Others/Obsolete,1
"sawnwood, softwood, raw, debarked",cubic meter,transformation,material/Others/Obsolete,2
"sawnwood, softwood, raw, dried (u=10%)",cubic meter,market,material/Wood/Products/Market,2
"sawnwood, softwood, raw, dried (u=10%)",cubic meter,transformation,material/Others/Obsolete,1
"sawnwood, softwood, raw, dried (u=10%)",cubic meter,transformation,material/Wood/Products/Transformation,3
"sawnwood, softwood, raw, dried (u=20%)",cubic meter,market,material/Wood/Products/Market,2
"sawnwood, softwood, raw, dried (u=20%)",cubic meter,transformation,material/Others/Obsolete,1
"sawnwood, softwood, raw, dried (u=20%)",cubic meter,transformation,material/Wood/Products/Transformation,3
"sawnwood, softwood, raw, kiln dried",cubic meter,market,material/Others/Obsolete,2
"sawnwood, softwood, raw, kiln dried",cubic meter,transformation,material/Others/Obsolete,2
scandium oxide,kilogram,market,material/Chemicals/Inorganic/Market,1
scandium oxide,kilogram,transformation,material/Chemicals/Inorganic/Transformation,1
scrap aluminium,kilogram,market,waste treatment/Metals/Market,3
scrap aluminium,kilogram,market,waste treatment/Others/Obsolete,1
scrap aluminium,kilogram,transformation,waste treatment/Incineration/Municipal incineration/Transformation,4
scrap copper,kilogram,market,waste treatment/Metals/Market,3
scrap copper,kilogram,market,waste treatment/Others/Obsolete,1
scrap copper,kilogram,transformation,waste treatment/Incineration/Municipal incineration/Transformation,4
scrap lead acid battery,kilogram,market,material/Electronics waste/Market,1
scrap lead acid battery,kilogram,market,waste treatment/Others/Obsolete,1
scrap lead acid battery,kilogram,transformation,material/Chemicals/Inorganic/Transformation,1
scrap preparation facility,unit,market,processing/Waste/Market/Infrastructure,1
scrap preparation facility,unit,transformation,processing/Waste/Transformation/Infrastructure,2
scrap steel,kilogram,market,waste treatment/Metals/Market,3
scrap steel,kilogram,market,waste treatment/Others/Obsolete,1
scrap steel,kilogram,transformation,waste treatment/Incineration/Municipal incineration/Transformation,4
scrap steel,kilogram,transformation,waste treatment/Landfill/Inert material landfill/Transformation,3
scrap steel,kilogram,transformation,waste treatment/Others/Transformation,2
scrap tin sheet,kilogram,market,waste treatment/Metals/Market,2
scrap tin sheet,kilogram,market,waste treatment/Others/Obsolete,1
scrap tin sheet,kilogram,transformation,waste treatment/Incineration/Municipal incineration/Transformation,3
scrap tin sheet,kilogram,transformation,waste treatment/Landfill/Sanitary landfill/Transformation,1
"seal, natural rubber based",kilogram,market,material/Construction/Sealing/Market,1
"seal, natural rubber based",kilogram,transformation,material/Construction/Sealing/Transformation,2
"sealing tape, aluminium/PE, 50 mm wide",meter,market,material/Construction/Sealing/Market,1
"sealing tape, aluminium/PE, 50 mm wide",meter,transformation,material/Construction/Sealing/Transformation,2
seawater reverse osmosis module,square meter,market,material/Water/Industry water/Market/Infrastructure,1
seawater reverse osmosis module,square meter,transformation,material/Water/Industry water/Transformation/Infrastructure,2
"section bar extrusion, aluminium",kilogram,market,processing/Metals/Chipless shaping/Market,1
"section bar extrusion, aluminium",kilogram,transformation,processing/Metals/Chipless shaping/Transformation,2
"section bar rolling, steel",kilogram,market,processing/Metals/Chipless shaping/Market,1
"section bar rolling, steel",kilogram,transformation,processing/Metals/Chipless shaping/Transformation,2
seed-cotton,kilogram,market,material/Textiles/Market,1
seed-cotton,kilogram,transformation,material/Textiles/Transformation,3
"seed-cotton, organic",kilogram,market,material/Textiles/Market,1
"seed-cotton, organic",kilogram,transformation,material/Textiles/Transformation,2
"selective coat, aluminium sheet, nickel pigmented aluminium oxide",square meter,market,processing/Metals/Coating/Market,1
"selective coat, aluminium sheet, nickel pigmented aluminium oxide",square meter,transformation,processing/Metals/Coating/Transformation,2
"selective coat, copper sheet, black chrome",square meter,market,processing/Metals/Coating/Market,1
"selective coat, copper sheet, black chrome",square meter,transformation,processing/Metals/Coating/Transformation,3
"selective coat, copper sheet, black majic",square meter,market,processing/Metals/Coating/Market,1
"selective coat, copper sheet, black majic",square meter,transformation,processing/Metals/Coating/Transformation,3
"selective coat, copper sheet, physical vapour deposition",square meter,market,processing/Metals/Coating/Market,1
"selective coat, copper sheet, physical vapour deposition",square meter,transformation,processing/Metals/Coating/Transformation,3
"selective coat, copper sheet, sputter deposition",square meter,market,processing/Metals/Coating/Market,1
"selective coat, copper sheet, sputter deposition",square meter,transformation,processing/Metals/Coating/Transformation,3
"selective coat, stainless steel sheet, black chrome",square meter,market,processing/Metals/Coating/Market,1
"selective coat, stainless steel sheet, black chrome",square meter,transformation,processing/Metals/Coating/Transformation,2
selenium,kilogram,market,material/Chemicals/Inorganic/Market,1
selenium,kilogram,transformation,material/Chemicals/Inorganic/Transformation,2
selenium,kilogram,transformation,material/Metals/Non ferro/Transformation,1
sesame seed,kilogram,market,material/Agricultural/Plant production/Oil seeds/Market,1
sesame seed,kilogram,transformation,material/Agricultural/Plant production/Oil seeds/Transformation,2
sewage sludge,cubic meter,market,waste treatment/Others/Market,2
sewage sludge,cubic meter,market,waste treatment/Others/Obsolete,1
sewage sludge,cubic meter,transformation,waste treatment/Biowaste/Transformation,2
"sewage sludge, 70% water, WWT, condensate from light oil boiler",kilogram,market,waste treatment/Others/Market,2
"sewage sludge, 70% water, WWT, condensate from light oil boiler",kilogram,transformation,waste treatment/Incineration/Municipal incineration/Transformation,2
"sewage sludge, 70% water, WWT, heat carrier liquid, 40% C3H8O2",kilogram,market,waste treatment/Others/Market,2
"sewage sludge, 70% water, WWT, heat carrier liquid, 40% C3H8O2",kilogram,transformation,waste treatment/Incineration/Municipal incineration/Transformation,2
"sewage sludge, 70% water, WWT, rainwater mineral oil storage",kilogram,market,waste treatment/Others/Market,3
"sewage sludge, 70% water, WWT, rainwater mineral oil storage",kilogram,transformation,waste treatment/Incineration/Municipal incineration/Transformation,3
"sewage sludge, 70% water, WWT, WW from ammonium paratungstate production",kilogram,market,waste treatment/Others/Market,2
"sewage sludge, 70% water, WWT, WW from ammonium paratungstate production",kilogram,transformation,waste treatment/Incineration/Municipal incineration/Transformation,2
"sewage sludge, 70% water, WWT, WW from black chrome coating",kilogram,market,waste treatment/Others/Market,2
"sewage sludge, 70% water, WWT, WW from black chrome coating",kilogram,transformation,waste treatment/Incineration/Municipal incineration/Transformation,2
"sewage sludge, 70% water, WWT, WW from ceramic production",kilogram,market,waste treatment/Others/Market,2
"sewage sludge, 70% water, WWT, WW from ceramic production",kilogram,transformation,waste treatment/Incineration/Municipal incineration/Transformation,2
"sewage sludge, 70% water, WWT, WW from concrete production",kilogram,market,waste treatment/Others/Market,2
"sewage sludge, 70% water, WWT, WW from concrete production",kilogram,transformation,waste treatment/Incineration/Municipal incineration/Transformation,2
"sewage sludge, 70% water, WWT, WW from CRT production",kilogram,market,waste treatment/Others/Market,2
"sewage sludge, 70% water, WWT, WW from CRT production",kilogram,transformation,waste treatment/Incineration/Municipal incineration/Transformation,2
"sewage sludge, 70% water, WWT, WW from GGBFS production",kilogram,market,waste treatment/Others/Market,2
"sewage sludge, 70% water, WWT, WW from GGBFS production",kilogram,transformation,waste treatment/Incineration/Municipal incineration/Transformation,2
"sewage sludge, 70% water, WWT, WW from glass production",kilogram,market,waste treatment/Others/Market,2
"sewage sludge, 70% water, WWT, WW from glass production",kilogram,transformation,waste treatment/Incineration/Municipal incineration/Transformation,2
"sewage sludge, 70% water, WWT, WW from grass refinery",kilogram,market,waste treatment/Others/Market,2
"sewage sludge, 70% water, WWT, WW from grass refinery",kilogram,transformation,waste treatment/Incineration/Municipal incineration/Transformation,2
"sewage sludge, 70% water, WWT, WW from hard fibreboard production",kilogram,market,waste treatment/Others/Market,2
"sewage sludge, 70% water, WWT, WW from hard fibreboard production",kilogram,transformation,waste treatment/Incineration/Municipal incineration/Transformation,2
"sewage sludge, 70% water, WWT, WW from LCD backlight production",kilogram,market,waste treatment/Others/Market,2
"sewage sludge, 70% water, WWT, WW from LCD backlight production",kilogram,transformation,waste treatment/Incineration/Municipal incineration/Transformation,2
"sewage sludge, 70% water, WWT, WW from LCD production",kilogram,market,waste treatment/Others/Market,2
"sewage sludge, 70% water, WWT, WW from LCD production",kilogram,transformation,waste treatment/Incineration/Municipal incineration/Transformation,2
"sewage sludge, 70% water, WWT, WW from liquid crystal production",kilogram,market,waste treatment/Others/Market,2
"sewage sludge, 70% water, WWT, WW from liquid crystal production",kilogram,transformation,waste treatment/Incineration/Municipal incineration/Transformation,2
"sewage sludge, 70% water, WWT, WW from maize starch production",kilogram,market,waste treatment/Others/Market,2
"sewage sludge, 70% water, WWT, WW from maize starch production",kilogram,transformation,waste treatment/Incineration/Municipal incineration/Transformation,2
"sewage sludge, 70% water, WWT, WW from medium density board production",kilogram,market,waste treatment/Others/Market,2
"sewage sludge, 70% water, WWT, WW from medium density board production",kilogram,transformation,waste treatment/Incineration/Municipal incineration/Transformation,2
"sewage sludge, 70% water, WWT, WW from particle board production",kilogram,market,waste treatment/Others/Market,2
"sewage sludge, 70% water, WWT, WW from particle board production",kilogram,transformation,waste treatment/Incineration/Municipal incineration/Transformation,2
"sewage sludge, 70% water, WWT, WW from pig iron production",kilogram,market,waste treatment/Others/Market,3
"sewage sludge, 70% water, WWT, WW from pig iron production",kilogram,transformation,waste treatment/Incineration/Municipal incineration/Transformation,3
"sewage sludge, 70% water, WWT, WW from plywood production",kilogram,market,waste treatment/Others/Market,2
"sewage sludge, 70% water, WWT, WW from plywood production",kilogram,transformation,waste treatment/Incineration/Municipal incineration/Transformation,2
"sewage sludge, 70% water, WWT, WW from potato starch production",kilogram,market,waste treatment/Others/Market,2
"sewage sludge, 70% water, WWT, WW from potato starch production",kilogram,transformation,waste treatment/Incineration/Municipal incineration/Transformation,2
"sewage sludge, 70% water, WWT, WW from PV cell production",kilogram,market,waste treatment/Others/Market,2
"sewage sludge, 70% water, WWT, WW from PV cell production",kilogram,transformation,waste treatment/Incineration/Municipal incineration/Transformation,2
"sewage sludge, 70% water, WWT, WW from soft fibreboard production",kilogram,market,waste treatment/Others/Market,2
"sewage sludge, 70% water, WWT, WW from soft fibreboard production",kilogram,transformation,waste treatment/Incineration/Municipal incineration/Transformation,2
"sewage sludge, 70% water, WWT, WW from tube collector production",kilogram,market,waste treatment/Others/Market,2
"sewage sludge, 70% water, WWT, WW from tube collector production",kilogram,transformation,waste treatment/Incineration/Municipal incineration/Transformation,2
"sewage sludge, 70% water, WWT, WW from vegetable oil refinery",kilogram,market,waste treatment/Others/Market,1
"sewage sludge, 70% water, WWT, WW from vegetable oil refinery",kilogram,transformation,waste treatment/Incineration/Municipal incineration/Transformation,1
"sewage sludge, 70% water, WWT, WW from wafer fabrication",kilogram,market,waste treatment/Others/Market,2
"sewage sludge, 70% water, WWT, WW from wafer fabrication",kilogram,transformation,waste treatment/Incineration/Municipal incineration/Transformation,2
"sewage sludge, 70% water, WWT, WW, average",kilogram,market,waste treatment/Others/Market,3
"sewage sludge, 70% water, WWT, WW, average",kilogram,transformation,waste treatment/Incineration/Municipal incineration/Transformation,3
"sewage sludge, 70% water, WWT[R], WW from anaerobic digestion of whey",kilogram,market,waste treatment/Others/Market,2
"sewage sludge, 70% water, WWT[R], WW from anaerobic digestion of whey",kilogram,transformation,waste treatment/Incineration/Municipal incineration/Transformation,2
"sewage sludge, 70% water, WWT[U], WW from lorry production",kilogram,market,waste treatment/Others/Market,2
"sewage sludge, 70% water, WWT[U], WW from lorry production",kilogram,transformation,waste treatment/Incineration/Municipal incineration/Transformation,2
"sewage sludge, 75% water, WWT, condensate from light oil boiler",kilogram,market,waste treatment/Others/Market,1
"sewage sludge, 75% water, WWT, condensate from light oil boiler",kilogram,transformation,waste treatment/Landfill/Sanitary landfill/Transformation,1
"sewage sludge, 75% water, WWT, heat carrier liquid, 40% C3H8O2",kilogram,market,waste treatment/Others/Market,1
"sewage sludge, 75% water, WWT, heat carrier liquid, 40% C3H8O2",kilogram,transformation,waste treatment/Landfill/Sanitary landfill/Transformation,1
"sewage sludge, 75% water, WWT, rainwater mineral oil storage",kilogram,market,waste treatment/Others/Market,2
"sewage sludge, 75% water, WWT, rainwater mineral oil storage",kilogram,transformation,waste treatment/Landfill/Sanitary landfill/Transformation,2
"sewage sludge, 75% water, WWT, WW from ammonium paratungstate production",kilogram,market,waste treatment/Others/Market,2
"sewage sludge, 75% water, WWT, WW from ammonium paratungstate production",kilogram,transformation,waste treatment/Landfill/Sanitary landfill/Transformation,2
"sewage sludge, 75% water, WWT, WW from black chrome coating",kilogram,market,waste treatment/Others/Market,1
"sewage sludge, 75% water, WWT, WW from black chrome coating",kilogram,transformation,waste treatment/Landfill/Sanitary landfill/Transformation,1
"sewage sludge, 75% water, WWT, WW from ceramic production",kilogram,market,waste treatment/Others/Market,1
"sewage sludge, 75% water, WWT, WW from ceramic production",kilogram,transformation,waste treatment/Landfill/Sanitary landfill/Transformation,1
"sewage sludge, 75% water, WWT, WW from concrete production",kilogram,market,waste treatment/Others/Market,1
"sewage sludge, 75% water, WWT, WW from concrete production",kilogram,transformation,waste treatment/Landfill/Sanitary landfill/Transformation,1
"sewage sludge, 75% water, WWT, WW from CRT production",kilogram,market,waste treatment/Others/Market,1
"sewage sludge, 75% water, WWT, WW from CRT production",kilogram,transformation,waste treatment/Landfill/Sanitary landfill/Transformation,1
"sewage sludge, 75% water, WWT, WW from GGBFS production",kilogram,market,waste treatment/Others/Market,2
"sewage sludge, 75% water, WWT, WW from GGBFS production",kilogram,transformation,waste treatment/Landfill/Sanitary landfill/Transformation,2
"sewage sludge, 75% water, WWT, WW from glass production",kilogram,market,waste treatment/Others/Market,1
"sewage sludge, 75% water, WWT, WW from glass production",kilogram,transformation,waste treatment/Landfill/Sanitary landfill/Transformation,1
"sewage sludge, 75% water, WWT, WW from grass refinery",kilogram,market,waste treatment/Others/Market,1
"sewage sludge, 75% water, WWT, WW from grass refinery",kilogram,transformation,waste treatment/Landfill/Sanitary landfill/Transformation,1
"sewage sludge, 75% water, WWT, WW from hard fibreboard production",kilogram,market,waste treatment/Others/Market,2
"sewage sludge, 75% water, WWT, WW from hard fibreboard production",kilogram,transformation,waste treatment/Landfill/Sanitary landfill/Transformation,2
"sewage sludge, 75% water, WWT, WW from LCD backlight production",kilogram,market,waste treatment/Others/Market,1
"sewage sludge, 75% water, WWT, WW from LCD backlight production",kilogram,transformation,waste treatment/Landfill/Sanitary landfill/Transformation,1
"sewage sludge, 75% water, WWT, WW from LCD production",kilogram,market,waste treatment/Others/Market,1
"sewage sludge, 75% water, WWT, WW from LCD production",kilogram,transformation,waste treatment/Landfill/Sanitary landfill/Transformation,1
"sewage sludge, 75% water, WWT, WW from liquid crystal production",kilogram,market,waste treatment/Others/Market,1
"sewage sludge, 75% water, WWT, WW from liquid crystal production",kilogram,transformation,waste treatment/Landfill/Sanitary landfill/Transformation,1
"sewage sludge, 75% water, WWT, WW from maize starch production",kilogram,market,waste treatment/Others/Market,1
"sewage sludge, 75% water, WWT, WW from maize starch production",kilogram,transformation,waste treatment/Landfill/Sanitary landfill/Transformation,1
"sewage sludge, 75% water, WWT, WW from medium density board production",kilogram,market,waste treatment/Others/Market,2
"sewage sludge, 75% water, WWT, WW from medium density board production",kilogram,transformation,waste treatment/Landfill/Sanitary landfill/Transformation,2
"sewage sludge, 75% water, WWT, WW from particle board production",kilogram,market,waste treatment/Others/Market,2
"sewage sludge, 75% water, WWT, WW from particle board production",kilogram,transformation,waste treatment/Landfill/Sanitary landfill/Transformation,2
"sewage sludge, 75% water, WWT, WW from pig iron production",kilogram,market,waste treatment/Others/Market,2
"sewage sludge, 75% water, WWT, WW from pig iron production",kilogram,transformation,waste treatment/Landfill/Sanitary landfill/Transformation,2
"sewage sludge, 75% water, WWT, WW from plywood production",kilogram,market,waste treatment/Others/Market,1
"sewage sludge, 75% water, WWT, WW from plywood production",kilogram,transformation,waste treatment/Landfill/Sanitary landfill/Transformation,1
"sewage sludge, 75% water, WWT, WW from potato starch production",kilogram,market,waste treatment/Others/Market,1
"sewage sludge, 75% water, WWT, WW from potato starch production",kilogram,transformation,waste treatment/Landfill/Sanitary landfill/Transformation,1
"sewage sludge, 75% water, WWT, WW from PV cell production",kilogram,market,waste treatment/Others/Market,1
"sewage sludge, 75% water, WWT, WW from PV cell production",kilogram,transformation,waste treatment/Landfill/Sanitary landfill/Transformation,1
"sewage sludge, 75% water, WWT, WW from soft fibreboard production",kilogram,market,waste treatment/Others/Market,1
"sewage sludge, 75% water, WWT, WW from soft fibreboard production",kilogram,transformation,waste treatment/Landfill/Sanitary landfill/Transformation,1
"sewage sludge, 75% water, WWT, WW from tube collector production",kilogram,market,waste treatment/Others/Market,1
"sewage sludge, 75% water, WWT, WW from tube collector production",kilogram,transformation,waste treatment/Landfill/Sanitary landfill/Transformation,1
"sewage sludge, 75% water, WWT, WW from vegetable oil refinery",kilogram,market,waste treatment/Others/Market,1
"sewage sludge, 75% water, WWT, WW from vegetable oil refinery",kilogram,transformation,waste treatment/Landfill/Sanitary landfill/Transformation,1
"sewage sludge, 75% water, WWT, WW from wafer fabrication",kilogram,market,waste treatment/Others/Market,1
"sewage sludge, 75% water, WWT, WW from wafer fabrication",kilogram,transformation,waste treatment/Landfill/Sanitary landfill/Transformation,1
"sewage sludge, 75% water, WWT, WW, average",kilogram,market,waste treatment/Others/Market,2
"sewage sludge, 75% water, WWT, WW, average",kilogram,transformation,waste treatment/Landfill/Sanitary landfill/Transformation,2
"sewage sludge, 75% water, WWT[R], WW from anaerobic digestion of whey",kilogram,market,waste treatment/Others/Market,1
"sewage sludge, 75% water, WWT[R], WW from anaerobic digestion of whey",kilogram,transformation,waste treatment/Landfill/Sanitary landfill/Transformation,1
"sewage sludge, 75% water, WWT[U], WW from lorry production",kilogram,market,waste treatment/Others/Market,1
"sewage sludge, 75% water, WWT[U], WW from lorry production",kilogram,transformation,waste treatment/Landfill/Sanitary landfill/Transformation,1
"sewage sludge, 97% water, WWT, condensate from light oil boiler",kilogram,market,waste treatment/Others/Market,2
"sewage sludge, 97% water, WWT, condensate from light oil boiler",kilogram,transformation,waste treatment/Landfarming/Transformation,2
"sewage sludge, 97% water, WWT, heat carrier liquid, 40% C3H8O2",kilogram,market,waste treatment/Others/Market,2
"sewage sludge, 97% water, WWT, heat carrier liquid, 40% C3H8O2",kilogram,transformation,waste treatment/Landfarming/Transformation,2
"sewage sludge, 97% water, WWT, rainwater mineral oil storage",kilogram,market,waste treatment/Others/Market,3
"sewage sludge, 97% water, WWT, rainwater mineral oil storage",kilogram,transformation,waste treatment/Landfarming/Transformation,3
"sewage sludge, 97% water, WWT, WW from ammonium paratungstate production",kilogram,market,waste treatment/Others/Market,2
"sewage sludge, 97% water, WWT, WW from ammonium paratungstate production",kilogram,transformation,waste treatment/Landfarming/Transformation,2
"sewage sludge, 97% water, WWT, WW from black chrome coating",kilogram,market,waste treatment/Others/Market,2
"sewage sludge, 97% water, WWT, WW from black chrome coating",kilogram,transformation,waste treatment/Landfarming/Transformation,2
"sewage sludge, 97% water, WWT, WW from ceramic production",kilogram,market,waste treatment/Others/Market,2
"sewage sludge, 97% water, WWT, WW from ceramic production",kilogram,transformation,waste treatment/Landfarming/Transformation,2
"sewage sludge, 97% water, WWT, WW from concrete production",kilogram,market,waste treatment/Others/Market,2
"sewage sludge, 97% water, WWT, WW from concrete production",kilogram,transformation,waste treatment/Landfarming/Transformation,2
"sewage sludge, 97% water, WWT, WW from CRT production",kilogram,market,waste treatment/Others/Market,2
"sewage sludge, 97% water, WWT, WW from CRT production",kilogram,transformation,waste treatment/Landfarming/Transformation,2
"sewage sludge, 97% water, WWT, WW from GGBFS production",kilogram,market,waste treatment/Others/Market,2
"sewage sludge, 97% water, WWT, WW from GGBFS production",kilogram,transformation,waste treatment/Landfarming/Transformation,2
"sewage sludge, 97% water, WWT, WW from glass production",kilogram,market,waste treatment/Others/Market,2
"sewage sludge, 97% water, WWT, WW from glass production",kilogram,transformation,waste treatment/Landfarming/Transformation,2
"sewage sludge, 97% water, WWT, WW from grass refinery",kilogram,market,waste treatment/Others/Market,2
"sewage sludge, 97% water, WWT, WW from grass refinery",kilogram,transformation,waste treatment/Landfarming/Transformation,2
"sewage sludge, 97% water, WWT, WW from hard fibreboard production",kilogram,market,waste treatment/Others/Market,2
"sewage sludge, 97% water, WWT, WW from hard fibreboard production",kilogram,transformation,waste treatment/Landfarming/Transformation,2
"sewage sludge, 97% water, WWT, WW from LCD backlight production",kilogram,market,waste treatment/Others/Market,2
"sewage sludge, 97% water, WWT, WW from LCD backlight production",kilogram,transformation,waste treatment/Landfarming/Transformation,2
"sewage sludge, 97% water, WWT, WW from LCD production",kilogram,market,waste treatment/Others/Market,2
"sewage sludge, 97% water, WWT, WW from LCD production",kilogram,transformation,waste treatment/Landfarming/Transformation,2
"sewage sludge, 97% water, WWT, WW from liquid crystal production",kilogram,market,waste treatment/Others/Market,2
"sewage sludge, 97% water, WWT, WW from liquid crystal production",kilogram,transformation,waste treatment/Landfarming/Transformation,2
"sewage sludge, 97% water, WWT, WW from maize starch production",kilogram,market,waste treatment/Others/Market,2
"sewage sludge, 97% water, WWT, WW from maize starch production",kilogram,transformation,waste treatment/Landfarming/Transformation,2
"sewage sludge, 97% water, WWT, WW from medium density board production",kilogram,market,waste treatment/Others/Market,2
"sewage sludge, 97% water, WWT, WW from medium density board production",kilogram,transformation,waste treatment/Landfarming/Transformation,2
"sewage sludge, 97% water, WWT, WW from particle board production",kilogram,market,waste treatment/Others/Market,2
"sewage sludge, 97% water, WWT, WW from particle board production",kilogram,transformation,waste treatment/Landfarming/Transformation,2
"sewage sludge, 97% water, WWT, WW from pig iron production",kilogram,market,waste treatment/Others/Market,3
"sewage sludge, 97% water, WWT, WW from pig iron production",kilogram,transformation,waste treatment/Landfarming/Transformation,3
"sewage sludge, 97% water, WWT, WW from plywood production",kilogram,market,waste treatment/Others/Market,2
"sewage sludge, 97% water, WWT, WW from plywood production",kilogram,transformation,waste treatment/Landfarming/Transformation,2
"sewage sludge, 97% water, WWT, WW from potato starch production",kilogram,market,waste treatment/Others/Market,2
"sewage sludge, 97% water, WWT, WW from potato starch production",kilogram,transformation,waste treatment/Landfarming/Transformation,2
"sewage sludge, 97% water, WWT, WW from PV cell production",kilogram,market,waste treatment/Others/Market,2
"sewage sludge, 97% water, WWT, WW from PV cell production",kilogram,transformation,waste treatment/Landfarming/Transformation,2
"sewage sludge, 97% water, WWT, WW from soft fibreboard production",kilogram,market,waste treatment/Others/Market,2
"sewage sludge, 97% water, WWT, WW from soft fibreboard production",kilogram,transformation,waste treatment/Landfarming/Transformation,2
"sewage sludge, 97% water, WWT, WW from tube collector production",kilogram,market,waste treatment/Others/Market,2
"sewage sludge, 97% water, WWT, WW from tube collector production",kilogram,transformation,waste treatment/Landfarming/Transformation,2
"sewage sludge, 97% water, WWT, WW from vegetable oil refinery",kilogram,market,waste treatment/Others/Market,1
"sewage sludge, 97% water, WWT, WW from vegetable oil refinery",kilogram,transformation,waste treatment/Landfarming/Transformation,1
"sewage sludge, 97% water, WWT, WW from wafer fabrication",kilogram,market,waste treatment/Others/Market,2
"sewage sludge, 97% water, WWT, WW from wafer fabrication",kilogram,transformation,waste treatment/Landfarming/Transformation,2
"sewage sludge, 97% water, WWT, WW, average",kilogram,market,waste treatment/Others/Market,4
"sewage sludge, 97% water, WWT, WW, average",kilogram,transformation,waste treatment/Landfarming/Transformation,4
"sewage sludge, 97% water, WWT[R], WW from anaerobic digestion of whey",kilogram,market,waste treatment/Others/Market,2
"sewage sludge, 97% water, WWT[R], WW from anaerobic digestion of whey",kilogram,transformation,waste treatment/Landfarming/Transformation,2
"sewage sludge, 97% water, WWT[U], WW from lorry production",kilogram,market,waste treatment/Others/Market,2
"sewage sludge, 97% water, WWT[U], WW from lorry production",kilogram,transformation,waste treatment/Landfarming/Transformation,2
"sewage sludge, dried",kilogram,market,waste treatment/Biowaste/Market,2
"sewage sludge, dried",kilogram,market,waste treatment/Others/Obsolete,1
"sewage sludge, dried",kilogram,transformation,waste treatment/Others/Transformation,6
"sewer grid, 1.1E10l/year, 242 km",kilometer,market,processing/Waste/Market/Infrastructure,1
"sewer grid, 1.1E10l/year, 242 km",kilometer,transformation,processing/Waste/Transformation/Infrastructure,2
"sewer grid, 1.6E8l/year, 6 km",kilometer,market,processing/Waste/Market/Infrastructure,1
"sewer grid, 1.6E8l/year, 6 km",kilometer,transformation,processing/Waste/Transformation/Infrastructure,2
"sewer grid, 1E9l/year, 30 km",kilometer,market,processing/Waste/Market/Infrastructure,1
"sewer grid, 1E9l/year, 30 km",kilometer,transformation,processing/Waste/Transformation/Infrastructure,2
"sewer grid, 4.7E10l/year, 583 km",kilometer,market,processing/Waste/Market/Infrastructure,1
"sewer grid, 4.7E10l/year, 583 km",kilometer,transformation,processing/Waste/Transformation/Infrastructure,2
"sewer grid, 5E9l/year, 110 km",kilometer,market,processing/Others/Obsolete,2
"sewer grid, 5E9l/year, 110 km",kilometer,market,processing/Waste/Market/Infrastructure,1
"sewer grid, 5E9l/year, 110 km",kilometer,transformation,processing/Waste/Transformation/Infrastructure,2
"sewer grid, rural",cubic meter,market,processing/Waste/Market/Infrastructure,1
"sewer grid, rural",cubic meter,transformation,processing/Waste/Transformation/Infrastructure,1
"sewer grid, urban",cubic meter,market,processing/Waste/Market/Infrastructure,1
"sewer grid, urban",cubic meter,transformation,processing/Waste/Transformation/Infrastructure,1
shale,kilogram,market,material/Minerals/Market,1
shale,kilogram,transformation,material/Minerals/Transformation,2
shale brick,kilogram,market,material/Construction/Bricks/Market,1
shale brick,kilogram,transformation,material/Construction/Bricks/Transformation,2
"shaving, hardwood, measured as dry mass",kilogram,market,processing/Others/Obsolete,1
"shaving, hardwood, measured as dry mass",kilogram,transformation,processing/Others/Obsolete,8
"shaving, softwood, measured as dry mass",kilogram,market,processing/Others/Obsolete,1
"shaving, softwood, measured as dry mass",kilogram,transformation,processing/Others/Obsolete,8
"shavings, hardwood, loose, measured as dry mass",kilogram,market,material/Wood/Byproducts/Market,1
"shavings, hardwood, loose, measured as dry mass",kilogram,market,waste treatment/Others/Obsolete,1
"shavings, hardwood, loose, measured as dry mass",kilogram,transformation,processing/Wood/Transformation,24
"shavings, hardwood, measured as dry mass",kilogram,market,material/Others/Obsolete,1
"shavings, hardwood, measured as dry mass",kilogram,market,material/Wood/Byproducts/Market,4
"shavings, hardwood, measured as dry mass",kilogram,transformation,material/Wood/Byproducts/Transformation,4
"shavings, softwood, loose, measured as dry mass",kilogram,market,material/Wood/Byproducts/Market,1
"shavings, softwood, loose, measured as dry mass",kilogram,market,waste treatment/Others/Obsolete,1
"shavings, softwood, loose, measured as dry mass",kilogram,transformation,processing/Wood/Transformation,26
"shavings, softwood, measured as dry mass",kilogram,market,material/Others/Obsolete,1
"shavings, softwood, measured as dry mass",kilogram,market,material/Wood/Byproducts/Market,4
"shavings, softwood, measured as dry mass",kilogram,transformation,material/Wood/Byproducts/Transformation,4
shed,square meter,market,material/Agricultural/Plant production/Other/Market/Infrastructure,1
shed,square meter,transformation,material/Agricultural/Plant production/Other/Transformation/Infrastructure,2
"shed, large, wood, non-insulated, fire-unprotected",square meter,market,material/Agricultural/Plant production/Other/Market/Infrastructure,1
"shed, large, wood, non-insulated, fire-unprotected",square meter,transformation,material/Agricultural/Plant production/Other/Transformation/Infrastructure,2
sheep fleece in the grease,kilogram,market,material/Agricultural/Animal production/Ovine/Market,1
sheep fleece in the grease,kilogram,transformation,material/Agricultural/Animal production/Ovine/Transformation,4
"sheep for slaughtering, live weight",kilogram,market,material/Agricultural/Animal production/Ovine/Market,1
"sheep for slaughtering, live weight",kilogram,transformation,material/Agricultural/Animal production/Ovine/Transformation,4
"sheet rolling, aluminium",kilogram,market,processing/Metals/Chipless shaping/Market,1
"sheet rolling, aluminium",kilogram,transformation,processing/Metals/Chipless shaping/Transformation,2
"sheet rolling, chromium steel",kilogram,market,processing/Metals/Chipless shaping/Market,1
"sheet rolling, chromium steel",kilogram,transformation,processing/Metals/Chipless shaping/Transformation,2
"sheet rolling, copper",kilogram,market,processing/Metals/Chipless shaping/Market,1
"sheet rolling, copper",kilogram,transformation,processing/Metals/Chipless shaping/Transformation,2
"sheet rolling, steel",kilogram,market,processing/Metals/Chipless shaping/Market,1
"sheet rolling, steel",kilogram,transformation,processing/Metals/Chipless shaping/Transformation,2
shredder fraction after manual dismantling of used electronic product,kilogram,market,waste treatment/Electronics waste/Market,1
shredder fraction after manual dismantling of used electronic product,kilogram,transformation,waste treatment/Electronics waste/Transformation,1
"silencer, steel, DN 125",unit,market,material/Construction/Ventilation/Market,1
"silencer, steel, DN 125",unit,transformation,material/Construction/Ventilation/Transformation,2
"silencer, steel, DN 315, 50 mm",unit,market,material/Construction/Ventilation/Market,1
"silencer, steel, DN 315, 50 mm",unit,transformation,material/Construction/Ventilation/Transformation,2
"silica fume, densified",kilogram,market,material/Chemicals/Inorganic/Market,1
"silica fume, densified",kilogram,transformation,material/Chemicals/Inorganic/Transformation,1
silica sand,kilogram,market,material/Chemicals/Inorganic/Market,1
silica sand,kilogram,transformation,material/Chemicals/Inorganic/Transformation,3
silicon carbide,kilogram,market,material/Chemicals/Inorganic/Market,1
silicon carbide,kilogram,transformation,material/Chemicals/Inorganic/Transformation,4
silicon tetrachloride,kilogram,market,material/Chemicals/Inorganic/Market,2
silicon tetrachloride,kilogram,market,material/Others/Obsolete,1
silicon tetrachloride,kilogram,transformation,material/Chemicals/Inorganic/Transformation,7
silicon tetrahydride,kilogram,market,material/Chemicals/Inorganic/Market,1
silicon tetrahydride,kilogram,transformation,material/Chemicals/Inorganic/Transformation,1
"silicon, electronics grade",kilogram,market,material/Chemicals/Silicons/Market,1
"silicon, electronics grade",kilogram,transformation,material/Chemicals/Silicons/Transformation,2
"silicon, metallurgical grade",kilogram,market,material/Chemicals/Silicons/Market,1
"silicon, metallurgical grade",kilogram,transformation,material/Chemicals/Silicons/Transformation,2
"silicon, multi-Si, casted",kilogram,market,material/Chemicals/Silicons/Market,3
"silicon, multi-Si, casted",kilogram,market,material/Others/Obsolete,1
"silicon, multi-Si, casted",kilogram,transformation,material/Chemicals/Silicons/Transformation,3
"silicon, single crystal, Czochralski process, electronics",kilogram,market,material/Electronics/Photovoltaic/Market,2
"silicon, single crystal, Czochralski process, electronics",kilogram,market,material/Others/Obsolete,1
"silicon, single crystal, Czochralski process, electronics",kilogram,transformation,material/Electronics/Photovoltaic/Transformation,2
"silicon, single crystal, Czochralski process, photovoltaics",kilogram,market,material/Electronics/Photovoltaic/Market,2
"silicon, single crystal, Czochralski process, photovoltaics",kilogram,market,material/Others/Obsolete,1
"silicon, single crystal, Czochralski process, photovoltaics",kilogram,transformation,material/Electronics/Photovoltaic/Transformation,2
"silicon, solar grade",kilogram,market,material/Chemicals/Silicons/Market,1
"silicon, solar grade",kilogram,transformation,material/Chemicals/Silicons/Transformation,4
silicone factory,unit,market,material/Chemicals/Silicons/Market/Infrastructure,1
silicone factory,unit,transformation,material/Chemicals/Silicons/Transformation/Infrastructure,2
silicone product,kilogram,market,material/Chemicals/Silicons/Market,2
silicone product,kilogram,market,material/Others/Obsolete,1
silicone product,kilogram,transformation,material/Chemicals/Silicons/Transformation,2
silky fibre,kilogram,market,material/Textiles/Market,1
silky fibre,kilogram,transformation,material/Textiles/Market,2
silver,kilogram,market,material/Metals/Non ferro/Market,1
silver,kilogram,transformation,material/Metals/Non ferro/Transformation,12
silver,kilogram,transformation,material/Others/Obsolete,2
"silver, unrefined",kilogram,market,material/Metals/Non ferro/Market,1
"silver, unrefined",kilogram,transformation,material/Metals/Non ferro/Transformation,1
single superphosphate,kilogram,market,material/Chemicals/Fertilisers (inorganic)/Market,2
single superphosphate,kilogram,transformation,material/Chemicals/Fertilisers (inorganic)/Transformation,2
"single-Si wafer, for electronics",square meter,market,material/Electronics/Photovoltaic/Market,1
"single-Si wafer, for electronics",square meter,transformation,material/Electronics/Photovoltaic/Transformation,2
"single-Si wafer, photovoltaic",square meter,market,material/Electronics/Photovoltaic/Market,1
"single-Si wafer, photovoltaic",square meter,transformation,material/Electronics/Photovoltaic/Transformation,2
"sinter, iron",kilogram,transformation,material/Others/Obsolete,2
skidder,unit,market,material/Wood/Products/Market/Infrastructure,1
skidder,unit,transformation,material/Wood/Products/Transformation/Infrastructure,1
"skidding, skidder",hour,market,processing/Agricultural/Market,1
"skidding, skidder",hour,transformation,processing/Agricultural/Transformation,2
"skimmed milk, from cow milk",kilogram,market,material/Agricultural/Food/Market,1
"skimmed milk, from cow milk",kilogram,transformation,material/Agricultural/Food/Transformation,2
"slab and siding, hardwood, wet, measured as dry mass",kilogram,market,processing/Agricultural/Market,4
"slab and siding, hardwood, wet, measured as dry mass",kilogram,market,processing/Others/Obsolete,1
"slab and siding, hardwood, wet, measured as dry mass",kilogram,transformation,processing/Agricultural/Transformation,4
"slab and siding, softwood, wet, measured as dry mass",kilogram,market,processing/Agricultural/Market,4
"slab and siding, softwood, wet, measured as dry mass",kilogram,market,processing/Others/Obsolete,1
"slab and siding, softwood, wet, measured as dry mass",kilogram,transformation,processing/Agricultural/Transformation,4
slag from metallurgical grade silicon production,kilogram,market,waste treatment/Others/Market,1
slag from metallurgical grade silicon production,kilogram,transformation,waste treatment/Landfill/Inert material landfill/Transformation,2
slag landfill,unit,market,processing/Others/Obsolete,2
slag landfill,unit,market,processing/Waste/Market/Infrastructure,1
slag landfill,unit,transformation,processing/Waste/Transformation/Infrastructure,2
"slag, unalloyed electric arc furnace steel",kilogram,market,waste treatment/Others/Obsolete,1
slaughterhouse waste,kilogram,market,waste treatment/Biowaste/Market,1
slaughterhouse waste,kilogram,transformation,waste treatment/Biowaste/Transformation,2
sludge from FeCl3 production,kilogram,market,waste treatment/Others/Market,1
sludge from FeCl3 production,kilogram,transformation,waste treatment/Underground deposit/Transformation,2
sludge from pulp and paper production,kilogram,market,waste treatment/Others/Market,3
sludge from pulp and paper production,kilogram,market,waste treatment/Others/Obsolete,1
sludge from pulp and paper production,kilogram,transformation,waste treatment/Landfarming/Transformation,3
sludge from pulp and paper production,kilogram,transformation,waste treatment/Landfill/Sanitary landfill/Transformation,3
sludge from steel rolling,kilogram,market,waste treatment/Others/Market,1
sludge from steel rolling,kilogram,transformation,waste treatment/Landfill/Residual material landfill/Transformation,2
"sludge, NaCl electrolysis",kilogram,market,waste treatment/Others/Market,1
"sludge, NaCl electrolysis",kilogram,transformation,waste treatment/Landfill/Residual material landfill/Transformation,2
"sludge, NaCl electrolysis Hg",kilogram,market,waste treatment/Others/Market,1
"sludge, NaCl electrolysis Hg",kilogram,transformation,waste treatment/Landfill/Residual material landfill/Transformation,2
"sludge, pig iron production",kilogram,market,waste treatment/Others/Obsolete,1
"small pelagic fish, fresh",kilogram,market,material/Agricultural/Animal production/Fish/Market,1
"small pelagic fish, fresh",kilogram,transformation,material/Agricultural/Animal feed/Transformation,2
soap,kilogram,market,material/Chemicals/Washing agents/Tensides/Market,1
soap,kilogram,transformation,material/Chemicals/Washing agents/Tensides/Transformation,7
"soda ash, dense",kilogram,market,material/Chemicals/Inorganic/Market,1
"soda ash, dense",kilogram,transformation,material/Chemicals/Inorganic/Transformation,1
"soda ash, light",kilogram,market,material/Chemicals/Inorganic/Market,1
"soda ash, light",kilogram,transformation,material/Chemicals/Inorganic/Transformation,2
sodium,kilogram,market,material/Chemicals/Inorganic/Market,1
sodium,kilogram,transformation,material/Chemicals/Inorganic/Transformation,2
"sodium aluminate, powder",kilogram,market,material/Chemicals/Inorganic/Market,1
"sodium aluminate, powder",kilogram,transformation,material/Chemicals/Inorganic/Transformation,1
sodium amide,kilogram,market,material/Chemicals/Inorganic/Market,2
sodium amide,kilogram,market,material/Others/Obsolete,1
sodium amide,kilogram,transformation,material/Chemicals/Inorganic/Transformation,2
sodium arsenide,kilogram,market,material/Chemicals/Inorganic/Market,1
sodium arsenide,kilogram,transformation,material/Chemicals/Inorganic/Transformation,1
sodium bicarbonate,kilogram,market,material/Chemicals/Inorganic/Market,1
sodium bicarbonate,kilogram,transformation,material/Chemicals/Inorganic/Transformation,2
sodium borates,kilogram,market,material/Chemicals/Inorganic/Market,1
sodium borates,kilogram,transformation,material/Chemicals/Inorganic/Transformation,2
"sodium chlorate, powder",kilogram,market,material/Chemicals/Inorganic/Market,2
"sodium chlorate, powder",kilogram,market,material/Others/Obsolete,1
"sodium chlorate, powder",kilogram,transformation,material/Chemicals/Inorganic/Transformation,3
"sodium chloride, brine solution",kilogram,market,material/Chemicals/Inorganic/Market,1
"sodium chloride, brine solution",kilogram,transformation,material/Chemicals/Inorganic/Transformation,2
"sodium chloride, powder",kilogram,market,material/Chemicals/Inorganic/Market,1
"sodium chloride, powder",kilogram,transformation,material/Chemicals/Inorganic/Transformation,3
"sodium chloride, powder",kilogram,transformation,material/Chemicals/Organic/Transformation,1
sodium chloroacetate,kilogram,market,material/Chemicals/Organic/Market,1
sodium chloroacetate,kilogram,transformation,material/Chemicals/Organic/Transformation,1
sodium cumenesulphonate,kilogram,market,material/Chemicals/Inorganic/Market,1
sodium cumenesulphonate,kilogram,transformation,material/Chemicals/Inorganic/Transformation,2
sodium cyanide,kilogram,market,material/Chemicals/Inorganic/Market,2
sodium cyanide,kilogram,market,material/Others/Obsolete,1
sodium cyanide,kilogram,transformation,material/Chemicals/Inorganic/Transformation,2
sodium dichromate,kilogram,market,material/Chemicals/Inorganic/Market,1
sodium dichromate,kilogram,transformation,material/Chemicals/Inorganic/Transformation,2
"sodium dithionite, anhydrous",kilogram,market,material/Chemicals/Inorganic/Market,2
"sodium dithionite, anhydrous",kilogram,market,material/Others/Obsolete,1
"sodium dithionite, anhydrous",kilogram,transformation,material/Chemicals/Inorganic/Transformation,2
sodium ethoxide,kilogram,market,material/Chemicals/Organic/Market,1
sodium ethoxide,kilogram,transformation,material/Chemicals/Organic/Transformation,2
sodium ethyl xanthate,kilogram,market,material/Chemicals/Organic/Market,1
sodium ethyl xanthate,kilogram,transformation,material/Chemicals/Organic/Transformation,2
sodium fluoride,kilogram,market,material/Chemicals/Inorganic/Market,1
sodium fluoride,kilogram,transformation,material/Chemicals/Inorganic/Transformation,1
sodium formate,kilogram,market,material/Chemicals/Organic/Market,2
sodium formate,kilogram,market,material/Others/Obsolete,1
sodium formate,kilogram,transformation,material/Chemicals/Organic/Transformation,3
sodium hydrogen sulfate,kilogram,market,material/Chemicals/Inorganic/Market,1
sodium hydrogen sulfate,kilogram,transformation,material/Chemicals/Inorganic/Transformation,1
sodium hydrogen sulfite,kilogram,market,material/Chemicals/Inorganic/Market,1
sodium hydrogen sulfite,kilogram,transformation,material/Chemicals/Inorganic/Transformation,2
sodium hydrosulfide,kilogram,market,material/Chemicals/Inorganic/Market,1
sodium hydrosulfide,kilogram,transformation,material/Chemicals/Inorganic/Transformation,2
"sodium hydroxide, without water, in 50% solution state",kilogram,market,material/Chemicals/Inorganic/Market,1
"sodium hydroxide, without water, in 50% solution state",kilogram,transformation,material/Chemicals/Inorganic/Transformation,7
"sodium hypochlorite, without water, in 15% solution state",kilogram,market,material/Chemicals/Inorganic/Market,2
"sodium hypochlorite, without water, in 15% solution state",kilogram,market,material/Others/Obsolete,1
"sodium hypochlorite, without water, in 15% solution state",kilogram,transformation,material/Chemicals/Inorganic/Transformation,3
"sodium metasilicate pentahydrate, 58% active substance, powder",kilogram,market,material/Chemicals/Washing agents/Builders/Market,2
"sodium metasilicate pentahydrate, 58% active substance, powder",kilogram,market,material/Others/Obsolete,1
"sodium metasilicate pentahydrate, 58% active substance, powder",kilogram,transformation,material/Chemicals/Washing agents/Builders/Transformation,2
sodium methoxide,kilogram,market,material/Chemicals/Organic/Market,1
sodium methoxide,kilogram,transformation,material/Chemicals/Organic/Transformation,2
sodium nitrate,kilogram,market,material/Chemicals/Inorganic/Market,1
sodium nitrate,kilogram,transformation,material/Chemicals/Inorganic/Transformation,2
sodium nitrate,kilogram,transformation,material/Chemicals/Pesticides/Transformation,2
"sodium nitrate, technical grade",kilogram,market,material/Chemicals/Inorganic/Market,1
"sodium nitrate, technical grade",kilogram,transformation,material/Chemicals/Inorganic/Transformation,1
"sodium nitrate, unrefined",kilogram,market,material/Chemicals/Inorganic/Market,1
"sodium nitrate, unrefined",kilogram,transformation,material/Chemicals/Inorganic/Transformation,2
sodium nitrite,kilogram,market,material/Chemicals/Inorganic/Market,2
sodium nitrite,kilogram,market,material/Others/Obsolete,1
sodium nitrite,kilogram,transformation,material/Chemicals/Inorganic/Transformation,2
sodium oxide,kilogram,market,material/Chemicals/Inorganic/Market,2
sodium oxide,kilogram,market,material/Others/Obsolete,1
sodium oxide,kilogram,transformation,material/Chemicals/Inorganic/Transformation,2
"sodium perborate, monohydrate, powder",kilogram,market,material/Chemicals/Washing agents/Bleaches/Market,1
"sodium perborate, monohydrate, powder",kilogram,transformation,material/Chemicals/Washing agents/Bleaches/Transformation,2
"sodium perborate, tetrahydrate, powder",kilogram,market,material/Chemicals/Washing agents/Bleaches/Market,2
"sodium perborate, tetrahydrate, powder",kilogram,market,material/Others/Obsolete,1
"sodium perborate, tetrahydrate, powder",kilogram,transformation,material/Chemicals/Washing agents/Bleaches/Transformation,2
"sodium percarbonate, powder",kilogram,market,material/Chemicals/Washing agents/Bleaches/Market,2
"sodium percarbonate, powder",kilogram,market,material/Others/Obsolete,1
"sodium percarbonate, powder",kilogram,transformation,material/Chemicals/Washing agents/Bleaches/Transformation,2
sodium perchlorate,kilogram,market,material/Chemicals/Inorganic/Market,1
sodium perchlorate,kilogram,transformation,material/Chemicals/Inorganic/Transformation,1
sodium persulfate,kilogram,market,material/Chemicals/Inorganic/Market,1
sodium persulfate,kilogram,transformation,material/Chemicals/Inorganic/Transformation,1
sodium phenolate,kilogram,market,material/Chemicals/Organic/Market,1
sodium phenolate,kilogram,transformation,material/Chemicals/Organic/Transformation,2
sodium phosphate,kilogram,market,material/Chemicals/Inorganic/Market,2
sodium phosphate,kilogram,market,material/Others/Obsolete,1
sodium phosphate,kilogram,transformation,material/Chemicals/Inorganic/Transformation,2
sodium pyrophosphate,kilogram,market,material/Chemicals/Inorganic/Market,1
sodium pyrophosphate,kilogram,transformation,material/Chemicals/Inorganic/Transformation,1
"sodium silicate, solid",kilogram,market,material/Chemicals/Inorganic/Market,2
"sodium silicate, solid",kilogram,market,material/Others/Obsolete,1
"sodium silicate, solid",kilogram,transformation,material/Chemicals/Inorganic/Transformation,2
"sodium silicate, spray powder, 80%",kilogram,market,material/Chemicals/Inorganic/Market,2
"sodium silicate, spray powder, 80%",kilogram,market,material/Others/Obsolete,1
"sodium silicate, spray powder, 80%",kilogram,transformation,material/Chemicals/Inorganic/Transformation,2
"sodium silicate, without water, in 37% solution state",kilogram,market,material/Chemicals/Inorganic/Market,2
"sodium silicate, without water, in 37% solution state",kilogram,market,material/Others/Obsolete,1
"sodium silicate, without water, in 37% solution state",kilogram,transformation,material/Chemicals/Inorganic/Transformation,2
"sodium silicate, without water, in 48% solution state",kilogram,market,material/Chemicals/Inorganic/Market,2
"sodium silicate, without water, in 48% solution state",kilogram,market,material/Others/Obsolete,1
"sodium silicate, without water, in 48% solution state",kilogram,transformation,material/Chemicals/Inorganic/Transformation,2
sodium silver thiosulfate,kilogram,market,material/Chemicals/Inorganic/Market,1
sodium silver thiosulfate,kilogram,transformation,material/Chemicals/Inorganic/Transformation,1
"sodium sulfate, anhydrite",kilogram,market,material/Chemicals/Inorganic/Market,2
"sodium sulfate, anhydrite",kilogram,transformation,material/Chemicals/Inorganic/Transformation,14
"sodium sulfate, anhydrite",kilogram,transformation,material/Others/Obsolete,3
sodium sulfide,kilogram,market,material/Chemicals/Inorganic/Market,1
sodium sulfide,kilogram,transformation,material/Chemicals/Inorganic/Transformation,2
sodium sulfite,kilogram,market,material/Chemicals/Inorganic/Market,2
sodium sulfite,kilogram,market,material/Others/Obsolete,1
sodium sulfite,kilogram,transformation,material/Chemicals/Inorganic/Transformation,2
sodium sulfite,kilogram,transformation,material/Chemicals/Organic/Transformation,1
sodium tetrafluoroborate,kilogram,market,material/Chemicals/Inorganic/Market,1
sodium tetrafluoroborate,kilogram,transformation,material/Chemicals/Inorganic/Transformation,2
sodium tetrahydridoborate,kilogram,market,material/Chemicals/Inorganic/Market,1
sodium tetrahydridoborate,kilogram,transformation,material/Chemicals/Inorganic/Transformation,1
sodium tripolyphosphate,kilogram,market,material/Chemicals/Washing agents/Builders/Market,1
sodium tripolyphosphate,kilogram,transformation,material/Chemicals/Washing agents/Builders/Transformation,2
"soft solder, Sn97Cu3",kilogram,market,material/Metals/Alloys/Market,2
"soft solder, Sn97Cu3",kilogram,market,material/Others/Obsolete,1
"soft solder, Sn97Cu3",kilogram,transformation,material/Metals/Alloys/Transformation,2
"soil pH raising agent, as CaCO3",kilogram,market,material/Chemicals/Fertilisers (inorganic)/Market,1
"soil pH raising agent, as CaCO3",kilogram,transformation,material/Chemicals/Fertilisers (inorganic)/Market,1
"soil pH raising agent, as CaCO3",kilogram,transformation,material/Chemicals/Fertilisers (inorganic)/Transformation,4
"soil, contaminated",kilogram,market,waste treatment/Construction waste/Market,1
"soil, contaminated",kilogram,transformation,waste treatment/Construction waste/Transformation,2
solar collector factory,unit,market,energy/Heat/Solar/Market/Infrastructure,1
solar collector factory,unit,transformation,energy/Heat/Solar/Transformation/Infrastructure,2
"solar collector glass tube, with silver mirror",kilogram,market,material/Glass/Construction/Market,1
"solar collector glass tube, with silver mirror",kilogram,transformation,material/Glass/Construction/Transformation,2
"solar collector system, Cu flat plate collector, multiple dwelling, hot water",unit,market,energy/Heat/Solar/Market/Infrastructure,1
"solar collector system, Cu flat plate collector, multiple dwelling, hot water",unit,transformation,energy/Heat/Solar/Transformation/Infrastructure,2
"solar collector system, Cu flat plate collector, one-family house, combined system",unit,market,energy/Heat/Solar/Market/Infrastructure,1
"solar collector system, Cu flat plate collector, one-family house, combined system",unit,transformation,energy/Heat/Solar/Transformation/Infrastructure,2
"solar collector system, Cu flat plate collector, one-family house, hot water",unit,market,energy/Heat/Solar/Market/Infrastructure,1
"solar collector system, Cu flat plate collector, one-family house, hot water",unit,transformation,energy/Heat/Solar/Transformation/Infrastructure,2
"solar collector system, with evacuated tube collector, one-family house, combined system",unit,market,energy/Heat/Solar/Market/Infrastructure,1
"solar collector system, with evacuated tube collector, one-family house, combined system",unit,transformation,energy/Heat/Solar/Transformation/Infrastructure,2
"solar glass, low-iron",kilogram,market,material/Glass/Construction/Market,1
"solar glass, low-iron",kilogram,transformation,material/Glass/Construction/Transformation,2
solder factory,unit,market,material/Metals/Alloys/Market/Infrastructure,1
solder factory,unit,transformation,material/Metals/Alloys/Transformation/Infrastructure,2
"solder, bar, Sn63Pb37, for electronics industry",kilogram,market,material/Metals/Alloys/Market,1
"solder, bar, Sn63Pb37, for electronics industry",kilogram,transformation,material/Metals/Alloys/Transformation,1
"solder, bar, Sn95.5Ag3.9Cu0.6, for electronics industry",kilogram,market,material/Metals/Alloys/Market,1
"solder, bar, Sn95.5Ag3.9Cu0.6, for electronics industry",kilogram,transformation,material/Metals/Alloys/Transformation,1
"solder, paste, Sn63Pb37, for electronics industry",kilogram,market,material/Metals/Alloys/Market,1
"solder, paste, Sn63Pb37, for electronics industry",kilogram,transformation,material/Metals/Alloys/Transformation,1
"solder, paste, Sn95.5Ag3.9Cu0.6, for electronics industry",kilogram,market,material/Metals/Alloys/Market,1
"solder, paste, Sn95.5Ag3.9Cu0.6, for electronics industry",kilogram,transformation,material/Metals/Alloys/Transformation,1
solid bleached and unbleached board carton,kilogram,market,material/Paper+ Board/Board/Market,2
solid bleached and unbleached board carton,kilogram,transformation,material/Paper+ Board/Board/Transformation,3
solid bleached board,kilogram,market,material/Others/Obsolete,1
solid bleached board,kilogram,transformation,material/Others/Obsolete,3
"solid manure loading and spreading, by hydraulic loader and spreader",kilogram,market,processing/Agricultural/Market,1
"solid manure loading and spreading, by hydraulic loader and spreader",kilogram,transformation,processing/Agricultural/Transformation,3
solid unbleached board,kilogram,market,material/Others/Obsolete,1
solid unbleached board,kilogram,transformation,material/Others/Obsolete,2
solvent for chromatography analysis,kilogram,market,material/Chemicals/Organic/Market,1
solvent for chromatography analysis,kilogram,transformation,material/Chemicals/Organic/Market,2
solvent for paint,kilogram,market,material/Chemicals/Others/Market,1
solvent for paint,kilogram,transformation,material/Chemicals/Organic/Market,2
"solvent, organic",kilogram,market,material/Chemicals/Organic/Market,1
"solvent, organic",kilogram,transformation,material/Chemicals/Organic/Market,6
"solvent, organic",kilogram,transformation,material/Chemicals/Organic/Transformation,3
"solvent, organic",kilogram,transformation,material/Others/Obsolete,3
"sorting facility, for construction waste",unit,market,processing/Waste/Market/Infrastructure,1
"sorting facility, for construction waste",unit,transformation,processing/Waste/Transformation/Infrastructure,2
"sound insulation, heat and power co-generation unit, 160kW electrical",unit,market,energy/Cogeneration/Gas/Market/Infrastructure,1
"sound insulation, heat and power co-generation unit, 160kW electrical",unit,transformation,energy/Cogeneration/Gas/Transformation/Infrastructure,2
"sour gas, burned in gas turbine",megajoule,market,energy/Electricity by fuel/Gas/Market,1
"sour gas, burned in gas turbine",megajoule,transformation,energy/Electricity by fuel/Gas/Transformation,2
sowing,hectare,market,processing/Agricultural/Market,1
sowing,hectare,transformation,processing/Agricultural/Transformation,6
"sOx retained, in hard coal flue gas desulfurisation",kilogram,market,processing/Others/Obsolete,1
"sOx retained, in hard coal flue gas desulfurisation",kilogram,market,processing/Power plants/Market,2
"sOx retained, in hard coal flue gas desulfurisation",kilogram,transformation,processing/Power plants/Transformation,2
"sOx retained, in lignite flue gas desulfurisation",kilogram,market,processing/Power plants/Market,1
"sOx retained, in lignite flue gas desulfurisation",kilogram,transformation,processing/Power plants/Transformation,1
soybean,kilogram,market,material/Agricultural/Plant production/Legumes/Market,2
soybean,kilogram,market,material/Others/Obsolete,1
soybean,kilogram,transformation,material/Agricultural/Plant production/Legumes/Transformation,17
soybean,kilogram,transformation,material/Others/Obsolete,2
soybean beverage,litre,market,material/Agricultural/Food/Market,1
soybean beverage,litre,transformation,material/Agricultural/Food/Transformation,2
soybean meal,kilogram,market,material/Agricultural/Animal feed/Market,2
soybean meal,kilogram,market,material/Others/Obsolete,1
soybean meal,kilogram,transformation,material/Agricultural/Animal feed/Transformation,6
"soybean oil, crude",kilogram,market,material/Agricultural/Plant oils/Market,1
"soybean oil, crude",kilogram,transformation,material/Agricultural/Plant oils/Transformation,6
"soybean oil, refined",kilogram,market,material/Agricultural/Plant oils/Market,1
"soybean oil, refined",kilogram,transformation,material/Agricultural/Plant oils/Transformation,2
"soybean seed, for sowing",kilogram,market,material/Agricultural/Plant seeds/Market,1
"soybean seed, for sowing",kilogram,transformation,material/Agricultural/Plant seeds/Transformation,2
"soybean seed, organic, for sowing",kilogram,market,material/Agricultural/Plant seeds/Market,1
"soybean seed, organic, for sowing",kilogram,transformation,material/Agricultural/Plant seeds/Transformation,2
"soybean, feed",kilogram,market,material/Agricultural/Animal feed/Market,1
"soybean, feed",kilogram,transformation,material/Agricultural/Animal feed/Transformation,2
"soybean, organic",kilogram,market,material/Agricultural/Plant production/Legumes/Market,1
"soybean, organic",kilogram,transformation,material/Agricultural/Plant production/Legumes/Transformation,2
"soybean, Swiss integrated production",kilogram,market,material/Agricultural/Plant production/Legumes/Market,1
"soybean, Swiss integrated production",kilogram,transformation,material/Agricultural/Plant production/Legumes/Transformation,1
"soybean, Swiss integrated production",kilogram,transformation,material/Others/Obsolete,1
spent activated carbon with mercury,kilogram,market,waste treatment/Others/Market,1
spent activated carbon with mercury,kilogram,transformation,waste treatment/Underground deposit/Transformation,2
"spent activated carbon, granular",kilogram,market,material/Chemicals/Organic/Market,1
"spent activated carbon, granular",kilogram,transformation,material/Chemicals/Organic/Transformation,1
spent anion exchange resin from potable water production,kilogram,market,waste treatment/Others/Market,2
spent anion exchange resin from potable water production,kilogram,market,waste treatment/Others/Obsolete,1
spent anion exchange resin from potable water production,kilogram,transformation,waste treatment/Incineration/Municipal incineration/Transformation,3
spent antifreezer liquid,kilogram,market,waste treatment/Others/Market,1
spent antifreezer liquid,kilogram,transformation,waste treatment/Incineration/Hazardous waste incineration/Transformation,4
spent automobile catalyst,kilogram,market,material/Metals/Waste metals/Market,1
spent automobile catalyst,kilogram,market,waste treatment/Others/Obsolete,1
spent automobile catalyst,kilogram,transformation,material/Chemicals/Inorganic/Transformation,1
spent catalyst base from ethyleneoxide production,kilogram,market,waste treatment/Others/Market,1
spent catalyst base from ethyleneoxide production,kilogram,transformation,waste treatment/Landfill/Residual material landfill/Transformation,2
spent catalytic converter for cars,kilogram,market,waste treatment/Transport/Market,1
spent catalytic converter for cars,kilogram,transformation,waste treatment/Underground deposit/Transformation,2
spent catalytic converter NOx reduction,kilogram,market,waste treatment/Others/Market,1
spent catalytic converter NOx reduction,kilogram,transformation,waste treatment/Others/Transformation,2
spent catalytic converter NOx reduction,kilogram,transformation,waste treatment/Underground deposit/Transformation,2
spent cation exchange resin from potable water production,kilogram,market,waste treatment/Others/Market,2
spent cation exchange resin from potable water production,kilogram,market,waste treatment/Others/Obsolete,1
spent cation exchange resin from potable water production,kilogram,transformation,waste treatment/Incineration/Municipal incineration/Transformation,3
spent Formox catalyst base from formaldehyde production,kilogram,market,waste treatment/Others/Market,1
spent Formox catalyst base from formaldehyde production,kilogram,transformation,waste treatment/Landfill/Residual material landfill/Transformation,2
spent nuclear fuel,kilogram,market,waste treatment/Nuclear waste/Market,1
spent nuclear fuel,kilogram,transformation,waste treatment/Nuclear waste/Transformation,5
spent oxychlor catalyst,kilogram,transformation,waste treatment/Incineration/Hazardous waste incineration/Transformation,2
spent oxychlor catalyst,kilogram,transformation,waste treatment/Underground deposit/Transformation,1
"spent pot liner from Al electrolysis, carbon fraction",kilogram,market,waste treatment/Others/Market,1
"spent pot liner from Al electrolysis, carbon fraction",kilogram,transformation,waste treatment/Others/Transformation,2
spent sawing slurry from Si-wafer cutting,litre,market,waste treatment/Electronics waste/Market,1
spent sawing slurry from Si-wafer cutting,litre,transformation,waste treatment/Others/Transformation,2
spent solvent mixture,kilogram,market,waste treatment/Others/Market,3
spent solvent mixture,kilogram,market,waste treatment/Others/Obsolete,1
spent solvent mixture,kilogram,transformation,waste treatment/Incineration/Hazardous waste incineration/Transformation,6
spent solvent mixture,kilogram,transformation,waste treatment/Others/Transformation,4
spinach,kilogram,market,material/Agricultural/Plant production/Vegetables/Market,1
spinach,kilogram,transformation,material/Agricultural/Plant production/Vegetables/Transformation,1
"spinning, bast fibre",kilogram,market,processing/Others/Obsolete,1
"spinning, bast fibre",kilogram,transformation,processing/Others/Obsolete,2
"spiral-seam duct, steel, DN 125",meter,market,material/Construction/Ventilation/Market,1
"spiral-seam duct, steel, DN 125",meter,transformation,material/Construction/Ventilation/Transformation,2
"spiral-seam duct, steel, DN 400",meter,market,material/Construction/Ventilation/Market,1
"spiral-seam duct, steel, DN 400",meter,transformation,material/Construction/Ventilation/Transformation,2
spodumene,kilogram,market,material/Minerals/Market,1
spodumene,kilogram,transformation,material/Minerals/Transformation,2
spodumene,kilogram,transformation,material/Others/Obsolete,1
spoil from hard coal mining,kilogram,market,waste treatment/Others/Market,1
spoil from hard coal mining,kilogram,transformation,waste treatment/Landfill/Residual material landfill/Transformation,1
spoil from lignite mining,kilogram,market,waste treatment/Others/Market,1
spoil from lignite mining,kilogram,transformation,waste treatment/Landfill/Residual material landfill/Transformation,1
sponge iron,kilogram,market,material/Chemicals/Inorganic/Market,1
sponge iron,kilogram,transformation,material/Chemicals/Inorganic/Transformation,1
spray-drying of milk,kilogram,market,processing/Agricultural/Market,1
spray-drying of milk,kilogram,transformation,processing/Agricultural/Transformation,2
"sputtering target, sintered, indium tin oxide",kilogram,market,material/Electronics/Module/Market,1
"sputtering target, sintered, indium tin oxide",kilogram,transformation,material/Electronics/Module/Transformation,2
"sputtering, indium tin oxide, for liquid crystal display",cubic meter,market,processing/Electronics/Market,1
"sputtering, indium tin oxide, for liquid crystal display",cubic meter,transformation,processing/Electronics/Transformation,2
stalk,kilogram,market,material/Agricultural/Intermediate products/Market,1
stalk,kilogram,market,waste treatment/Others/Obsolete,1
stalk,kilogram,transformation,material/Others/Obsolete,4
stalk,kilogram,transformation,material/Textiles/Transformation,5
"start-up, heat and power co-generation unit, 160kW electrical",unit,market,energy/Cogeneration/Gas/Market/Infrastructure,1
"start-up, heat and power co-generation unit, 160kW electrical",unit,transformation,energy/Cogeneration/Gas/Transformation/Infrastructure,2
"steam generation system, solar tower power plant, 20 MW",unit,market,energy/Electricity by fuel/Photovoltaic/Market/Infrastructure,1
"steam generation system, solar tower power plant, 20 MW",unit,transformation,energy/Electricity by fuel/Photovoltaic/Transformation/Infrastructure,2
"steam, in chemical industry",kilogram,market,energy/Heat/Steam/Market,2
"steam, in chemical industry",kilogram,market,energy/Others/Obsolete,1
"steam, in chemical industry",kilogram,transformation,energy/Heat/Steam/Transformation,24
"steam, in chemical industry",kilogram,transformation,material/Chemicals/Others/Transformation,2
stearic acid,kilogram,market,material/Chemicals/Acids (organic)/Market,1
stearic acid,kilogram,transformation,material/Chemicals/Acids (organic)/Transformation,1
steatite,kilogram,market,material/Chemicals/Inorganic/Market,1
steatite,kilogram,transformation,material/Chemicals/Inorganic/Transformation,2
steel and iron (waste treatment),kilogram,transformation,waste treatment/Recycling/Transformation,1
steel in car shredder residue,kilogram,market,waste treatment/Metals/Market,2
steel in car shredder residue,kilogram,market,waste treatment/Others/Obsolete,1
steel in car shredder residue,kilogram,transformation,waste treatment/Incineration/Municipal incineration/Transformation,3
"steel removed by drilling, computer numerical controlled",kilogram,market,processing/Metals/Chipping/Market,1
"steel removed by drilling, computer numerical controlled",kilogram,transformation,processing/Metals/Chipping/Transformation,2
"steel removed by drilling, conventional",kilogram,market,processing/Metals/Chipping/Market,1
"steel removed by drilling, conventional",kilogram,transformation,processing/Metals/Chipping/Transformation,2
"steel removed by milling, average",kilogram,market,processing/Metals/Chipping/Market,1
"steel removed by milling, average",kilogram,transformation,processing/Metals/Chipping/Transformation,2
"steel removed by milling, dressing",kilogram,market,processing/Metals/Chipping/Market,1
"steel removed by milling, dressing",kilogram,transformation,processing/Metals/Chipping/Transformation,2
"steel removed by milling, large parts",kilogram,market,processing/Metals/Chipping/Market,1
"steel removed by milling, large parts",kilogram,transformation,processing/Metals/Chipping/Transformation,2
"steel removed by milling, small parts",kilogram,market,processing/Metals/Chipping/Market,1
"steel removed by milling, small parts",kilogram,transformation,processing/Metals/Chipping/Transformation,2
"steel removed by turning, average, computer numerical controlled",kilogram,market,processing/Metals/Chipping/Market,1
"steel removed by turning, average, computer numerical controlled",kilogram,transformation,processing/Metals/Chipping/Transformation,2
"steel removed by turning, average, conventional",kilogram,market,processing/Metals/Chipping/Market,1
"steel removed by turning, average, conventional",kilogram,transformation,processing/Metals/Chipping/Transformation,2
"steel removed by turning, primarily dressing, computer numerical controlled",kilogram,market,processing/Metals/Chipping/Market,1
"steel removed by turning, primarily dressing, computer numerical controlled",kilogram,transformation,processing/Metals/Chipping/Transformation,2
"steel removed by turning, primarily dressing, conventional",kilogram,market,processing/Metals/Chipping/Market,1
"steel removed by turning, primarily dressing, conventional",kilogram,transformation,processing/Metals/Chipping/Transformation,2
"steel removed by turning, primarily roughing, computer numerical controlled",kilogram,market,processing/Metals/Chipping/Market,1
"steel removed by turning, primarily roughing, computer numerical controlled",kilogram,transformation,processing/Metals/Chipping/Transformation,2
"steel removed by turning, primarily roughing, conventional",kilogram,market,processing/Metals/Chipping/Market,1
"steel removed by turning, primarily roughing, conventional",kilogram,transformation,processing/Metals/Chipping/Transformation,2
"steel, chromium steel 18/8",kilogram,market,material/Metals/Ferro/Market,1
"steel, chromium steel 18/8",kilogram,transformation,material/Metals/Ferro/Transformation,2
"steel, chromium steel 18/8",kilogram,transformation,material/Others/Obsolete,2
"steel, chromium steel 18/8, hot rolled",kilogram,market,material/Metals/Ferro/Market,1
"steel, chromium steel 18/8, hot rolled",kilogram,transformation,material/Metals/Ferro/Transformation,2
"steel, low-alloyed",kilogram,market,material/Metals/Ferro/Market,1
"steel, low-alloyed",kilogram,transformation,material/Metals/Ferro/Transformation,9
"steel, low-alloyed",kilogram,transformation,material/Others/Obsolete,1
"steel, low-alloyed, hot rolled",kilogram,market,material/Metals/Ferro/Market,1
"steel, low-alloyed, hot rolled",kilogram,transformation,material/Metals/Ferro/Transformation,2
"steel, unalloyed",kilogram,market,material/Metals/Ferro/Market,1
"steel, unalloyed",kilogram,transformation,material/Metals/Ferro/Transformation,2
stibnite concentrate,kilogram,market,material/Minerals/Market,1
stibnite concentrate,kilogram,transformation,material/Minerals/Transformation,3
"stimulation, deep well",cubic meter,market,energy/Electricity by fuel/Geothermal/Market,1
"stimulation, deep well",cubic meter,transformation,energy/Electricity by fuel/Geothermal/Transformation,2
"stirling heat and power co-generation unit, 3kW electrical, wood pellet, future",unit,market,energy/Cogeneration/Wood/Market/Infrastructure,1
"stirling heat and power co-generation unit, 3kW electrical, wood pellet, future",unit,transformation,energy/Cogeneration/Wood/Transformation/Infrastructure,2
"stockpiling of anode slime from electrorefining of copper, anode",kilogram,market,processing/Others/Market,1
"stockpiling of anode slime from electrorefining of copper, anode",kilogram,transformation,processing/Others/Transformation,2
stone groundwood pulp,kilogram,market,material/Paper+ Board/Pulp/Market,1
stone groundwood pulp,kilogram,transformation,material/Paper+ Board/Pulp/Transformation,2
stone meal,kilogram,market,material/Chemicals/Fertilisers (inorganic)/Market,1
stone meal,kilogram,transformation,material/Chemicals/Fertilisers (inorganic)/Transformation,2
stone wool,kilogram,market,material/Construction/Insulation/Market,1
stone wool,kilogram,transformation,material/Construction/Insulation/Transformation,2
stone wool factory,unit,market,material/Construction/Insulation/Market/Infrastructure,1
stone wool factory,unit,transformation,material/Construction/Insulation/Transformation/Infrastructure,2
"stone wool, packed",kilogram,market,material/Construction/Insulation/Market,1
"stone wool, packed",kilogram,transformation,material/Construction/Insulation/Transformation,2
"storage building, chemicals, solid",unit,market,material/Chemicals/Others/Market/Infrastructure,1
"storage building, chemicals, solid",unit,transformation,material/Chemicals/Others/Transformation/Infrastructure,2
"storage, 10'000 l",unit,market,energy/Cogeneration/Gas/Market/Infrastructure,1
"storage, 10'000 l",unit,transformation,energy/Cogeneration/Gas/Transformation/Infrastructure,2
"storage, 650 l mini CHP plant",unit,market,energy/Cogeneration/Gas/Market/Infrastructure,1
"storage, 650 l mini CHP plant",unit,transformation,energy/Cogeneration/Gas/Transformation/Infrastructure,2
straw,kilogram,market,material/Agricultural/Plant production/Roughage/Market,2
straw,kilogram,market,material/Others/Obsolete,1
straw,kilogram,transformation,material/Agricultural/Plant production/Roughage/Transformation,16
straw,kilogram,transformation,material/Others/Obsolete,1
"straw, organic",kilogram,market,material/Agricultural/Plant production/Roughage/Market,2
"straw, organic",kilogram,market,material/Others/Obsolete,1
"straw, organic",kilogram,transformation,material/Agricultural/Plant production/Roughage/Transformation,6
"straw, stand-alone production",kilogram,market,material/Agricultural/Plant production/Roughage/Market,2
"straw, stand-alone production",kilogram,market,material/Others/Obsolete,1
"straw, stand-alone production",kilogram,transformation,material/Agricultural/Plant production/Roughage/Transformation,2
strawberry,kilogram,market,material/Agricultural/Plant production/Fruits/Market,1
strawberry,kilogram,transformation,material/Agricultural/Plant production/Fruits/Transformation,7
strawberry,kilogram,transformation,material/Others/Obsolete,1
"strawberry seedling, for planting",unit,market,material/Agricultural/Plant seeds/Market,1
"strawberry seedling, for planting",unit,transformation,material/Agricultural/Plant seeds/Transformation,5
stretch blow moulding,kilogram,market,processing/Plastics/Market,1
stretch blow moulding,kilogram,transformation,processing/Others/Obsolete,3
stretch blow moulding,kilogram,transformation,processing/Plastics/Transformation,3
strontium carbonate,kilogram,market,material/Minerals/Market,1
strontium carbonate,kilogram,transformation,material/Minerals/Transformation,1
"strontium sulfate, 90% SrSO4",kilogram,market,material/Minerals/Market,1
"strontium sulfate, 90% SrSO4",kilogram,transformation,material/Minerals/Transformation,3
"strontium sulfate, unprocessed",kilogram,transformation,material/Others/Obsolete,1
structural timber,cubic meter,market,material/Wood/Products/Market,2
structural timber,cubic meter,transformation,material/Wood/Products/Transformation,2
stucco,kilogram,market,material/Construction/Coverings/Market,1
stucco,kilogram,transformation,material/Construction/Coverings/Transformation,2
styrene,kilogram,market,material/Chemicals/Organic/Market,1
styrene,kilogram,transformation,material/Chemicals/Organic/Transformation,2
styrene-acrylonitrile copolymer,kilogram,market,material/Plastics/Rubbers/Market,1
styrene-acrylonitrile copolymer,kilogram,transformation,material/Plastics/Rubbers/Transformation,2
succinic acid,kilogram,market,material/Chemicals/Acids (organic)/Market,1
succinic acid,kilogram,transformation,material/Chemicals/Acids (organic)/Transformation,3
sugar beet,kilogram,market,material/Agricultural/Plant production/Roots and tubers/Market,2
sugar beet,kilogram,market,material/Others/Obsolete,1
sugar beet,kilogram,transformation,material/Agricultural/Plant production/Roots and tubers/Transformation,6
sugar beet pulp,kilogram,market,material/Agricultural/Intermediate products/Market,1
sugar beet pulp,kilogram,market,waste treatment/Others/Obsolete,1
sugar beet pulp,kilogram,transformation,material/Agricultural/Plant production/Sugar beets/Transformation,4
"sugar beet seed, for sowing",kilogram,market,material/Agricultural/Plant seeds/Market,1
"sugar beet seed, for sowing",kilogram,transformation,material/Agricultural/Plant seeds/Transformation,1
sugar refinery,unit,market,material/Agricultural/Food/Market/Infrastructure,1
sugar refinery,unit,transformation,material/Agricultural/Food/Transformation/Infrastructure,1
"sugar, from sugar beet",kilogram,market,material/Agricultural/Food/Market,1
"sugar, from sugar beet",kilogram,transformation,material/Agricultural/Food/Transformation,2
"sugar, from sugarcane",kilogram,market,material/Agricultural/Food/Market,1
"sugar, from sugarcane",kilogram,transformation,material/Chemicals/Others/Transformation,4
"sugar, from sugarcane",kilogram,transformation,material/Others/Obsolete,2
sugarcane,kilogram,market,material/Agricultural/Plant production/Vegetables/Market,3
sugarcane,kilogram,transformation,material/Agricultural/Plant production/Vegetables/Transformation,9
sugarcane,kilogram,transformation,material/Others/Obsolete,3
"sugarcane loading, by loader",hectare,market,processing/Agricultural/Market,1
"sugarcane loading, by loader",hectare,transformation,processing/Agricultural/Transformation,2
"sugarcane transfer, by dump cart",hectare,market,processing/Agricultural/Market,1
"sugarcane transfer, by dump cart",hectare,transformation,processing/Agricultural/Transformation,2
"sugarcane vinasse application, by wheel reel irrigation",hectare,market,processing/Agricultural/Market,1
"sugarcane vinasse application, by wheel reel irrigation",hectare,transformation,processing/Agricultural/Transformation,2
sulfamic acid,kilogram,market,material/Chemicals/Acids (inorganic)/Market,1
sulfamic acid,kilogram,transformation,material/Chemicals/Acids (inorganic)/Transformation,1
sulfate pulp,kilogram,market,material/Others/Obsolete,1
sulfate pulp,kilogram,transformation,material/Others/Obsolete,9
"sulfate pulp, bleached",kilogram,market,material/Paper+ Board/Pulp/Market,2
"sulfate pulp, bleached",kilogram,transformation,material/Paper+ Board/Pulp/Transformation,8
"sulfate pulp, unbleached",kilogram,market,material/Paper+ Board/Pulp/Market,2
"sulfate pulp, unbleached",kilogram,transformation,material/Others/Obsolete,2
"sulfate pulp, unbleached",kilogram,transformation,material/Paper+ Board/Pulp/Transformation,3
"sulfate pulp, unbleached, from eucalyptus ssp. from sustainable forest management, TH",kilogram,market,material/Others/Obsolete,1
"sulfate pulp, unbleached, from eucalyptus ssp. from sustainable forest management, TH",kilogram,transformation,material/Others/Obsolete,1
"sulfidic tailing, off-site, high gold content",kilogram,market,material/Chemicals/Inorganic/Market,1
"sulfidic tailing, off-site, high gold content",kilogram,market,waste treatment/Others/Obsolete,2
"sulfidic tailing, off-site, high gold content",kilogram,transformation,material/Chemicals/Inorganic/Transformation,1
"sulfidic tailing, off-site, high gold content",kilogram,transformation,waste treatment/Others/Obsolete,1
"sulfidic tailings, from cinnabar mine operation",kilogram,market,waste treatment/Landfill/Residual material landfill/Market,2
"sulfidic tailings, from cinnabar mine operation",kilogram,transformation,waste treatment/Landfill/Residual material landfill/Transformation,2
"sulfidic tailings, from copper mine operation",kilogram,market,waste treatment/Landfill/Residual material landfill/Market,11
"sulfidic tailings, from copper mine operation",kilogram,transformation,waste treatment/Landfill/Residual material landfill/Transformation,11
"sulfidic tailings, from gold mine operation",kilogram,market,waste treatment/Landfill/Residual material landfill/Market,13
"sulfidic tailings, from gold mine operation",kilogram,transformation,waste treatment/Landfill/Residual material landfill/Transformation,13
"sulfidic tailings, from nickel mine operation",kilogram,market,waste treatment/Landfill/Residual material landfill/Market,4
"sulfidic tailings, from nickel mine operation",kilogram,transformation,waste treatment/Landfill/Residual material landfill/Transformation,4
"sulfidic tailings, from silver mine operation",kilogram,market,waste treatment/Landfill/Residual material landfill/Market,4
"sulfidic tailings, from silver mine operation",kilogram,transformation,waste treatment/Landfill/Residual material landfill/Transformation,4
"sulfidic tailings, from zinc-lead mine operation",kilogram,market,waste treatment/Landfill/Residual material landfill/Market,8
"sulfidic tailings, from zinc-lead mine operation",kilogram,transformation,waste treatment/Landfill/Residual material landfill/Transformation,8
"sulfidic tailings, generic",kilogram,market,waste treatment/Landfill/Residual material landfill/Market,1
"sulfidic tailings, generic",kilogram,transformation,waste treatment/Landfill/Residual material landfill/Transformation,1
sulfite,kilogram,market,material/Chemicals/Inorganic/Market,2
sulfite,kilogram,market,material/Others/Obsolete,1
sulfite,kilogram,transformation,material/Chemicals/Inorganic/Transformation,2
"sulfite pulp, bleached",kilogram,market,material/Paper+ Board/Pulp/Market,1
"sulfite pulp, bleached",kilogram,transformation,material/Paper+ Board/Pulp/Transformation,2
sulfur,kilogram,market,material/Chemicals/Inorganic/Market,1
sulfur,kilogram,transformation,material/Chemicals/Inorganic/Transformation,12
sulfur,kilogram,transformation,material/Metals/Non ferro/Transformation,1
sulfur,kilogram,transformation,material/Others/Obsolete,6
sulfur dichloride,kilogram,market,material/Chemicals/Inorganic/Market,2
sulfur dichloride,kilogram,market,material/Others/Obsolete,1
sulfur dichloride,kilogram,transformation,material/Chemicals/Inorganic/Transformation,2
"sulfur dioxide, liquid",kilogram,market,material/Chemicals/Gases/Liquified/Market,2
"sulfur dioxide, liquid",kilogram,transformation,material/Chemicals/Gases/Liquified/Transformation,3
"sulfur dioxide, liquid",kilogram,transformation,material/Chemicals/Gases/Transformation,2
"sulfur hexafluoride, liquid",kilogram,market,material/Chemicals/Gases/Market,2
"sulfur hexafluoride, liquid",kilogram,market,material/Others/Obsolete,1
"sulfur hexafluoride, liquid",kilogram,transformation,material/Chemicals/Gases/Transformation,2
sulfur stockpiling,kilogram,market,processing/Others/Market,1
sulfur stockpiling,kilogram,transformation,processing/Others/Transformation,2
sulfur trioxide,kilogram,market,material/Chemicals/Gases/Market,2
sulfur trioxide,kilogram,market,material/Others/Obsolete,1
sulfur trioxide,kilogram,transformation,material/Chemicals/Gases/Transformation,2
sulfuric acid,kilogram,market,material/Chemicals/Acids (inorganic)/Market,2
sulfuric acid,kilogram,market,material/Others/Obsolete,1
sulfuric acid,kilogram,transformation,material/Chemicals/Acids (inorganic)/Transformation,18
sulfuric acid,kilogram,transformation,material/Others/Obsolete,1
sulfuryl chloride,kilogram,market,material/Chemicals/Inorganic/Market,1
sulfuryl chloride,kilogram,transformation,material/Chemicals/Inorganic/Transformation,1
sunflower seed,kilogram,market,material/Agricultural/Plant seeds/Market,1
sunflower seed,kilogram,transformation,material/Agricultural/Plant seeds/Transformation,6
"sunflower seed, for sowing",kilogram,market,material/Agricultural/Plant seeds/Market,1
"sunflower seed, for sowing",kilogram,transformation,material/Agricultural/Plant seeds/Transformation,1
"sunflower seed, Swiss integrated production",kilogram,market,material/Agricultural/Plant seeds/Market,1
"sunflower seed, Swiss integrated production",kilogram,transformation,material/Agricultural/Plant seeds/Transformation,1
sunflower silage,kilogram,market,material/Agricultural/Animal feed/Market,1
sunflower silage,kilogram,transformation,material/Agricultural/Animal feed/Transformation,4
"sunn hemp plant, harvested",kilogram,market,material/Agricultural/Intermediate products/Market,1
"sunn hemp plant, harvested",kilogram,transformation,material/Agricultural/Intermediate products/Transformation,2
supplementary cementitious materials,kilogram,market,material/Construction/Binders/Market,3
supplementary cementitious materials,kilogram,transformation,material/Construction/Coverings/Market,26
supplementary cementitious materials,kilogram,transformation,material/Others/Obsolete,1
"supply air inlet, steel/SS, DN 75",unit,market,material/Construction/Ventilation/Market,1
"supply air inlet, steel/SS, DN 75",unit,transformation,material/Construction/Ventilation/Transformation,2
"swath, by rotary windrower",hectare,market,processing/Agricultural/Market,1
"swath, by rotary windrower",hectare,transformation,processing/Agricultural/Transformation,4
sweet corn,kilogram,market,material/Agricultural/Plant production/Cereals/Market,1
sweet corn,kilogram,transformation,material/Agricultural/Plant production/Cereals/Transformation,4
"sweet gas, burned in gas turbine",megajoule,market,energy/Electricity by fuel/Gas/Market,1
"sweet gas, burned in gas turbine",megajoule,transformation,energy/Electricity by fuel/Gas/Transformation,1
"sweet gas, burned in gas turbine",megajoule,transformation,energy/Others/Obsolete,2
sweet sorghum grain,kilogram,market,material/Agricultural/Animal feed/Market,1
sweet sorghum grain,kilogram,market,waste treatment/Others/Obsolete,1
sweet sorghum grain,kilogram,transformation,material/Agricultural/Plant production/Cereals/Transformation,2
sweet sorghum stem,kilogram,market,material/Agricultural/Plant production/Cereals/Market,1
sweet sorghum stem,kilogram,transformation,material/Agricultural/Plant production/Cereals/Transformation,2
"sweetening, natural gas",cubic meter,market,material/Fuels/Natural gas/Market,1
"sweetening, natural gas",cubic meter,transformation,material/Fuels/Natural gas/Transformation,2
"swine for slaughtering, live weight",kilogram,market,material/Agricultural/Animal production/Porcine/Market,1
"swine for slaughtering, live weight",kilogram,transformation,material/Agricultural/Animal production/Porcine/Transformation,2
"switch, toggle type",kilogram,market,material/Electronics/Component/Market,1
"switch, toggle type",kilogram,transformation,material/Electronics/Component/Transformation,2
synthetic gas,cubic meter,market,material/Fuels/Others/Market,2
synthetic gas,cubic meter,transformation,material/Fuels/Others/Transformation,4
synthetic gas factory,unit,market,material/Chemicals/Others/Market/Infrastructure,1
synthetic gas factory,unit,transformation,material/Chemicals/Others/Transformation/Infrastructure,2
"synthetic graphite, battery grade",kilogram,market,material/Chemicals/Organic/Market,2
"synthetic graphite, battery grade",kilogram,transformation,material/Chemicals/Organic/Transformation,2
synthetic rubber,kilogram,market,material/Plastics/Rubbers/Market,1
synthetic rubber,kilogram,transformation,material/Plastics/Rubbers/Transformation,2
"tailing, from uranium milling",cubic meter,market,waste treatment/Others/Market,1
"tailing, from uranium milling",cubic meter,transformation,waste treatment/Nuclear waste/Transformation,1
"tall oil, crude",kilogram,market,material/Chemicals/Others/Market,1
"tall oil, crude",kilogram,transformation,material/Chemicals/Others/Transformation,14
"tallow, unrefined",kilogram,market,material/Agricultural/Animal production/Bovine/Market,1
"tallow, unrefined",kilogram,market,waste treatment/Others/Obsolete,1
"tallow, unrefined",kilogram,transformation,material/Agricultural/Animal production/Bovine/Transformation,1
"tanker, for liquefied natural gas",unit,market,transport/Water/Market/Infrastructure,1
"tanker, for liquefied natural gas",unit,transformation,transport/Water/Transformation/Infrastructure,1
"tanker, for liquid goods other than petroleum and liquefied natural gas",unit,market,transport/Water/Market/Infrastructure,1
"tanker, for liquid goods other than petroleum and liquefied natural gas",unit,transformation,transport/Water/Transformation/Infrastructure,1
"tanker, for petroleum",unit,market,transport/Water/Market/Infrastructure,1
"tanker, for petroleum",unit,transformation,transport/Water/Transformation/Infrastructure,1
"tanker, transoceanic",unit,market,transport/Others/Obsolete,1
"tanker, transoceanic",unit,transformation,transport/Others/Obsolete,1
"tantalum concentrate, 30% Ta2O5",kilogram,market,material/Metals/Non ferro/Market,1
"tantalum concentrate, 30% Ta2O5",kilogram,transformation,material/Metals/Non ferro/Transformation,3
"tantalum powder, capacitor-grade",kilogram,market,material/Metals/Non ferro/Market,1
"tantalum powder, capacitor-grade",kilogram,transformation,material/Metals/Non ferro/Transformation,2
"tantalum, powder, capacitor-grade",kilogram,transformation,material/Others/Obsolete,1
tap water,kilogram,market,material/Water/Drinking water/Market,11
tap water,kilogram,transformation,material/Water/Drinking water/Transformation,54
"tea, dried",kilogram,market,material/Agricultural/Food/Market,1
"tea, dried",kilogram,transformation,material/Agricultural/Food/Transformation,5
tebuconazole,kilogram,market,material/Chemicals/Organic/Market,1
tebuconazole,kilogram,transformation,material/Chemicals/Organic/Transformation,1
technical wood drying facility,unit,market,material/Wood/Products/Market/Infrastructure,1
technical wood drying facility,unit,transformation,material/Wood/Products/Transformation/Infrastructure,2
television,unit,market,material/Appliances/Market/Infrastructure,1
television,unit,transformation,material/Appliances/Transformation/Infrastructure,1
"tellurium, semiconductor-grade",kilogram,market,material/Metals/Non ferro/Market,1
"tellurium, semiconductor-grade",kilogram,transformation,material/Metals/Non ferro/Transformation,2
"tempering, flat glass",kilogram,market,processing/Glass/Market,1
"tempering, flat glass",kilogram,transformation,processing/Glass/Transformation,2
terbium oxide,kilogram,market,material/Chemicals/Inorganic/Market,1
terbium oxide,kilogram,transformation,material/Chemicals/Inorganic/Transformation,2
terbium-dysprosium oxide,kilogram,market,material/Chemicals/Inorganic/Market,1
terbium-dysprosium oxide,kilogram,transformation,material/Chemicals/Inorganic/Transformation,1
terrain chipper on forwarder,unit,market,transport/Road/Market/Infrastructure,1
terrain chipper on forwarder,unit,transformation,transport/Road/Transformation/Infrastructure,1
tert-butyl amine,kilogram,market,material/Chemicals/Organic/Market,1
tert-butyl amine,kilogram,transformation,material/Chemicals/Organic/Transformation,2
tetrachloroethylene,kilogram,market,material/Chemicals/Organic/Market,2
tetrachloroethylene,kilogram,market,material/Others/Obsolete,1
tetrachloroethylene,kilogram,transformation,material/Chemicals/Organic/Transformation,2
tetraethyl orthosilicate,kilogram,market,material/Chemicals/Organic/Market,1
tetraethyl orthosilicate,kilogram,transformation,material/Chemicals/Organic/Transformation,1
tetrafluoroethane,kilogram,market,material/Others/Obsolete,1
tetrafluoroethane,kilogram,transformation,material/Others/Obsolete,1
tetrafluoroethylene,kilogram,market,material/Plastics/Thermoplasts/Market,1
tetrafluoroethylene,kilogram,transformation,material/Plastics/Thermoplasts/Transformation,2
"tetrafluoroethylene film, on glass",kilogram,market,material/Plastics/Thermoplasts/Market,1
"tetrafluoroethylene film, on glass",kilogram,transformation,material/Plastics/Thermoplasts/Transformation,2
tetrahydrofuran,kilogram,market,material/Chemicals/Organic/Market,1
tetrahydrofuran,kilogram,transformation,material/Chemicals/Organic/Transformation,2
"textile, jute",kilogram,market,material/Textiles/Market,1
"textile, jute",kilogram,transformation,material/Others/Obsolete,1
"textile, jute",kilogram,transformation,material/Textiles/Transformation,3
"textile, kenaf",kilogram,market,material/Textiles/Market,1
"textile, kenaf",kilogram,transformation,material/Textiles/Transformation,2
"textile, knit cotton",kilogram,market,material/Textiles/Market,1
"textile, knit cotton",kilogram,transformation,material/Others/Obsolete,2
"textile, knit cotton",kilogram,transformation,material/Textiles/Transformation,3
"textile, nonwoven polyester",kilogram,market,material/Textiles/Market,1
"textile, nonwoven polyester",kilogram,transformation,material/Textiles/Transformation,2
"textile, nonwoven polypropylene",kilogram,market,material/Textiles/Market,1
"textile, nonwoven polypropylene",kilogram,transformation,material/Textiles/Transformation,2
"textile, silk",kilogram,market,material/Textiles/Market,1
"textile, silk",kilogram,transformation,material/Textiles/Transformation,2
"textile, woven cotton",kilogram,market,material/Textiles/Market,1
"textile, woven cotton",kilogram,transformation,material/Others/Obsolete,1
"textile, woven cotton",kilogram,transformation,material/Textiles/Transformation,4
"thermal energy storage, for adiabatic compressed air energy storage",unit,market,energy/Others/Market,1
"thermal energy storage, for adiabatic compressed air energy storage",unit,transformation,energy/Others/Transformation,1
"thermal plaster, outdoor",kilogram,market,material/Construction/Coverings/Market,1
"thermal plaster, outdoor",kilogram,transformation,material/Construction/Coverings/Transformation,2
"thermal storage system, solar thermal parabolic trough, 50 MW",unit,market,energy/Electricity by fuel/Photovoltaic/Market/Infrastructure,1
"thermal storage system, solar thermal parabolic trough, 50 MW",unit,transformation,energy/Electricity by fuel/Photovoltaic/Transformation/Infrastructure,2
"thermal storage system, solar tower power plant, 20 MW",unit,market,energy/Electricity by fuel/Photovoltaic/Market/Infrastructure,1
"thermal storage system, solar tower power plant, 20 MW",unit,transformation,energy/Electricity by fuel/Photovoltaic/Transformation/Infrastructure,2
thermo-mechanical pulp,kilogram,market,material/Paper+ Board/Pulp/Market,1
thermo-mechanical pulp,kilogram,transformation,material/Paper+ Board/Pulp/Transformation,2
thermoforming of plastic sheets,kilogram,market,processing/Plastics/Market,1
thermoforming of plastic sheets,kilogram,transformation,processing/Plastics/Transformation,2
"thermoforming, with calendering",kilogram,market,processing/Plastics/Market,1
"thermoforming, with calendering",kilogram,transformation,processing/Others/Obsolete,2
"thermoforming, with calendering",kilogram,transformation,processing/Plastics/Transformation,2
thionyl chloride,kilogram,market,material/Chemicals/Inorganic/Market,2
thionyl chloride,kilogram,market,material/Others/Obsolete,1
thionyl chloride,kilogram,transformation,material/Chemicals/Inorganic/Transformation,2
three and five layered board,cubic meter,market,material/Wood/Products/Market,2
three and five layered board,cubic meter,transformation,material/Wood/Products/Transformation,2
three layered laminated board,cubic meter,market,material/Others/Obsolete,1
thulium oxide,kilogram,market,material/Chemicals/Inorganic/Market,1
thulium oxide,kilogram,transformation,material/Chemicals/Inorganic/Transformation,2
tilapia,kilogram,market,material/Agricultural/Animal production/Fish/Market,1
tilapia,kilogram,transformation,material/Agricultural/Animal production/Fish/Transformation,2
"tilapia feed, 24-28% protein",kilogram,market,material/Agricultural/Animal feed/Market,1
"tilapia feed, 24-28% protein",kilogram,transformation,material/Agricultural/Animal feed/Transformation,2
"tillage, cultivating, chiselling",hectare,market,processing/Agricultural/Market,1
"tillage, cultivating, chiselling",hectare,transformation,processing/Agricultural/Transformation,4
"tillage, currying, by weeder",hectare,market,processing/Agricultural/Market,1
"tillage, currying, by weeder",hectare,transformation,processing/Agricultural/Transformation,2
"tillage, harrowing, by offset disc harrow",hectare,market,processing/Agricultural/Market,1
"tillage, harrowing, by offset disc harrow",hectare,transformation,processing/Agricultural/Transformation,3
"tillage, harrowing, by offset leveling disc harrow",hectare,market,processing/Agricultural/Market,1
"tillage, harrowing, by offset leveling disc harrow",hectare,transformation,processing/Agricultural/Transformation,2
"tillage, harrowing, by rotary harrow",hectare,market,processing/Agricultural/Market,1
"tillage, harrowing, by rotary harrow",hectare,transformation,processing/Agricultural/Transformation,3
"tillage, harrowing, by spring tine harrow",hectare,market,processing/Agricultural/Market,1
"tillage, harrowing, by spring tine harrow",hectare,transformation,processing/Agricultural/Transformation,2
"tillage, hoeing and earthing-up, potatoes",hectare,market,processing/Agricultural/Market,1
"tillage, hoeing and earthing-up, potatoes",hectare,transformation,processing/Agricultural/Transformation,3
"tillage, ploughing",hectare,market,processing/Agricultural/Market,1
"tillage, ploughing",hectare,transformation,processing/Agricultural/Transformation,4
"tillage, rolling",hectare,market,processing/Agricultural/Market,1
"tillage, rolling",hectare,transformation,processing/Agricultural/Transformation,4
"tillage, rotary cultivator",hectare,market,processing/Agricultural/Market,1
"tillage, rotary cultivator",hectare,transformation,processing/Agricultural/Transformation,5
"tillage, subsoiling, by subsoiler plow",hectare,market,processing/Agricultural/Market,1
"tillage, subsoiling, by subsoiler plow",hectare,transformation,processing/Agricultural/Transformation,2
tin,kilogram,market,material/Metals/Non ferro/Market,1
tin,kilogram,transformation,material/Metals/Non ferro/Transformation,2
tin,kilogram,transformation,material/Others/Obsolete,1
tin concentrate,kilogram,market,material/Chemicals/Inorganic/Market,1
tin concentrate,kilogram,transformation,material/Chemicals/Inorganic/Transformation,2
tin dioxide,kilogram,market,material/Chemicals/Inorganic/Market,1
tin dioxide,kilogram,transformation,material/Chemicals/Inorganic/Transformation,1
"tin plated chromium steel sheet, 2 mm",square meter,market,material/Metals/Non ferro/Market,1
"tin plated chromium steel sheet, 2 mm",square meter,transformation,material/Metals/Non ferro/Transformation,2
"tin plating, pieces",square meter,market,processing/Metals/Coating/Market,1
"tin plating, pieces",square meter,transformation,processing/Metals/Coating/Transformation,2
tin slag,kilogram,market,waste treatment/Others/Market,1
tin slag,kilogram,transformation,waste treatment/Landfill/Residual material landfill/Transformation,1
"tinplate scrap, sorted",kilogram,market,material/Metals/Waste metals/Market,3
"tinplate scrap, sorted",kilogram,transformation,material/Metals/Waste metals/Transformation,4
"tinplate, in mixed metal scrap",kilogram,market,material/Metals/Waste metals/Market,3
"tinplate, in mixed metal scrap",kilogram,market,waste treatment/Others/Obsolete,3
"tinplate, in mixed metal scrap",kilogram,transformation,material/Metals/Non ferro/Transformation,1
tissue paper,kilogram,market,material/Paper+ Board/Packaging paper/Market,1
tissue paper,kilogram,transformation,material/Paper+ Board/Graphic paper/Transformation,2
tissue paper,kilogram,transformation,material/Paper+ Board/Packaging paper/Transformation,1
"titania slag, 85% titanium dioxide",kilogram,market,material/Metals/Non ferro/Market,1
"titania slag, 85% titanium dioxide",kilogram,transformation,material/Metals/Non ferro/Transformation,1
"titania slag, 85% titanium dioxide",kilogram,transformation,material/Others/Obsolete,1
"titania slag, 94% titanium dioxide",kilogram,market,material/Metals/Non ferro/Market,1
"titania slag, 94% titanium dioxide",kilogram,transformation,material/Metals/Non ferro/Transformation,1
titanium,kilogram,market,material/Metals/Non ferro/Market,1
titanium,kilogram,transformation,material/Metals/Non ferro/Transformation,1
titanium dioxide,kilogram,market,material/Chemicals/Inorganic/Market,2
titanium dioxide,kilogram,transformation,material/Chemicals/Inorganic/Transformation,4
titanium sponge,kilogram,market,material/Metals/Non ferro/Market,1
titanium sponge,kilogram,transformation,material/Metals/Non ferro/Transformation,3
titanium tetrachloride,kilogram,market,material/Chemicals/Inorganic/Market,1
titanium tetrachloride,kilogram,transformation,material/Chemicals/Inorganic/Transformation,3
titanium tetrachloride,kilogram,transformation,material/Others/Obsolete,1
"titanium zinc plate, without pre-weathering",kilogram,market,material/Metals/Non ferro/Market,1
"titanium zinc plate, without pre-weathering",kilogram,transformation,material/Metals/Non ferro/Transformation,2
"titanium, triple-melt",kilogram,market,material/Metals/Non ferro/Market,1
"titanium, triple-melt",kilogram,transformation,material/Metals/Non ferro/Transformation,1
tofu,kilogram,market,material/Agricultural/Food/Market,1
tofu,kilogram,transformation,material/Agricultural/Food/Transformation,2
toluene diisocyanate,kilogram,market,material/Chemicals/Organic/Market,2
toluene diisocyanate,kilogram,market,material/Others/Obsolete,1
toluene diisocyanate,kilogram,transformation,material/Chemicals/Organic/Transformation,2
"toluene, liquid",kilogram,market,material/Chemicals/Organic/Market,2
"toluene, liquid",kilogram,market,material/Others/Obsolete,1
"toluene, liquid",kilogram,transformation,material/Chemicals/Organic/Transformation,2
tomato,kilogram,market,material/Others/Obsolete,1
tomato,kilogram,transformation,material/Others/Obsolete,1
"tomato seedling, for planting",unit,market,material/Agricultural/Plant seeds/Market,1
"tomato seedling, for planting",unit,transformation,material/Agricultural/Plant seeds/Transformation,6
"tomato, fresh grade",kilogram,market,material/Agricultural/Plant production/Vegetables/Market,1
"tomato, fresh grade",kilogram,transformation,material/Agricultural/Plant production/Vegetables/Transformation,8
"tomato, processing grade",kilogram,market,material/Agricultural/Plant production/Vegetables/Market,1
"tomato, processing grade",kilogram,transformation,material/Agricultural/Plant production/Vegetables/Transformation,2
"toner module, laser printer, black/white",unit,market,material/Electronics/Module/Market,1
"toner module, laser printer, black/white",unit,transformation,material/Electronics/Module/Transformation,3
"toner module, laser printer, colour",unit,market,material/Electronics/Module/Market,1
"toner module, laser printer, colour",unit,transformation,material/Electronics/Module/Transformation,3
"toner, black, powder",kilogram,market,material/Electronics/Module/Market,1
"toner, black, powder",kilogram,transformation,material/Electronics/Module/Transformation,1
"toner, colour, powder",kilogram,market,material/Electronics/Module/Market,1
"toner, colour, powder",kilogram,transformation,material/Electronics/Module/Transformation,1
total emissions of Europe per year,unit,transformation,material/Others,1
total emissions of the World per year,unit,transformation,material/Others,1
"tower silo, plastic",cubic meter,market,processing/Agricultural/Market/Infrastructure,1
"tower silo, plastic",cubic meter,transformation,processing/Agricultural/Transformation/Infrastructure,2
"tractor, 4-wheel, agricultural",kilogram,market,transport/Road/Market/Infrastructure,1
"tractor, 4-wheel, agricultural",kilogram,transformation,transport/Road/Transformation/Infrastructure,2
"train, passenger, high speed",unit,market,transport/Rail/Market/Infrastructure,1
"train, passenger, high speed",unit,transformation,transport/Rail/Transformation/Infrastructure,2
"train, passenger, long-distance",unit,market,transport/Rail/Market/Infrastructure,1
"train, passenger, long-distance",unit,transformation,transport/Rail/Transformation/Infrastructure,2
"train, passenger, regional",unit,market,transport/Rail/Market/Infrastructure,1
"train, passenger, regional",unit,transformation,transport/Rail/Transformation/Infrastructure,2
tram,unit,market,transport/Rail/Market/Infrastructure,1
tram,unit,transformation,transport/Rail/Transformation/Infrastructure,2
tram track,meter-year,market,transport/Rail/Market/Infrastructure,1
tram track,meter-year,transformation,transport/Rail/Transformation/Infrastructure,2
"transformer, high voltage use",kilogram,market,material/Electronics/Component/Market,1
"transformer, high voltage use",kilogram,transformation,material/Electronics/Component/Transformation,1
"transformer, low voltage use",kilogram,market,material/Electronics/Component/Market,1
"transformer, low voltage use",kilogram,transformation,material/Electronics/Component/Transformation,1
"transistor, auxilliaries and energy use",kilogram,market,material/Electronics/Component/Market,1
"transistor, auxilliaries and energy use",kilogram,transformation,material/Electronics/Component/Transformation,1
"transistor, surface-mounted",kilogram,market,material/Electronics/Component/Market,1
"transistor, surface-mounted",kilogram,transformation,material/Electronics/Component/Transformation,1
"transistor, wired, big size, through-hole mounting",kilogram,market,material/Electronics/Component/Market,1
"transistor, wired, big size, through-hole mounting",kilogram,transformation,material/Electronics/Component/Transformation,1
"transistor, wired, small size, through-hole mounting",kilogram,market,material/Electronics/Component/Market,1
"transistor, wired, small size, through-hole mounting",kilogram,transformation,material/Electronics/Component/Transformation,1
"transmission network, electricity, high voltage",kilometer,market,transport/Electricity/Market/Infrastructure,1
"transmission network, electricity, high voltage",kilometer,transformation,transport/Electricity/Transformation/Infrastructure,2
"transmission network, electricity, high voltage",kilometer,transformation,transport/Others/Obsolete,1
"transmission network, electricity, high voltage direct current aerial line",kilometer,market,transport/Electricity/Market/Infrastructure,1
"transmission network, electricity, high voltage direct current aerial line",kilometer,transformation,transport/Electricity/Transformation/Infrastructure,2
"transmission network, electricity, high voltage direct current land cable",kilometer,market,transport/Electricity/Market/Infrastructure,1
"transmission network, electricity, high voltage direct current land cable",kilometer,transformation,transport/Electricity/Transformation/Infrastructure,2
"transmission network, electricity, high voltage direct current subsea cable",kilometer,market,transport/Electricity/Market/Infrastructure,1
"transmission network, electricity, high voltage direct current subsea cable",kilometer,transformation,transport/Electricity/Transformation/Infrastructure,2
"transmission network, electricity, medium voltage",kilometer,market,transport/Electricity/Market/Infrastructure,1
"transmission network, electricity, medium voltage",kilometer,transformation,transport/Electricity/Transformation/Infrastructure,3
"transmission network, long-distance",kilometer,market,transport/Others/Obsolete,1
"transmission network, long-distance",kilometer,transformation,transport/Others/Obsolete,2
"transport, freight train",ton kilometer,market,transport/Rail/Market,9
"transport, freight train",ton kilometer,transformation,transport/Others/Obsolete,1
"transport, freight train",ton kilometer,transformation,transport/Rail/Transformation,20
"transport, freight, aircraft",ton kilometer,transformation,transport/Others/Obsolete,4
"transport, freight, aircraft with reefer, cooling",ton kilometer,market,transport/Air/Market,1
"transport, freight, aircraft with reefer, cooling",ton kilometer,transformation,transport/Air/Transformation,1
"transport, freight, aircraft with reefer, freezing",ton kilometer,market,transport/Air/Market,1
"transport, freight, aircraft with reefer, freezing",ton kilometer,transformation,transport/Air/Transformation,1
"transport, freight, aircraft, long haul",ton kilometer,market,transport/Air/Market,1
"transport, freight, aircraft, long haul",ton kilometer,transformation,transport/Air/Transformation,2
"transport, freight, aircraft, medium haul",ton kilometer,market,transport/Air/Market,1
"transport, freight, aircraft, medium haul",ton kilometer,transformation,transport/Air/Transformation,2
"transport, freight, aircraft, short haul",ton kilometer,market,transport/Air/Market,1
"transport, freight, aircraft, short haul",ton kilometer,transformation,transport/Air/Transformation,2
"transport, freight, aircraft, unspecified",ton kilometer,market,transport/Air/Market,1
"transport, freight, aircraft, unspecified",ton kilometer,transformation,transport/Air/Market,1
"transport, freight, aircraft, very short haul",ton kilometer,market,transport/Air/Market,1
"transport, freight, aircraft, very short haul",ton kilometer,transformation,transport/Air/Transformation,2
"transport, freight, conveyor belt",ton kilometer,market,transport/Building equipment/Market,1
"transport, freight, conveyor belt",ton kilometer,transformation,transport/Building equipment/Transformation,1
"transport, freight, inland waterways, barge",ton kilometer,market,transport/Others/Obsolete,1
"transport, freight, inland waterways, barge",ton kilometer,market,transport/Water/Market,3
"transport, freight, inland waterways, barge",ton kilometer,transformation,transport/Water/Transformation,2
"transport, freight, inland waterways, barge tanker",ton kilometer,market,transport/Others/Obsolete,1
"transport, freight, inland waterways, barge tanker",ton kilometer,market,transport/Water/Market,3
"transport, freight, inland waterways, barge tanker",ton kilometer,transformation,transport/Water/Transformation,2
"transport, freight, inland waterways, barge with reefer, cooling",ton kilometer,market,transport/Water/Market,1
"transport, freight, inland waterways, barge with reefer, cooling",ton kilometer,transformation,transport/Water/Transformation,1
"transport, freight, inland waterways, barge with reefer, freezing",ton kilometer,market,transport/Water/Market,1
"transport, freight, inland waterways, barge with reefer, freezing",ton kilometer,transformation,transport/Water/Transformation,1
"transport, freight, light commercial vehicle",ton kilometer,market,transport/Others/Obsolete,1
"transport, freight, light commercial vehicle",ton kilometer,market,transport/Road/Market,6
"transport, freight, light commercial vehicle",ton kilometer,transformation,transport/Road/Market,1
"transport, freight, light commercial vehicle",ton kilometer,transformation,transport/Road/Transformation,3
"transport, freight, light commercial vehicle, EURO1",ton kilometer,market,transport/Road/Market,1
"transport, freight, light commercial vehicle, EURO1",ton kilometer,transformation,transport/Road/Transformation,1
"transport, freight, light commercial vehicle, EURO2",ton kilometer,market,transport/Road/Market,1
"transport, freight, light commercial vehicle, EURO2",ton kilometer,transformation,transport/Road/Transformation,1
"transport, freight, light commercial vehicle, unregulated",ton kilometer,market,transport/Road/Market,1
"transport, freight, light commercial vehicle, unregulated",ton kilometer,transformation,transport/Road/Transformation,1
"transport, freight, lorry 16-32 metric ton, EURO1",ton kilometer,market,transport/Road/Market,2
"transport, freight, lorry 16-32 metric ton, EURO1",ton kilometer,transformation,transport/Road/Transformation,2
"transport, freight, lorry 16-32 metric ton, EURO2",ton kilometer,market,transport/Road/Market,2
"transport, freight, lorry 16-32 metric ton, EURO2",ton kilometer,transformation,transport/Road/Transformation,2
"transport, freight, lorry 16-32 metric ton, EURO3",ton kilometer,market,transport/Others/Obsolete,1
"transport, freight, lorry 16-32 metric ton, EURO3",ton kilometer,market,transport/Road/Market,3
"transport, freight, lorry 16-32 metric ton, EURO3",ton kilometer,transformation,transport/Road/Transformation,3
"transport, freight, lorry 16-32 metric ton, EURO4",ton kilometer,market,transport/Others/Obsolete,1
"transport, freight, lorry 16-32 metric ton, EURO4",ton kilometer,market,transport/Road/Market,2
"transport, freight, lorry 16-32 metric ton, EURO4",ton kilometer,transformation,transport/Road/Transformation,2
"transport, freight, lorry 16-32 metric ton, EURO5",ton kilometer,market,transport/Others/Obsolete,1
"transport, freight, lorry 16-32 metric ton, EURO5",ton kilometer,market,transport/Road/Market,3
"transport, freight, lorry 16-32 metric ton, EURO5",ton kilometer,transformation,transport/Road/Transformation,3
"transport, freight, lorry 16-32 metric ton, EURO6",ton kilometer,market,transport/Others/Obsolete,1
"transport, freight, lorry 16-32 metric ton, EURO6",ton kilometer,market,transport/Road/Market,2
"transport, freight, lorry 16-32 metric ton, EURO6",ton kilometer,transformation,transport/Road/Transformation,2
"transport, freight, lorry 16-32 metric ton, unregulated",ton kilometer,market,transport/Road/Market,2
"transport, freight, lorry 16-32 metric ton, unregulated",ton kilometer,transformation,transport/Road/Transformation,2
"transport, freight, lorry 28 metric ton, fatty acid methyl ester 100%",ton kilometer,market,transport/Road/Market,3
"transport, freight, lorry 28 metric ton, fatty acid methyl ester 100%",ton kilometer,transformation,transport/Road/Transformation,2
"transport, freight, lorry 28 metric ton, vegetable oil methyl ester 100%",ton kilometer,market,transport/Others/Obsolete,1
"transport, freight, lorry 3.5-7.5 metric ton, EURO1",ton kilometer,market,transport/Road/Market,2
"transport, freight, lorry 3.5-7.5 metric ton, EURO1",ton kilometer,transformation,transport/Road/Transformation,2
"transport, freight, lorry 3.5-7.5 metric ton, EURO2",ton kilometer,market,transport/Road/Market,2
"transport, freight, lorry 3.5-7.5 metric ton, EURO2",ton kilometer,transformation,transport/Road/Transformation,2
"transport, freight, lorry 3.5-7.5 metric ton, EURO3",ton kilometer,market,transport/Others/Obsolete,1
"transport, freight, lorry 3.5-7.5 metric ton, EURO3",ton kilometer,market,transport/Road/Market,3
"transport, freight, lorry 3.5-7.5 metric ton, EURO3",ton kilometer,transformation,transport/Road/Transformation,3
"transport, freight, lorry 3.5-7.5 metric ton, EURO4",ton kilometer,market,transport/Others/Obsolete,1
"transport, freight, lorry 3.5-7.5 metric ton, EURO4",ton kilometer,market,transport/Road/Market,2
"transport, freight, lorry 3.5-7.5 metric ton, EURO4",ton kilometer,transformation,transport/Road/Transformation,2
"transport, freight, lorry 3.5-7.5 metric ton, EURO5",ton kilometer,market,transport/Others/Obsolete,1
"transport, freight, lorry 3.5-7.5 metric ton, EURO5",ton kilometer,market,transport/Road/Market,3
"transport, freight, lorry 3.5-7.5 metric ton, EURO5",ton kilometer,transformation,transport/Road/Transformation,3
"transport, freight, lorry 3.5-7.5 metric ton, EURO6",ton kilometer,market,transport/Others/Obsolete,1
"transport, freight, lorry 3.5-7.5 metric ton, EURO6",ton kilometer,market,transport/Road/Market,2
"transport, freight, lorry 3.5-7.5 metric ton, EURO6",ton kilometer,transformation,transport/Road/Transformation,2
"transport, freight, lorry 3.5-7.5 metric ton, unregulated",ton kilometer,market,transport/Road/Market,2
"transport, freight, lorry 3.5-7.5 metric ton, unregulated",ton kilometer,transformation,transport/Road/Transformation,2
"transport, freight, lorry 7.5-16 metric ton, EURO1",ton kilometer,market,transport/Road/Market,2
"transport, freight, lorry 7.5-16 metric ton, EURO1",ton kilometer,transformation,transport/Road/Transformation,2
"transport, freight, lorry 7.5-16 metric ton, EURO2",ton kilometer,market,transport/Road/Market,2
"transport, freight, lorry 7.5-16 metric ton, EURO2",ton kilometer,transformation,transport/Road/Transformation,2
"transport, freight, lorry 7.5-16 metric ton, EURO3",ton kilometer,market,transport/Others/Obsolete,1
"transport, freight, lorry 7.5-16 metric ton, EURO3",ton kilometer,market,transport/Road/Market,3
"transport, freight, lorry 7.5-16 metric ton, EURO3",ton kilometer,transformation,transport/Road/Transformation,3
"transport, freight, lorry 7.5-16 metric ton, EURO4",ton kilometer,market,transport/Others/Obsolete,1
"transport, freight, lorry 7.5-16 metric ton, EURO4",ton kilometer,market,transport/Road/Market,2
"transport, freight, lorry 7.5-16 metric ton, EURO4",ton kilometer,transformation,transport/Road/Transformation,2
"transport, freight, lorry 7.5-16 metric ton, EURO5",ton kilometer,market,transport/Others/Obsolete,1
"transport, freight, lorry 7.5-16 metric ton, EURO5",ton kilometer,market,transport/Road/Market,3
"transport, freight, lorry 7.5-16 metric ton, EURO5",ton kilometer,transformation,transport/Road/Transformation,3
"transport, freight, lorry 7.5-16 metric ton, EURO6",ton kilometer,market,transport/Others/Obsolete,1
"transport, freight, lorry 7.5-16 metric ton, EURO6",ton kilometer,market,transport/Road/Market,2
"transport, freight, lorry 7.5-16 metric ton, EURO6",ton kilometer,transformation,transport/Road/Transformation,2
"transport, freight, lorry 7.5-16 metric ton, unregulated",ton kilometer,market,transport/Road/Market,2
"transport, freight, lorry 7.5-16 metric ton, unregulated",ton kilometer,transformation,transport/Road/Transformation,2
"transport, freight, lorry >32 metric ton, EURO1",ton kilometer,market,transport/Road/Market,2
"transport, freight, lorry >32 metric ton, EURO1",ton kilometer,transformation,transport/Road/Transformation,2
"transport, freight, lorry >32 metric ton, EURO2",ton kilometer,market,transport/Road/Market,2
"transport, freight, lorry >32 metric ton, EURO2",ton kilometer,transformation,transport/Road/Transformation,2
"transport, freight, lorry >32 metric ton, EURO3",ton kilometer,market,transport/Others/Obsolete,1
"transport, freight, lorry >32 metric ton, EURO3",ton kilometer,market,transport/Road/Market,3
"transport, freight, lorry >32 metric ton, EURO3",ton kilometer,transformation,transport/Road/Transformation,3
"transport, freight, lorry >32 metric ton, EURO4",ton kilometer,market,transport/Others/Obsolete,1
"transport, freight, lorry >32 metric ton, EURO4",ton kilometer,market,transport/Road/Market,2
"transport, freight, lorry >32 metric ton, EURO4",ton kilometer,transformation,transport/Road/Transformation,2
"transport, freight, lorry >32 metric ton, EURO5",ton kilometer,market,transport/Others/Obsolete,1
"transport, freight, lorry >32 metric ton, EURO5",ton kilometer,market,transport/Road/Market,3
"transport, freight, lorry >32 metric ton, EURO5",ton kilometer,transformation,transport/Road/Transformation,3
"transport, freight, lorry >32 metric ton, EURO6",ton kilometer,market,transport/Others/Obsolete,1
"transport, freight, lorry >32 metric ton, EURO6",ton kilometer,market,transport/Road/Market,2
"transport, freight, lorry >32 metric ton, EURO6",ton kilometer,transformation,transport/Road/Transformation,2
"transport, freight, lorry >32 metric ton, unregulated",ton kilometer,market,transport/Road/Market,2
"transport, freight, lorry >32 metric ton, unregulated",ton kilometer,transformation,transport/Road/Transformation,2
"transport, freight, lorry with reefer, cooling",ton kilometer,market,transport/Road/Market,1
"transport, freight, lorry with reefer, cooling",ton kilometer,transformation,transport/Road/Transformation,1
"transport, freight, lorry with reefer, freezing",ton kilometer,market,transport/Road/Market,1
"transport, freight, lorry with reefer, freezing",ton kilometer,transformation,transport/Road/Transformation,1
"transport, freight, lorry with refrigeration machine, 3.5-7.5 ton, EURO3, carbon dioxide, liquid refrigerant, cooling",ton kilometer,market,transport/Road/Market,1
"transport, freight, lorry with refrigeration machine, 3.5-7.5 ton, EURO3, carbon dioxide, liquid refrigerant, cooling",ton kilometer,transformation,transport/Road/Transformation,1
"transport, freight, lorry with refrigeration machine, 3.5-7.5 ton, EURO3, carbon dioxide, liquid refrigerant, freezing",ton kilometer,market,transport/Road/Market,1
"transport, freight, lorry with refrigeration machine, 3.5-7.5 ton, EURO3, carbon dioxide, liquid refrigerant, freezing",ton kilometer,transformation,transport/Road/Transformation,1
"transport, freight, lorry with refrigeration machine, 3.5-7.5 ton, EURO3, R134a refrigerant, cooling",ton kilometer,market,transport/Road/Market,1
"transport, freight, lorry with refrigeration machine, 3.5-7.5 ton, EURO3, R134a refrigerant, cooling",ton kilometer,transformation,transport/Road/Transformation,1
"transport, freight, lorry with refrigeration machine, 3.5-7.5 ton, EURO3, R134a refrigerant, freezing",ton kilometer,market,transport/Road/Market,1
"transport, freight, lorry with refrigeration machine, 3.5-7.5 ton, EURO3, R134a refrigerant, freezing",ton kilometer,transformation,transport/Road/Transformation,1
"transport, freight, lorry with refrigeration machine, 3.5-7.5 ton, EURO4, carbon dioxide, liquid refrigerant, cooling",ton kilometer,market,transport/Road/Market,1
"transport, freight, lorry with refrigeration machine, 3.5-7.5 ton, EURO4, carbon dioxide, liquid refrigerant, cooling",ton kilometer,transformation,transport/Road/Transformation,1
"transport, freight, lorry with refrigeration machine, 3.5-7.5 ton, EURO4, carbon dioxide, liquid refrigerant, freezing",ton kilometer,market,transport/Road/Market,1
"transport, freight, lorry with refrigeration machine, 3.5-7.5 ton, EURO4, carbon dioxide, liquid refrigerant, freezing",ton kilometer,transformation,transport/Road/Transformation,1
"transport, freight, lorry with refrigeration machine, 3.5-7.5 ton, EURO4, R134a refrigerant, cooling",ton kilometer,market,transport/Road/Market,1
"transport, freight, lorry with refrigeration machine, 3.5-7.5 ton, EURO4, R134a refrigerant, cooling",ton kilometer,transformation,transport/Road/Transformation,1
"transport, freight, lorry with refrigeration machine, 3.5-7.5 ton, EURO4, R134a refrigerant, freezing",ton kilometer,market,transport/Road/Market,1
"transport, freight, lorry with refrigeration machine, 3.5-7.5 ton, EURO4, R134a refrigerant, freezing",ton kilometer,transformation,transport/Road/Transformation,1
"transport, freight, lorry with refrigeration machine, 3.5-7.5 ton, EURO5, carbon dioxide, liquid refrigerant, cooling",ton kilometer,market,transport/Road/Market,1
"transport, freight, lorry with refrigeration machine, 3.5-7.5 ton, EURO5, carbon dioxide, liquid refrigerant, cooling",ton kilometer,transformation,transport/Road/Transformation,1
"transport, freight, lorry with refrigeration machine, 3.5-7.5 ton, EURO5, carbon dioxide, liquid refrigerant, freezing",ton kilometer,market,transport/Road/Market,1
"transport, freight, lorry with refrigeration machine, 3.5-7.5 ton, EURO5, carbon dioxide, liquid refrigerant, freezing",ton kilometer,transformation,transport/Road/Transformation,1
"transport, freight, lorry with refrigeration machine, 3.5-7.5 ton, EURO5, R134a refrigerant, cooling",ton kilometer,market,transport/Road/Market,1
"transport, freight, lorry with refrigeration machine, 3.5-7.5 ton, EURO5, R134a refrigerant, cooling",ton kilometer,transformation,transport/Road/Transformation,1
"transport, freight, lorry with refrigeration machine, 3.5-7.5 ton, EURO5, R134a refrigerant, freezing",ton kilometer,market,transport/Road/Market,1
"transport, freight, lorry with refrigeration machine, 3.5-7.5 ton, EURO5, R134a refrigerant, freezing",ton kilometer,transformation,transport/Road/Transformation,1
"transport, freight, lorry with refrigeration machine, 3.5-7.5 ton, EURO6, carbon dioxide, liquid refrigerant, cooling",ton kilometer,market,transport/Road/Market,1
"transport, freight, lorry with refrigeration machine, 3.5-7.5 ton, EURO6, carbon dioxide, liquid refrigerant, cooling",ton kilometer,transformation,transport/Road/Transformation,1
"transport, freight, lorry with refrigeration machine, 3.5-7.5 ton, EURO6, carbon dioxide, liquid refrigerant, freezing",ton kilometer,market,transport/Road/Market,1
"transport, freight, lorry with refrigeration machine, 3.5-7.5 ton, EURO6, carbon dioxide, liquid refrigerant, freezing",ton kilometer,transformation,transport/Road/Transformation,1
"transport, freight, lorry with refrigeration machine, 3.5-7.5 ton, EURO6, R134a refrigerant, cooling",ton kilometer,market,transport/Road/Market,1
"transport, freight, lorry with refrigeration machine, 3.5-7.5 ton, EURO6, R134a refrigerant, cooling",ton kilometer,transformation,transport/Road/Transformation,1
"transport, freight, lorry with refrigeration machine, 3.5-7.5 ton, EURO6, R134a refrigerant, freezing",ton kilometer,market,transport/Road/Market,1
"transport, freight, lorry with refrigeration machine, 3.5-7.5 ton, EURO6, R134a refrigerant, freezing",ton kilometer,transformation,transport/Road/Transformation,1
"transport, freight, lorry with refrigeration machine, 7.5-16 ton, EURO3, carbon dioxide, liquid refrigerant, cooling",ton kilometer,market,transport/Road/Market,1
"transport, freight, lorry with refrigeration machine, 7.5-16 ton, EURO3, carbon dioxide, liquid refrigerant, cooling",ton kilometer,transformation,transport/Road/Transformation,1
"transport, freight, lorry with refrigeration machine, 7.5-16 ton, EURO3, carbon dioxide, liquid refrigerant, freezing",ton kilometer,market,transport/Road/Market,1
"transport, freight, lorry with refrigeration machine, 7.5-16 ton, EURO3, carbon dioxide, liquid refrigerant, freezing",ton kilometer,transformation,transport/Road/Transformation,1
"transport, freight, lorry with refrigeration machine, 7.5-16 ton, EURO3, R134a refrigerant, cooling",ton kilometer,market,transport/Road/Market,1
"transport, freight, lorry with refrigeration machine, 7.5-16 ton, EURO3, R134a refrigerant, cooling",ton kilometer,transformation,transport/Road/Transformation,1
"transport, freight, lorry with refrigeration machine, 7.5-16 ton, EURO3, R134a refrigerant, freezing",ton kilometer,market,transport/Road/Market,1
"transport, freight, lorry with refrigeration machine, 7.5-16 ton, EURO3, R134a refrigerant, freezing",ton kilometer,transformation,transport/Road/Transformation,1
"transport, freight, lorry with refrigeration machine, 7.5-16 ton, EURO4, carbon dioxide, liquid refrigerant, cooling",ton kilometer,market,transport/Road/Market,1
"transport, freight, lorry with refrigeration machine, 7.5-16 ton, EURO4, carbon dioxide, liquid refrigerant, cooling",ton kilometer,transformation,transport/Road/Transformation,1
"transport, freight, lorry with refrigeration machine, 7.5-16 ton, EURO4, carbon dioxide, liquid refrigerant, freezing",ton kilometer,market,transport/Road/Market,1
"transport, freight, lorry with refrigeration machine, 7.5-16 ton, EURO4, carbon dioxide, liquid refrigerant, freezing",ton kilometer,transformation,transport/Road/Transformation,1
"transport, freight, lorry with refrigeration machine, 7.5-16 ton, EURO4, R134a refrigerant, cooling",ton kilometer,market,transport/Road/Market,1
"transport, freight, lorry with refrigeration machine, 7.5-16 ton, EURO4, R134a refrigerant, cooling",ton kilometer,transformation,transport/Road/Transformation,1
"transport, freight, lorry with refrigeration machine, 7.5-16 ton, EURO4, R134a refrigerant, freezing",ton kilometer,market,transport/Road/Market,1
"transport, freight, lorry with refrigeration machine, 7.5-16 ton, EURO4, R134a refrigerant, freezing",ton kilometer,transformation,transport/Road/Transformation,1
"transport, freight, lorry with refrigeration machine, 7.5-16 ton, EURO5, carbon dioxide, liquid refrigerant, cooling",ton kilometer,market,transport/Road/Market,1
"transport, freight, lorry with refrigeration machine, 7.5-16 ton, EURO5, carbon dioxide, liquid refrigerant, cooling",ton kilometer,transformation,transport/Road/Transformation,1
"transport, freight, lorry with refrigeration machine, 7.5-16 ton, EURO5, carbon dioxide, liquid refrigerant, freezing",ton kilometer,market,transport/Road/Market,1
"transport, freight, lorry with refrigeration machine, 7.5-16 ton, EURO5, carbon dioxide, liquid refrigerant, freezing",ton kilometer,transformation,transport/Road/Transformation,1
"transport, freight, lorry with refrigeration machine, 7.5-16 ton, EURO5, R134a refrigerant, cooling",ton kilometer,market,transport/Road/Market,1
"transport, freight, lorry with refrigeration machine, 7.5-16 ton, EURO5, R134a refrigerant, cooling",ton kilometer,transformation,transport/Road/Transformation,1
"transport, freight, lorry with refrigeration machine, 7.5-16 ton, EURO5, R134a refrigerant, freezing",ton kilometer,market,transport/Road/Market,1
"transport, freight, lorry with refrigeration machine, 7.5-16 ton, EURO5, R134a refrigerant, freezing",ton kilometer,transformation,transport/Road/Transformation,1
"transport, freight, lorry with refrigeration machine, 7.5-16 ton, EURO6, carbon dioxide, liquid refrigerant, cooling",ton kilometer,market,transport/Road/Market,1
"transport, freight, lorry with refrigeration machine, 7.5-16 ton, EURO6, carbon dioxide, liquid refrigerant, cooling",ton kilometer,transformation,transport/Road/Transformation,1
"transport, freight, lorry with refrigeration machine, 7.5-16 ton, EURO6, carbon dioxide, liquid refrigerant, freezing",ton kilometer,market,transport/Road/Market,1
"transport, freight, lorry with refrigeration machine, 7.5-16 ton, EURO6, carbon dioxide, liquid refrigerant, freezing",ton kilometer,transformation,transport/Road/Transformation,1
"transport, freight, lorry with refrigeration machine, 7.5-16 ton, EURO6, R134a refrigerant, cooling",ton kilometer,market,transport/Road/Market,1
"transport, freight, lorry with refrigeration machine, 7.5-16 ton, EURO6, R134a refrigerant, cooling",ton kilometer,transformation,transport/Road/Transformation,1
"transport, freight, lorry with refrigeration machine, 7.5-16 ton, EURO6, R134a refrigerant, freezing",ton kilometer,market,transport/Road/Market,1
"transport, freight, lorry with refrigeration machine, 7.5-16 ton, EURO6, R134a refrigerant, freezing",ton kilometer,transformation,transport/Road/Transformation,1
"transport, freight, lorry with refrigeration machine, cooling",ton kilometer,market,transport/Road/Market,1
"transport, freight, lorry with refrigeration machine, cooling",ton kilometer,transformation,transport/Road/Transformation,8
"transport, freight, lorry with refrigeration machine, freezing",ton kilometer,market,transport/Road/Market,1
"transport, freight, lorry with refrigeration machine, freezing",ton kilometer,transformation,transport/Road/Transformation,8
"transport, freight, lorry, unspecified",ton kilometer,market,transport/Others/Obsolete,1
"transport, freight, lorry, unspecified",ton kilometer,market,transport/Road/Market,5
"transport, freight, lorry, unspecified",ton kilometer,transformation,transport/Others/Obsolete,2
"transport, freight, lorry, unspecified",ton kilometer,transformation,transport/Road/Market,16
"transport, freight, loryy >32 metric ton, EURO6",ton kilometer,market,transport/Others/Obsolete,1
"transport, freight, loryy >32 metric ton, EURO6",ton kilometer,transformation,transport/Others/Obsolete,2
"transport, freight, sea, bulk carrier for dry goods",ton kilometer,market,transport/Water/Market,1
"transport, freight, sea, bulk carrier for dry goods",ton kilometer,transformation,transport/Water/Transformation,1
"transport, freight, sea, container ship",ton kilometer,market,transport/Water/Market,1
"transport, freight, sea, container ship",ton kilometer,transformation,transport/Water/Transformation,1
"transport, freight, sea, container ship with reefer, cooling",ton kilometer,market,transport/Water/Market,1
"transport, freight, sea, container ship with reefer, cooling",ton kilometer,transformation,transport/Water/Transformation,1
"transport, freight, sea, container ship with reefer, freezing",ton kilometer,market,transport/Water/Market,1
"transport, freight, sea, container ship with reefer, freezing",ton kilometer,transformation,transport/Water/Transformation,1
"transport, freight, sea, ferry",ton kilometer,market,transport/Water/Market,1
"transport, freight, sea, ferry",ton kilometer,transformation,transport/Water/Transformation,1
"transport, freight, sea, tanker for liquefied natural gas",ton kilometer,market,transport/Water/Market,1
"transport, freight, sea, tanker for liquefied natural gas",ton kilometer,transformation,transport/Water/Transformation,1
"transport, freight, sea, tanker for liquid goods other than petroleum and liquefied natural gas",ton kilometer,market,transport/Water/Market,1
"transport, freight, sea, tanker for liquid goods other than petroleum and liquefied natural gas",ton kilometer,transformation,transport/Water/Transformation,1
"transport, freight, sea, tanker for petroleum",ton kilometer,market,transport/Water/Market,1
"transport, freight, sea, tanker for petroleum",ton kilometer,transformation,transport/Water/Transformation,1
"transport, freight, sea, transoceanic ship",ton kilometer,market,transport/Others/Obsolete,1
"transport, freight, sea, transoceanic ship",ton kilometer,transformation,transport/Others/Obsolete,1
"transport, freight, sea, transoceanic tanker",ton kilometer,market,transport/Others/Obsolete,1
"transport, freight, sea, transoceanic tanker",ton kilometer,transformation,transport/Others/Obsolete,1
"transport, freight, train with reefer, cooling",ton kilometer,market,transport/Rail/Market,1
"transport, freight, train with reefer, cooling",ton kilometer,transformation,transport/Rail/Transformation,1
"transport, freight, train with reefer, freezing",ton kilometer,market,transport/Rail/Market,1
"transport, freight, train with reefer, freezing",ton kilometer,transformation,transport/Rail/Transformation,1
"transport, helicopter",hour,market,transport/Air/Market,1
"transport, helicopter",hour,transformation,transport/Air/Transformation,1
"transport, helicopter, LTO cycle",unit,market,transport/Air/Market,1
"transport, helicopter, LTO cycle",unit,transformation,transport/Air/Transformation,1
"transport, passenger aircraft, long haul",person kilometer,market,transport/Air/Market,1
"transport, passenger aircraft, long haul",person kilometer,transformation,transport/Air/Transformation,1
"transport, passenger aircraft, medium haul",person kilometer,market,transport/Air/Market,1
"transport, passenger aircraft, medium haul",person kilometer,transformation,transport/Air/Transformation,1
"transport, passenger aircraft, short haul",person kilometer,market,transport/Air/Market,1
"transport, passenger aircraft, short haul",person kilometer,transformation,transport/Air/Transformation,1
"transport, passenger aircraft, unspecified",person kilometer,market,transport/Air/Market,1
"transport, passenger aircraft, unspecified",person kilometer,transformation,transport/Air/Market,1
"transport, passenger aircraft, very short haul",person kilometer,market,transport/Air/Market,1
"transport, passenger aircraft, very short haul",person kilometer,transformation,transport/Air/Transformation,1
"transport, passenger car",kilometer,market,transport/Road/Market,2
"transport, passenger car",kilometer,transformation,transport/Road/Transformation,2
"transport, passenger car with internal combustion engine",kilometer,market,transport/Road/Market,2
"transport, passenger car with internal combustion engine",kilometer,transformation,transport/Road/Transformation,2
"transport, passenger car, electric",kilometer,market,transport/Road/Market,1
"transport, passenger car, electric",kilometer,transformation,transport/Road/Transformation,1
"transport, passenger car, EURO 3",kilometer,market,transport/Road/Market,2
"transport, passenger car, EURO 3",kilometer,transformation,transport/Road/Transformation,2
"transport, passenger car, EURO 4",kilometer,market,transport/Road/Market,2
"transport, passenger car, EURO 4",kilometer,transformation,transport/Road/Transformation,2
"transport, passenger car, EURO 5",kilometer,market,transport/Road/Market,2
"transport, passenger car, EURO 5",kilometer,transformation,transport/Road/Transformation,2
"transport, passenger car, large size, diesel, EURO 3",kilometer,market,transport/Road/Market,1
"transport, passenger car, large size, diesel, EURO 3",kilometer,transformation,transport/Road/Transformation,2
"transport, passenger car, large size, diesel, EURO 4",kilometer,market,transport/Road/Market,1
"transport, passenger car, large size, diesel, EURO 4",kilometer,transformation,transport/Road/Transformation,2
"transport, passenger car, large size, diesel, EURO 5",kilometer,market,transport/Road/Market,1
"transport, passenger car, large size, diesel, EURO 5",kilometer,transformation,transport/Road/Transformation,2
"transport, passenger car, large size, natural gas, EURO 3",kilometer,market,transport/Road/Market,1
"transport, passenger car, large size, natural gas, EURO 3",kilometer,transformation,transport/Road/Transformation,2
"transport, passenger car, large size, natural gas, EURO 4",kilometer,market,transport/Road/Market,1
"transport, passenger car, large size, natural gas, EURO 4",kilometer,transformation,transport/Road/Transformation,2
"transport, passenger car, large size, natural gas, EURO 5",kilometer,market,transport/Road/Market,1
"transport, passenger car, large size, natural gas, EURO 5",kilometer,transformation,transport/Road/Transformation,2
"transport, passenger car, large size, petrol, EURO 3",kilometer,market,transport/Road/Market,1
"transport, passenger car, large size, petrol, EURO 3",kilometer,transformation,transport/Road/Transformation,2
"transport, passenger car, large size, petrol, EURO 4",kilometer,market,transport/Road/Market,1
"transport, passenger car, large size, petrol, EURO 4",kilometer,transformation,transport/Road/Transformation,2
"transport, passenger car, large size, petrol, EURO 5",kilometer,market,transport/Road/Market,1
"transport, passenger car, large size, petrol, EURO 5",kilometer,transformation,transport/Road/Transformation,2
"transport, passenger car, medium size, diesel, EURO 3",kilometer,market,transport/Road/Market,1
"transport, passenger car, medium size, diesel, EURO 3",kilometer,transformation,transport/Road/Transformation,2
"transport, passenger car, medium size, diesel, EURO 4",kilometer,market,transport/Road/Market,1
"transport, passenger car, medium size, diesel, EURO 4",kilometer,transformation,transport/Road/Transformation,2
"transport, passenger car, medium size, diesel, EURO 5",kilometer,market,transport/Road/Market,1
"transport, passenger car, medium size, diesel, EURO 5",kilometer,transformation,transport/Road/Transformation,2
"transport, passenger car, medium size, liquefied petroleum gas, EURO 5",kilometer,market,transport/Road/Market,1
"transport, passenger car, medium size, liquefied petroleum gas, EURO 5",kilometer,transformation,transport/Road/Transformation,1
"transport, passenger car, medium size, natural gas, EURO 3",kilometer,market,transport/Road/Market,1
"transport, passenger car, medium size, natural gas, EURO 3",kilometer,transformation,transport/Road/Transformation,2
"transport, passenger car, medium size, natural gas, EURO 4",kilometer,market,transport/Road/Market,1
"transport, passenger car, medium size, natural gas, EURO 4",kilometer,transformation,transport/Road/Transformation,2
"transport, passenger car, medium size, natural gas, EURO 5",kilometer,market,transport/Road/Market,1
"transport, passenger car, medium size, natural gas, EURO 5",kilometer,transformation,transport/Road/Transformation,2
"transport, passenger car, medium size, petrol, EURO 3",kilometer,market,transport/Road/Market,1
"transport, passenger car, medium size, petrol, EURO 3",kilometer,transformation,transport/Road/Transformation,2
"transport, passenger car, medium size, petrol, EURO 4",kilometer,market,transport/Road/Market,1
"transport, passenger car, medium size, petrol, EURO 4",kilometer,transformation,transport/Road/Transformation,2
"transport, passenger car, medium size, petrol, EURO 5",kilometer,market,transport/Road/Market,1
"transport, passenger car, medium size, petrol, EURO 5",kilometer,transformation,transport/Road/Transformation,2
"transport, passenger car, small size, diesel, EURO 3",kilometer,market,transport/Road/Market,1
"transport, passenger car, small size, diesel, EURO 3",kilometer,transformation,transport/Road/Transformation,2
"transport, passenger car, small size, diesel, EURO 4",kilometer,market,transport/Road/Market,1
"transport, passenger car, small size, diesel, EURO 4",kilometer,transformation,transport/Road/Transformation,2
"transport, passenger car, small size, diesel, EURO 5",kilometer,market,transport/Road/Market,1
"transport, passenger car, small size, diesel, EURO 5",kilometer,transformation,transport/Road/Transformation,2
"transport, passenger car, small size, natural gas, EURO 3",kilometer,market,transport/Road/Market,1
"transport, passenger car, small size, natural gas, EURO 3",kilometer,transformation,transport/Road/Transformation,2
"transport, passenger car, small size, natural gas, EURO 4",kilometer,market,transport/Road/Market,1
"transport, passenger car, small size, natural gas, EURO 4",kilometer,transformation,transport/Road/Transformation,2
"transport, passenger car, small size, natural gas, EURO 5",kilometer,market,transport/Road/Market,1
"transport, passenger car, small size, natural gas, EURO 5",kilometer,transformation,transport/Road/Transformation,2
"transport, passenger car, small size, petrol, EURO 3",kilometer,market,transport/Road/Market,1
"transport, passenger car, small size, petrol, EURO 3",kilometer,transformation,transport/Road/Transformation,2
"transport, passenger car, small size, petrol, EURO 4",kilometer,market,transport/Road/Market,1
"transport, passenger car, small size, petrol, EURO 4",kilometer,transformation,transport/Road/Transformation,2
"transport, passenger car, small size, petrol, EURO 5",kilometer,market,transport/Road/Market,1
"transport, passenger car, small size, petrol, EURO 5",kilometer,transformation,transport/Road/Transformation,2
"transport, passenger coach",person kilometer,market,transport/Road/Market,1
"transport, passenger coach",person kilometer,transformation,transport/Road/Transformation,2
"transport, passenger train",person kilometer,market,transport/Rail/Market,1
"transport, passenger train",person kilometer,transformation,transport/Rail/Transformation,13
"transport, passenger, aircraft",person kilometer,transformation,transport/Others/Obsolete,4
"transport, passenger, bicycle",person kilometer,market,transport/Road/Market,1
"transport, passenger, bicycle",person kilometer,transformation,transport/Road/Transformation,2
"transport, passenger, electric bicycle",person kilometer,market,transport/Road/Market,1
"transport, passenger, electric bicycle",person kilometer,transformation,transport/Road/Transformation,2
"transport, passenger, electric bicycle, electricity from renewable energy products",person kilometer,market,transport/Road/Market,1
"transport, passenger, electric bicycle, electricity from renewable energy products",person kilometer,transformation,transport/Road/Transformation,2
"transport, passenger, electric scooter",kilometer,market,transport/Road/Market,1
"transport, passenger, electric scooter",kilometer,transformation,transport/Road/Transformation,1
"transport, passenger, motor scooter",person kilometer,market,transport/Road/Market,1
"transport, passenger, motor scooter",person kilometer,transformation,transport/Road/Transformation,2
"transport, pipeline, long distance, natural gas",ton kilometer,market,transport/Others/Obsolete,1
"transport, pipeline, long distance, natural gas",ton kilometer,market,transport/Pipeline/Market,2
"transport, pipeline, long distance, natural gas",ton kilometer,transformation,transport/Others/Obsolete,1
"transport, pipeline, long distance, natural gas",ton kilometer,transformation,transport/Pipeline/Transformation,5
"transport, pipeline, offshore, long distance, natural gas",ton kilometer,market,transport/Others/Obsolete,2
"transport, pipeline, offshore, long distance, natural gas",ton kilometer,market,transport/Pipeline/Market,1
"transport, pipeline, offshore, long distance, natural gas",ton kilometer,transformation,transport/Pipeline/Transformation,11
"transport, pipeline, offshore, petroleum",ton kilometer,market,transport/Pipeline/Market,1
"transport, pipeline, offshore, petroleum",ton kilometer,transformation,transport/Pipeline/Transformation,1
"transport, pipeline, onshore, long distance, natural gas",ton kilometer,market,transport/Others/Obsolete,2
"transport, pipeline, onshore, long distance, natural gas",ton kilometer,market,transport/Pipeline/Market,1
"transport, pipeline, onshore, long distance, natural gas",ton kilometer,transformation,transport/Pipeline/Transformation,27
"transport, pipeline, onshore, petroleum",ton kilometer,market,transport/Others/Obsolete,1
"transport, pipeline, onshore, petroleum",ton kilometer,market,transport/Pipeline/Market,2
"transport, pipeline, onshore, petroleum",ton kilometer,transformation,transport/Pipeline/Transformation,2
"transport, regular bus",person kilometer,market,transport/Road/Market,1
"transport, regular bus",person kilometer,transformation,transport/Road/Transformation,2
"transport, tractor and trailer, agricultural",ton kilometer,market,transport/Others/Obsolete,1
"transport, tractor and trailer, agricultural",ton kilometer,market,transport/Road/Market,2
"transport, tractor and trailer, agricultural",ton kilometer,transformation,transport/Road/Transformation,2
"transport, tram",person kilometer,market,transport/Road/Market,1
"transport, tram",person kilometer,transformation,transport/Road/Transformation,2
"transport, trolleybus",person kilometer,market,transport/Road/Market,1
"transport, trolleybus",person kilometer,transformation,transport/Road/Transformation,2
"trawler maintenance, steel",kilogram,market,transport/Water/Market/Infrastructure,1
"trawler maintenance, steel",kilogram,transformation,transport/Water/Transformation/Infrastructure,2
"trawler, steel",kilogram,market,transport/Water/Market/Infrastructure,1
"trawler, steel",kilogram,transformation,transport/Water/Transformation/Infrastructure,2
tree seedling,unit,market,processing/Others/Obsolete,1
tree seedling,unit,transformation,processing/Others/Obsolete,4
"tree seedling, for planting",unit,market,material/Agricultural/Plant seeds/Market,2
"tree seedling, for planting",unit,market,material/Others/Obsolete,1
"tree seedling, for planting",unit,transformation,material/Agricultural/Plant seeds/Transformation,4
"trellis system, wooden poles, soft wood, tar impregnated",hectare,market,material/Wood/Products/Market,1
"trellis system, wooden poles, soft wood, tar impregnated",hectare,transformation,material/Wood/Products/Transformation,2
"triazine-compound, unspecified",kilogram,market,material/Chemicals/Pesticides/Market,1
"triazine-compound, unspecified",kilogram,transformation,material/Chemicals/Pesticides/Transformation,2
trichloroacetic acid,kilogram,market,material/Chemicals/Acids (organic)/Market,2
trichloroacetic acid,kilogram,market,material/Others/Obsolete,1
trichloroacetic acid,kilogram,transformation,material/Chemicals/Acids (organic)/Transformation,2
trichloroborane,kilogram,market,material/Chemicals/Inorganic/Market,1
trichloroborane,kilogram,transformation,material/Chemicals/Inorganic/Transformation,1
trichloroethylene,kilogram,market,material/Chemicals/Organic/Market,1
trichloroethylene,kilogram,transformation,material/Chemicals/Organic/Transformation,2
trichloromethane,kilogram,market,material/Chemicals/Organic/Market,2
trichloromethane,kilogram,market,material/Others/Obsolete,1
trichloromethane,kilogram,transformation,material/Chemicals/Organic/Transformation,2
trichloropropane,kilogram,market,material/Chemicals/Organic/Market,2
trichloropropane,kilogram,market,material/Others/Obsolete,1
trichloropropane,kilogram,transformation,material/Chemicals/Organic/Transformation,3
triclopyr,kilogram,market,material/Chemicals/Organic/Market,1
triclopyr,kilogram,transformation,material/Chemicals/Organic/Transformation,1
triethanolamine,kilogram,market,material/Chemicals/Organic/Market,1
triethanolamine,kilogram,transformation,material/Chemicals/Organic/Transformation,2
triethyl amine,kilogram,market,material/Chemicals/Organic/Market,1
triethyl amine,kilogram,transformation,material/Chemicals/Organic/Transformation,2
triethylene glycol,kilogram,market,material/Chemicals/Organic/Market,2
triethylene glycol,kilogram,market,material/Others/Obsolete,1
triethylene glycol,kilogram,transformation,material/Chemicals/Organic/Transformation,4
trifluoroacetic acid,kilogram,market,material/Chemicals/Acids (organic)/Market,2
trifluoroacetic acid,kilogram,market,material/Others/Obsolete,1
trifluoroacetic acid,kilogram,transformation,material/Chemicals/Acids (organic)/Transformation,2
trifluoromethane,kilogram,market,material/Chemicals/Organic/Market,1
trifluoromethane,kilogram,transformation,material/Chemicals/Organic/Transformation,1
trimesoyl chloride,kilogram,market,material/Chemicals/Organic/Market,1
trimesoyl chloride,kilogram,transformation,material/Chemicals/Organic/Transformation,1
trimethyl borate,kilogram,market,material/Chemicals/Organic/Market,1
trimethyl borate,kilogram,transformation,material/Chemicals/Organic/Transformation,1
trimethylamine,kilogram,market,material/Chemicals/Organic/Market,2
trimethylamine,kilogram,market,material/Others/Obsolete,1
trimethylamine,kilogram,transformation,material/Chemicals/Organic/Transformation,2
trinexapac-ethyl,kilogram,market,material/Chemicals/Organic/Market,1
trinexapac-ethyl,kilogram,transformation,material/Chemicals/Organic/Transformation,1
triphenyl phosphate,kilogram,market,material/Chemicals/Organic/Market,1
triphenyl phosphate,kilogram,transformation,material/Chemicals/Organic/Transformation,1
triple superphosphate,kilogram,market,material/Chemicals/Organic/Market,2
triple superphosphate,kilogram,transformation,material/Chemicals/Organic/Transformation,2
"tris(2,4-ditert-butylphenyl) phosphite",kilogram,market,material/Chemicals/Organic/Market,1
"tris(2,4-ditert-butylphenyl) phosphite",kilogram,transformation,material/Chemicals/Organic/Transformation,1
trisodium phosphate,kilogram,market,material/Chemicals/Inorganic/Market,1
trisodium phosphate,kilogram,transformation,material/Chemicals/Inorganic/Transformation,1
trout,kilogram,market,material/Agricultural/Animal production/Fish/Market,1
trout,kilogram,transformation,material/Agricultural/Animal production/Fish/Transformation,2
"trout feed, 42% protein",kilogram,market,material/Agricultural/Animal feed/Market,1
"trout feed, 42% protein",kilogram,transformation,material/Agricultural/Animal feed/Transformation,2
tube insulation factory,unit,market,material/Construction/Insulation/Market/Infrastructure,1
tube insulation factory,unit,transformation,material/Construction/Insulation/Transformation/Infrastructure,2
"tube insulation, elastomere",kilogram,market,material/Construction/Insulation/Market,1
"tube insulation, elastomere",kilogram,transformation,material/Construction/Insulation/Transformation,2
tubular particleboard,cubic meter,market,material/Wood/Products/Market,2
tubular particleboard,cubic meter,transformation,material/Wood/Products/Transformation,2
tungsten carbide powder,kilogram,market,material/Chemicals/Others/Market,1
tungsten carbide powder,kilogram,transformation,material/Chemicals/Others/Transformation,2
tungsten concentrate,kilogram,market,material/Chemicals/Others/Market,1
tungsten concentrate,kilogram,transformation,material/Chemicals/Others/Transformation,2
turpentine,kilogram,market,material/Chemicals/Others/Market,1
turpentine,kilogram,transformation,material/Chemicals/Others/Transformation,19
"tyre wear emissions, lorry",kilogram,market,waste treatment/Transport/Market,1
"tyre wear emissions, lorry",kilogram,transformation,waste treatment/Transport/Transformation,2
"tyre wear emissions, passenger car",kilogram,market,waste treatment/Transport/Market,1
"tyre wear emissions, passenger car",kilogram,transformation,waste treatment/Transport/Transformation,2
ultrafiltration module,unit,market,material/Water/Industry water/Market/Infrastructure,1
ultrafiltration module,unit,transformation,material/Water/Industry water/Transformation/Infrastructure,1
ultraviolet lamp,unit,market,material/Electronics/Component/Market,1
ultraviolet lamp,unit,transformation,material/Electronics/Component/Transformation,1
unknown land use,square meter,market,use/Others/Obsolete,1
unknown land use,square meter,transformation,use/Others/Obsolete,10
"unreinforced concrete, 15MPa",cubic meter,market,material/Construction/Concrete/Market,1
"unreinforced concrete, 15MPa",cubic meter,transformation,material/Construction/Concrete/Transformation,3
uranium conversion facility,unit,market,material/Fuels/Uranium/Enriched/Market/Infrastructure,1
uranium conversion facility,unit,transformation,material/Fuels/Uranium/Enriched/Transformation/Infrastructure,3
uranium enrichment centrifuge facility,unit,market,material/Fuels/Uranium/Enriched/Market/Infrastructure,1
uranium enrichment centrifuge facility,unit,transformation,material/Fuels/Uranium/Enriched/Transformation/Infrastructure,3
uranium enrichment diffusion facility,unit,market,material/Fuels/Uranium/Enriched/Market/Infrastructure,1
uranium enrichment diffusion facility,unit,transformation,material/Fuels/Uranium/Enriched/Transformation/Infrastructure,2
uranium hexafluoride,kilogram,market,material/Fuels/Uranium/Enriched/Market,3
uranium hexafluoride,kilogram,market,material/Others/Obsolete,1
uranium hexafluoride,kilogram,transformation,material/Fuels/Uranium/Enriched/Transformation,3
uranium mill,unit,market,material/Minerals/Market/Infrastructure,1
uranium mill,unit,transformation,material/Minerals/Transformation/Infrastructure,2
"uranium ore, as U",kilogram,market,material/Minerals/Market,1
"uranium ore, as U",kilogram,transformation,material/Minerals/Transformation,4
"uranium tailing, non-radioactive emission",cubic meter,market,waste treatment/Nuclear waste/Market,1
"uranium tailing, non-radioactive emission",cubic meter,transformation,waste treatment/Nuclear waste/Transformation,1
"uranium, enriched 3.0%, in fuel element for light water reactor",kilogram,market,material/Fuels/Uranium/Enriched/Market,1
"uranium, enriched 3.0%, in fuel element for light water reactor",kilogram,transformation,material/Fuels/Uranium/Enriched/Transformation,2
"uranium, enriched 3.0%, per separative work unit",unit,market,material/Fuels/Uranium/Enriched/Market,1
"uranium, enriched 3.0%, per separative work unit",unit,transformation,material/Fuels/Uranium/Enriched/Transformation,8
"uranium, enriched 3.0%, per separative work unit",unit,transformation,material/Others/Obsolete,1
"uranium, enriched 3.8%, in fuel element for light water reactor",kilogram,market,material/Fuels/Uranium/Enriched/Market,1
"uranium, enriched 3.8%, in fuel element for light water reactor",kilogram,transformation,material/Fuels/Uranium/Enriched/Transformation,5
"uranium, enriched 3.8%, per separative work unit",unit,market,material/Fuels/Uranium/Enriched/Market,1
"uranium, enriched 3.8%, per separative work unit",unit,transformation,material/Fuels/Uranium/Enriched/Transformation,8
"uranium, enriched 3.8%, per separative work unit",unit,transformation,material/Others/Obsolete,1
"uranium, enriched 3.9%, in fuel element for light water reactor",kilogram,market,material/Fuels/Uranium/Enriched/Market,1
"uranium, enriched 3.9%, in fuel element for light water reactor",kilogram,transformation,material/Fuels/Uranium/Enriched/Transformation,2
"uranium, enriched 3.9%, per separative work unit",unit,market,material/Fuels/Uranium/Enriched/Market,1
"uranium, enriched 3.9%, per separative work unit",unit,transformation,material/Fuels/Uranium/Enriched/Transformation,7
"uranium, enriched 3.9%, per separative work unit",unit,transformation,material/Others/Obsolete,1
"uranium, enriched 4%, in fuel element for light water reactor",kilogram,market,material/Fuels/Uranium/Enriched/Market,1
"uranium, enriched 4%, in fuel element for light water reactor",kilogram,transformation,material/Fuels/Uranium/Enriched/Transformation,3
"uranium, enriched 4.0%, per separative work unit",unit,market,material/Fuels/Uranium/Enriched/Market,1
"uranium, enriched 4.0%, per separative work unit",unit,transformation,material/Fuels/Uranium/Enriched/Transformation,7
"uranium, enriched 4.0%, per separative work unit",unit,transformation,material/Others/Obsolete,1
"uranium, enriched 4.2%, in fuel element for light water reactor",kilogram,market,material/Fuels/Uranium/Enriched/Market,1
"uranium, enriched 4.2%, in fuel element for light water reactor",kilogram,transformation,material/Fuels/Uranium/Enriched/Transformation,2
"uranium, enriched 4.2%, per separative work unit",unit,market,material/Fuels/Uranium/Enriched/Market,1
"uranium, enriched 4.2%, per separative work unit",unit,transformation,material/Fuels/Uranium/Enriched/Transformation,7
"uranium, enriched 4.2%, per separative work unit",unit,transformation,material/Others/Obsolete,1
"uranium, in yellowcake",kilogram,market,material/Minerals/Market,1
"uranium, in yellowcake",kilogram,transformation,material/Minerals/Transformation,3
urea,kilogram,market,material/Chemicals/Fertilisers (inorganic)/Market,4
urea,kilogram,transformation,material/Chemicals/Fertilisers (inorganic)/Transformation,4
urea ammonium nitrate mix,kilogram,market,material/Chemicals/Fertilisers (inorganic)/Market,4
urea ammonium nitrate mix,kilogram,transformation,material/Chemicals/Fertilisers (inorganic)/Transformation,4
"urea formaldehyde foam slab, hard",kilogram,market,material/Construction/Insulation/Market,1
"urea formaldehyde foam slab, hard",kilogram,transformation,material/Construction/Insulation/Transformation,2
"urea formaldehyde foam, in situ foaming",kilogram,market,material/Construction/Insulation/Market,1
"urea formaldehyde foam, in situ foaming",kilogram,transformation,material/Construction/Insulation/Transformation,2
urea formaldehyde resin,kilogram,market,material/Chemicals/Organic/Market,2
urea formaldehyde resin,kilogram,market,material/Others/Obsolete,1
urea formaldehyde resin,kilogram,transformation,material/Chemicals/Organic/Transformation,2
"urea, as N",kilogram,market,material/Others/Obsolete,1
"urea, as N",kilogram,transformation,material/Others/Obsolete,2
US resource use and emissions,unit,transformation,material/Others,1
"used air distribution terminal panel steel, 120 m3/h",unit,market,waste treatment/Construction waste/Market,2
"used air distribution terminal panel steel, 120 m3/h",unit,market,waste treatment/Others/Obsolete,1
"used air distribution terminal panel steel, 120 m3/h",unit,transformation,waste treatment/Construction waste/Transformation,2
"used air filter central unit, 600 m3/h",unit,market,waste treatment/Construction waste/Market,2
"used air filter central unit, 600 m3/h",unit,market,waste treatment/Others/Obsolete,1
"used air filter central unit, 600 m3/h",unit,transformation,waste treatment/Construction waste/Transformation,2
"used air filter decentralized unit, 180-250 m3/h",unit,market,waste treatment/Construction waste/Market,2
"used air filter decentralized unit, 180-250 m3/h",unit,market,waste treatment/Others/Obsolete,1
"used air filter decentralized unit, 180-250 m3/h",unit,transformation,waste treatment/Construction waste/Transformation,2
"used air filter decentralized unit, 250 m3/h",unit,market,waste treatment/Construction waste/Market,1
"used air filter decentralized unit, 250 m3/h",unit,transformation,waste treatment/Construction waste/Transformation,2
used air filter in exhaust air valve,unit,market,waste treatment/Construction waste/Market,2
used air filter in exhaust air valve,unit,market,waste treatment/Others/Obsolete,1
used air filter in exhaust air valve,unit,transformation,waste treatment/Construction waste/Transformation,2
used beverage cans,kilogram,market,material/Metals/Waste metals/Market,3
used beverage cans,kilogram,market,waste treatment/Others/Obsolete,3
used beverage cans,kilogram,transformation,material/Metals/Waste metals/Transformation,1
used beverage cans,kilogram,transformation,waste treatment/Others/Obsolete,1
used bicycle,unit,market,waste treatment/Transport/Market,1
used bicycle,unit,transformation,waste treatment/Transport/Transformation,2
used blower and heat exchange unit Avent E 97,unit,market,waste treatment/Construction waste/Market,1
used blower and heat exchange unit Avent E 97,unit,transformation,waste treatment/Construction waste/Transformation,2
"used blower and heat exchange unit central, 600-1200 m3/h",unit,market,waste treatment/Construction waste/Market,2
"used blower and heat exchange unit central, 600-1200 m3/h",unit,market,waste treatment/Others/Obsolete,1
"used blower and heat exchange unit central, 600-1200 m3/h",unit,transformation,waste treatment/Construction waste/Transformation,2
"used blower and heat exchange unit decentralized, 180-250 m3/h",unit,market,waste treatment/Construction waste/Market,2
"used blower and heat exchange unit decentralized, 180-250 m3/h",unit,market,waste treatment/Others/Obsolete,1
"used blower and heat exchange unit decentralized, 180-250 m3/h",unit,transformation,waste treatment/Construction waste/Transformation,2
used blower and heat exchange unit GE 250 RH,unit,market,waste treatment/Construction waste/Market,1
used blower and heat exchange unit GE 250 RH,unit,transformation,waste treatment/Construction waste/Transformation,2
used blower and heat exchange unit KWL 250,unit,market,waste treatment/Construction waste/Market,1
used blower and heat exchange unit KWL 250,unit,transformation,waste treatment/Construction waste/Transformation,2
used blower and heat exchange unit KWLC 1200,unit,market,waste treatment/Construction waste/Market,1
used blower and heat exchange unit KWLC 1200,unit,transformation,waste treatment/Construction waste/Transformation,2
used blower and heat exchange unit Storkair G 90,unit,market,waste treatment/Construction waste/Market,1
used blower and heat exchange unit Storkair G 90,unit,transformation,waste treatment/Construction waste/Transformation,2
used blower and heat exchange unit Twl-700,unit,market,waste treatment/Construction waste/Market,1
used blower and heat exchange unit Twl-700,unit,transformation,waste treatment/Construction waste/Transformation,2
used bus,unit,market,waste treatment/Transport/Market,1
used bus,unit,transformation,waste treatment/Transport/Transformation,2
used cable,kilogram,market,waste treatment/Electronics waste/Market,1
used cable,kilogram,transformation,waste treatment/Electronics waste/Transformation,1
used capacitor,kilogram,market,waste treatment/Electronics waste/Market,1
used capacitor,kilogram,transformation,waste treatment/Incineration/Hazardous waste incineration/Transformation,4
used cathode ray tube display,kilogram,market,waste treatment/Electronics waste/Market,1
used cathode ray tube display,kilogram,transformation,waste treatment/Electronics waste/Transformation,2
used desktop computer,kilogram,market,waste treatment/Electronics waste/Market,1
used desktop computer,kilogram,transformation,waste treatment/Electronics waste/Transformation,3
"used diesel-electric generating set, 18.5kW",unit,market,waste treatment/Others/Market,1
"used diesel-electric generating set, 18.5kW",unit,transformation,waste treatment/Construction waste/Transformation,1
used domestic refrigerator,unit,market,waste treatment/Electronics waste/Market,1
used domestic refrigerator,unit,transformation,waste treatment/Electronics waste/Transformation,2
"used door, inner, glass-wood",square meter,market,waste treatment/Construction waste/Market,1
"used door, inner, glass-wood",square meter,transformation,waste treatment/Construction waste/Transformation,2
"used door, inner, wood",square meter,market,waste treatment/Construction waste/Market,1
"used door, inner, wood",square meter,transformation,waste treatment/Construction waste/Transformation,2
"used door, outer, wood-aluminium",square meter,market,waste treatment/Construction waste/Market,1
"used door, outer, wood-aluminium",square meter,transformation,waste treatment/Construction waste/Transformation,2
"used door, outer, wood-glass",square meter,market,waste treatment/Construction waste/Market,1
"used door, outer, wood-glass",square meter,transformation,waste treatment/Construction waste/Transformation,2
"used double glazing, U<1.1W/m2K",square meter,market,waste treatment/Construction waste/Market,1
"used double glazing, U<1.1W/m2K",square meter,transformation,waste treatment/Construction waste/Transformation,2
"used double glazing, U<1.1W/m2K, laminated safety glass",square meter,market,waste treatment/Construction waste/Market,1
"used double glazing, U<1.1W/m2K, laminated safety glass",square meter,transformation,waste treatment/Construction waste/Transformation,2
used electric bicycle,unit,market,waste treatment/Transport/Market,1
used electric bicycle,unit,transformation,waste treatment/Transport/Transformation,2
"used exhaust air roof hood steel, DN 400",unit,market,waste treatment/Construction waste/Market,2
"used exhaust air roof hood steel, DN 400",unit,market,waste treatment/Others/Obsolete,1
"used exhaust air roof hood steel, DN 400",unit,transformation,waste treatment/Construction waste/Transformation,2
"used exhaust air valve in-wall housing, plastic/steel",unit,market,waste treatment/Construction waste/Market,2
"used exhaust air valve in-wall housing, plastic/steel",unit,market,waste treatment/Others/Obsolete,1
"used exhaust air valve in-wall housing, plastic/steel",unit,transformation,waste treatment/Construction waste/Transformation,2
"used flexible duct aluminium/PET, DN of 125",meter,market,waste treatment/Construction waste/Market,2
"used flexible duct aluminium/PET, DN of 125",meter,market,waste treatment/Others/Obsolete,1
"used flexible duct aluminium/PET, DN of 125",meter,transformation,waste treatment/Construction waste/Transformation,2
used fluorescent lamp,kilogram,market,waste treatment/Electronics waste/Market,1
used fluorescent lamp,kilogram,transformation,waste treatment/Electronics waste/Transformation,1
"used glider, electric scooter",kilogram,market,waste treatment/Transport/Market,1
"used glider, electric scooter",kilogram,transformation,waste treatment/Transport/Transformation,1
"used glider, passenger car",kilogram,market,waste treatment/Transport/Market,1
"used glider, passenger car",kilogram,transformation,waste treatment/Transport/Transformation,1
used industrial electronic device,kilogram,market,waste treatment/Transport/Market,2
used industrial electronic device,kilogram,transformation,waste treatment/Electronics waste/Transformation,2
"used insulation spiral-seam duct rockwool, DN 400",meter,market,waste treatment/Construction waste/Market,2
"used insulation spiral-seam duct rockwool, DN 400",meter,market,waste treatment/Others/Obsolete,1
"used insulation spiral-seam duct rockwool, DN 400",meter,transformation,waste treatment/Construction waste/Transformation,2
"used intermodal shipping container, 20-foot",unit,market,waste treatment/Transport/Market,1
"used intermodal shipping container, 20-foot",unit,transformation,waste treatment/Transport/Transformation,1
"used intermodal shipping container, 40-foot",unit,market,waste treatment/Transport/Market,1
"used intermodal shipping container, 40-foot",unit,transformation,waste treatment/Transport/Transformation,1
"used intermodal shipping container, 40-foot, high-cube",unit,market,waste treatment/Transport/Market,1
"used intermodal shipping container, 40-foot, high-cube",unit,transformation,waste treatment/Transport/Transformation,1
"used intermodal shipping container, 45-foot, high-cube",unit,market,waste treatment/Transport/Market,1
"used intermodal shipping container, 45-foot, high-cube",unit,transformation,waste treatment/Transport/Transformation,1
"used internal combustion engine, passenger car",kilogram,market,waste treatment/Transport/Market,1
"used internal combustion engine, passenger car",kilogram,transformation,waste treatment/Transport/Transformation,1
used IT accessory,kilogram,market,waste treatment/Electronics waste/Market,1
used IT accessory,kilogram,transformation,waste treatment/Electronics waste/Transformation,1
used laptop computer,kilogram,market,waste treatment/Electronics waste/Market,1
used laptop computer,kilogram,transformation,waste treatment/Electronics waste/Transformation,2
used Li-ion battery,kilogram,market,waste treatment/Electronics waste/Market,1
used Li-ion battery,kilogram,transformation,waste treatment/Electronics waste/Transformation,2
used light commercial vehicle,unit,market,waste treatment/Transport/Market,1
used light commercial vehicle,unit,transformation,waste treatment/Transport/Transformation,2
used liquid crystal display,kilogram,market,waste treatment/Electronics waste/Market,1
used liquid crystal display,kilogram,transformation,waste treatment/Electronics waste/Transformation,2
used liquid crystal display module,kilogram,market,waste treatment/Electronics waste/Market,2
used liquid crystal display module,kilogram,transformation,waste treatment/Incineration/Municipal incineration/Transformation,3
used locomotive,unit,market,waste treatment/Transport/Market,1
used locomotive,unit,transformation,waste treatment/Transport/Transformation,2
"used long liner, steel",kilogram,market,waste treatment/Transport/Market,1
"used long liner, steel",kilogram,transformation,waste treatment/Transport/Transformation,1
"used lorry with refrigeration machine, 16 metric ton",unit,market,waste treatment/Transport/Market,1
"used lorry with refrigeration machine, 16 metric ton",unit,transformation,waste treatment/Transport/Transformation,1
"used lorry, 16 metric ton",unit,market,waste treatment/Transport/Market,1
"used lorry, 16 metric ton",unit,transformation,waste treatment/Transport/Transformation,2
"used lorry, 28 metric ton",unit,market,waste treatment/Transport/Market,1
"used lorry, 28 metric ton",unit,transformation,waste treatment/Transport/Transformation,2
"used lorry, 40 metric ton",unit,market,waste treatment/Transport/Market,1
"used lorry, 40 metric ton",unit,transformation,waste treatment/Transport/Transformation,2
used motor scooter,unit,market,waste treatment/Transport/Market,1
used motor scooter,unit,transformation,waste treatment/Transport/Transformation,2
used Ni-metal hydride battery,kilogram,market,waste treatment/Electronics waste/Market,1
used Ni-metal hydride battery,kilogram,transformation,waste treatment/Electronics waste/Transformation,1
"used nitrate salts, for solar power application",kilogram,market,material/Chemicals/Inorganic/Market,1
"used nitrate salts, for solar power application",kilogram,transformation,material/Chemicals/Inorganic/Transformation,4
"used outside air intake stainless steel, DN 370",unit,market,waste treatment/Construction waste/Market,2
"used outside air intake stainless steel, DN 370",unit,market,waste treatment/Others/Obsolete,1
"used outside air intake stainless steel, DN 370",unit,transformation,waste treatment/Construction waste/Transformation,2
used perfluoropentane,kilogram,market,waste treatment/Others/Market,1
used perfluoropentane,kilogram,transformation,waste treatment/Others/Transformation,1
"used powertrain from electric passenger car, manual dismantling",kilogram,market,waste treatment/Transport/Market,1
"used powertrain from electric passenger car, manual dismantling",kilogram,transformation,waste treatment/Transport/Transformation,1
"used powertrain, electric scooter",kilogram,market,waste treatment/Transport/Market,1
"used powertrain, electric scooter",kilogram,transformation,waste treatment/Transport/Transformation,1
used printed wiring boards,kilogram,market,waste treatment/Electronics waste/Market,1
used printed wiring boards,kilogram,transformation,waste treatment/Electronics waste/Transformation,2
"used printer, laser",kilogram,market,waste treatment/Electronics waste/Market,1
"used printer, laser",kilogram,transformation,waste treatment/Electronics waste/Transformation,3
"used purse seiner, steel",kilogram,market,waste treatment/Transport/Market,1
"used purse seiner, steel",kilogram,transformation,waste treatment/Transport/Transformation,2
"used purse seiner, wood",kilogram,market,waste treatment/Transport/Market,1
"used purse seiner, wood",kilogram,transformation,waste treatment/Transport/Transformation,2
used railway track,meter-year,market,waste treatment/Others/Obsolete,1
used railway track,meter-year,market,waste treatment/Transport/Market,2
used railway track,meter-year,transformation,waste treatment/Transport/Transformation,2
"used reefer, intermodal shipping container, 40-foot, high-cube",unit,market,waste treatment/Transport/Market,1
"used reefer, intermodal shipping container, 40-foot, high-cube",unit,transformation,waste treatment/Transport/Transformation,1
used refrigerant R-12,kilogram,market,waste treatment/Others/Market,1
used refrigerant R-12,kilogram,transformation,waste treatment/Others/Transformation,2
used refrigerant R-600a,kilogram,market,waste treatment/Others/Market,1
used refrigerant R-600a,kilogram,transformation,waste treatment/Others/Transformation,2
used refrigerant R134a,kilogram,market,waste treatment/Transport/Market,1
used refrigerant R134a,kilogram,transformation,waste treatment/Transport/Transformation,3
"used refrigeration machine, carbon dioxide, liquid as refrigerant",unit,market,waste treatment/Transport/Market,1
"used refrigeration machine, carbon dioxide, liquid as refrigerant",unit,transformation,waste treatment/Transport/Transformation,1
"used refrigeration machine, R134a as refrigerant",unit,market,waste treatment/Transport/Market,1
"used refrigeration machine, R134a as refrigerant",unit,transformation,waste treatment/Transport/Transformation,1
"used room-connecting overflow element steel, approx. 40 m3/h",unit,market,waste treatment/Construction waste/Market,2
"used room-connecting overflow element steel, approx. 40 m3/h",unit,market,waste treatment/Others/Obsolete,1
"used room-connecting overflow element steel, approx. 40 m3/h",unit,transformation,waste treatment/Construction waste/Transformation,2
"used sealing tape aluminium/PE, 50 mm wide",meter,market,waste treatment/Construction waste/Market,2
"used sealing tape aluminium/PE, 50 mm wide",meter,market,waste treatment/Others/Obsolete,1
"used sealing tape aluminium/PE, 50 mm wide",meter,transformation,waste treatment/Construction waste/Transformation,2
"used silencer steel, DN 125",unit,market,waste treatment/Construction waste/Market,2
"used silencer steel, DN 125",unit,market,waste treatment/Others/Obsolete,1
"used silencer steel, DN 125",unit,transformation,waste treatment/Construction waste/Transformation,2
"used silencer steel, DN 315",unit,market,waste treatment/Construction waste/Market,2
"used silencer steel, DN 315",unit,market,waste treatment/Others/Obsolete,1
"used silencer steel, DN 315",unit,transformation,waste treatment/Construction waste/Transformation,2
used smartphone,kilogram,market,waste treatment/Electronics waste/Market,1
used smartphone,kilogram,transformation,waste treatment/Electronics waste/Transformation,1
used tablet,kilogram,market,waste treatment/Electronics waste/Market,1
used tablet,kilogram,transformation,waste treatment/Electronics waste/Transformation,1
"used toner module, laser printer, black/white",kilogram,market,material/Electronics waste/Market,1
"used toner module, laser printer, black/white",kilogram,market,waste treatment/Others/Obsolete,1
"used toner module, laser printer, black/white",kilogram,transformation,material/Electronics/Module/Transformation,1
"used toner module, laser printer, colour",kilogram,market,material/Electronics waste/Market,1
"used toner module, laser printer, colour",kilogram,market,waste treatment/Others/Obsolete,1
"used toner module, laser printer, colour",kilogram,transformation,material/Electronics/Module/Transformation,1
"used train, passenger, high-speed",unit,market,waste treatment/Transport/Market,1
"used train, passenger, high-speed",unit,transformation,waste treatment/Transport/Transformation,2
"used train, passenger, long-distance",unit,market,waste treatment/Transport/Market,1
"used train, passenger, long-distance",unit,transformation,waste treatment/Transport/Transformation,2
"used train, passenger, regional",unit,market,waste treatment/Transport/Market,1
"used train, passenger, regional",unit,transformation,waste treatment/Transport/Transformation,2
used tram,unit,market,waste treatment/Transport/Market,1
used tram,unit,transformation,waste treatment/Transport/Transformation,2
"used trawler, steel",kilogram,market,waste treatment/Transport/Market,1
"used trawler, steel",kilogram,transformation,waste treatment/Transport/Transformation,2
"used triple glazing, U<0.5W/m2K",square meter,market,waste treatment/Construction waste/Market,1
"used triple glazing, U<0.5W/m2K",square meter,transformation,waste treatment/Construction waste/Transformation,2
used tyre,kilogram,market,waste treatment/Transport/Market,1
used tyre,kilogram,transformation,waste treatment/Construction waste/Transformation,5
used tyre,kilogram,transformation,waste treatment/Transport/Transformation,1
used vegetable cooking oil,kilogram,market,material/Agricultural/Plant oils/Market,1
used vegetable cooking oil,kilogram,transformation,material/Agricultural/Plant oils/Transformation,1
"used vegetable cooking oil, purified",kilogram,market,material/Agricultural/Plant oils/Market,1
"used vegetable cooking oil, purified",kilogram,market,waste treatment/Others/Obsolete,1
"used vegetable cooking oil, purified",kilogram,transformation,material/Agricultural/Plant oils/Transformation,5
used ventilation control and wiring central unit,unit,market,waste treatment/Construction waste/Market,2
used ventilation control and wiring central unit,unit,market,waste treatment/Others/Obsolete,1
used ventilation control and wiring central unit,unit,transformation,waste treatment/Construction waste/Transformation,2
used ventilation control and wiring decentralized unit,unit,market,waste treatment/Construction waste/Market,2
used ventilation control and wiring decentralized unit,unit,market,waste treatment/Others/Obsolete,1
used ventilation control and wiring decentralized unit,unit,transformation,waste treatment/Construction waste/Transformation,2
"used window frame, plastic",square meter,market,waste treatment/Construction waste/Market,1
"used window frame, plastic",square meter,transformation,waste treatment/Construction waste/Transformation,2
"used window frame, wood",square meter,market,waste treatment/Construction waste/Market,1
"used window frame, wood",square meter,transformation,waste treatment/Construction waste/Transformation,2
"used window frame, wood-metal",square meter,market,waste treatment/Construction waste/Market,1
"used window frame, wood-metal",square meter,transformation,waste treatment/Construction waste/Transformation,2
vacuum cleaner,unit,market,material/Appliances/Market/Infrastructure,1
vacuum cleaner,unit,transformation,material/Appliances/Transformation/Infrastructure,1
vanilla,kilogram,market,material/Agricultural/Food/Market,1
vanilla,kilogram,transformation,material/Agricultural/Food/Transformation,2
"vanilla seedling, for planting",unit,market,material/Agricultural/Plant seeds/Market,1
"vanilla seedling, for planting",unit,transformation,material/Agricultural/Plant seeds/Transformation,2
vegetable oil esterification facility,unit,market,material/Chemicals/Organic/Market/Infrastructure,1
vegetable oil esterification facility,unit,transformation,material/Chemicals/Organic/Transformation/Infrastructure,2
vegetable oil methyl ester,kilogram,market,material/Others/Obsolete,1
vegetable oil refinery,unit,market,material/Chemicals/Organic/Market/Infrastructure,1
vegetable oil refinery,unit,transformation,material/Chemicals/Organic/Transformation/Infrastructure,1
"vegetable oil, refined",kilogram,market,material/Chemicals/Organic/Market,1
"vegetable oil, refined",kilogram,transformation,material/Chemicals/Organic/Market,2
"vegetable oil, refined",kilogram,transformation,material/Chemicals/Organic/Transformation,1
ventilation components factory,unit,market,material/Construction/Ventilation/Market/Infrastructure,1
ventilation components factory,unit,transformation,material/Construction/Ventilation/Transformation/Infrastructure,2
"ventilation control and wiring, central unit",unit,market,material/Construction/Ventilation/Market,1
"ventilation control and wiring, central unit",unit,transformation,material/Construction/Ventilation/Transformation,2
"ventilation control and wiring, decentralized unit",unit,market,material/Construction/Ventilation/Market,1
"ventilation control and wiring, decentralized unit",unit,transformation,material/Construction/Ventilation/Transformation,2
"ventilation duct, connection piece, steel, 100x50 mm",unit,market,material/Construction/Ventilation/Market,1
"ventilation duct, connection piece, steel, 100x50 mm",unit,transformation,material/Construction/Ventilation/Transformation,2
"ventilation duct, elbow 90 degrees, steel, 100x50 mm",unit,market,material/Construction/Ventilation/Market,1
"ventilation duct, elbow 90 degrees, steel, 100x50 mm",unit,transformation,material/Construction/Ventilation/Transformation,2
"ventilation duct, steel, 100x50 mm",meter,market,material/Construction/Ventilation/Market,1
"ventilation duct, steel, 100x50 mm",meter,transformation,material/Construction/Ventilation/Transformation,2
"ventilation of dwellings, central, 1 x 720 m3/h",square meter-year,market,processing/Ventilation/Market,1
"ventilation of dwellings, central, 1 x 720 m3/h",square meter-year,transformation,processing/Ventilation/Transformation,4
"ventilation of dwellings, decentralized, 6 x 120 m3/h",square meter-year,market,processing/Ventilation/Market,1
"ventilation of dwellings, decentralized, 6 x 120 m3/h",square meter-year,transformation,processing/Ventilation/Transformation,8
"ventilation system, central, 1 x 720 m3/h, polyethylene ducts, with earth tube heat exchanger",unit,market,material/Construction/Ventilation/Market/Infrastructure,1
"ventilation system, central, 1 x 720 m3/h, polyethylene ducts, with earth tube heat exchanger",unit,transformation,material/Construction/Ventilation/Transformation/Infrastructure,2
"ventilation system, central, 1 x 720 m3/h, steel ducts, with earth tube heat exchanger",unit,market,material/Construction/Ventilation/Market/Infrastructure,1
"ventilation system, central, 1 x 720 m3/h, steel ducts, with earth tube heat exchanger",unit,transformation,material/Construction/Ventilation/Transformation/Infrastructure,2
"ventilation system, decentralized, 6 x 120 m3/h, polyethylene ducts",unit,market,material/Construction/Ventilation/Market/Infrastructure,1
"ventilation system, decentralized, 6 x 120 m3/h, polyethylene ducts",unit,transformation,material/Construction/Ventilation/Transformation/Infrastructure,2
"ventilation system, decentralized, 6 x 120 m3/h, polyethylene ducts, with earth tube heat exchanger",unit,market,material/Construction/Ventilation/Market/Infrastructure,1
"ventilation system, decentralized, 6 x 120 m3/h, polyethylene ducts, with earth tube heat exchanger",unit,transformation,material/Construction/Ventilation/Transformation/Infrastructure,2
"ventilation system, decentralized, 6 x 120 m3/h, steel ducts",unit,market,material/Construction/Ventilation/Market/Infrastructure,1
"ventilation system, decentralized, 6 x 120 m3/h, steel ducts",unit,transformation,material/Construction/Ventilation/Transformation/Infrastructure,2
"ventilation system, decentralized, 6 x 120 m3/h, steel ducts, with earth tube heat exchanger",unit,market,material/Construction/Ventilation/Market/Infrastructure,1
"ventilation system, decentralized, 6 x 120 m3/h, steel ducts, with earth tube heat exchanger",unit,transformation,material/Construction/Ventilation/Transformation/Infrastructure,2
"venting of argon, crude, liquid",kilogram,market,processing/Others/Market,1
"venting of argon, crude, liquid",kilogram,transformation,processing/Others/Transformation,1
"venting of nitrogen, liquid",kilogram,market,processing/Others/Market,1
"venting of nitrogen, liquid",kilogram,transformation,processing/Others/Transformation,2
vermiculite,kilogram,market,material/Minerals/Market,1
vermiculite,kilogram,transformation,material/Minerals/Transformation,2
"vinasse, from fermentation of sugar beet",kilogram,market,material/Agricultural/Intermediate products/Market,1
"vinasse, from fermentation of sugar beet",kilogram,transformation,material/Agricultural/Plant oils/Transformation,1
"vinasse, from fermentation of sugar beet molasses",kilogram,market,material/Agricultural/Intermediate products/Market,1
"vinasse, from fermentation of sugar beet molasses",kilogram,transformation,material/Agricultural/Plant oils/Transformation,1
"vinasse, from fermentation of sugarcane",kilogram,market,material/Agricultural/Intermediate products/Market,1
"vinasse, from fermentation of sugarcane",kilogram,transformation,material/Agricultural/Plant oils/Transformation,1
"vinasse, from fermentation of sugarcane molasses",kilogram,market,material/Others/Obsolete,1
"vinasse, from fermentation of sugarcane molasses",kilogram,transformation,material/Others/Obsolete,1
"vinasse, from fermentation of sweet sorghum",kilogram,market,material/Agricultural/Intermediate products/Market,1
"vinasse, from fermentation of sweet sorghum",kilogram,transformation,material/Agricultural/Plant oils/Transformation,1
vine tomato,kilogram,market,material/Others/Obsolete,1
vine tomato,kilogram,transformation,material/Others/Obsolete,1
vinyl acetate,kilogram,market,material/Chemicals/Organic/Market,1
vinyl acetate,kilogram,transformation,material/Chemicals/Organic/Transformation,2
vinyl carbonate,kilogram,market,material/Chemicals/Organic/Market,1
vinyl carbonate,kilogram,transformation,material/Chemicals/Organic/Transformation,1
vinyl chloride,kilogram,market,material/Chemicals/Organic/Market,2
vinyl chloride,kilogram,market,material/Others/Obsolete,1
vinyl chloride,kilogram,transformation,material/Chemicals/Organic/Transformation,2
vinyl fluoride,kilogram,market,material/Chemicals/Organic/Market,1
vinyl fluoride,kilogram,transformation,material/Chemicals/Organic/Transformation,2
wafer factory,unit,market,material/Electronics/Photovoltaic/Market/Infrastructure,1
wafer factory,unit,transformation,material/Electronics/Photovoltaic/Transformation/Infrastructure,2
"wafer, fabricated, for integrated circuit",square meter,market,material/Electronics/Component/Market,1
"wafer, fabricated, for integrated circuit",square meter,transformation,material/Electronics/Component/Transformation,1
washing machine,unit,market,material/Appliances/Market/Infrastructure,1
washing machine,unit,transformation,material/Appliances/Transformation/Infrastructure,1
"washing, drying and finishing laundry",kilogram,market,processing/Textiles/Market,1
"washing, drying and finishing laundry",kilogram,transformation,processing/Textiles/Transformation,1
waste (waste scenario),kilogram,transformation,waste scenario/Others/Obsolete,5
waste aluminium,kilogram,market,waste treatment/Metals/Market,1
waste aluminium,kilogram,transformation,waste treatment/Landfill/Sanitary landfill/Transformation,2
waste asphalt,kilogram,market,waste treatment/Others/Market,2
waste asphalt,kilogram,market,waste treatment/Others/Obsolete,1
waste asphalt,kilogram,transformation,waste treatment/Landfill/Sanitary landfill/Transformation,2
waste bamboo residues,kilogram,market,waste treatment/Wood/Market,1
waste bamboo residues,kilogram,transformation,waste treatment/Wood/Transformation,1
waste bitumen,kilogram,market,waste treatment/Others/Market,3
waste bitumen,kilogram,market,waste treatment/Others/Obsolete,1
waste bitumen,kilogram,transformation,waste treatment/Landfill/Sanitary landfill/Transformation,3
waste bitumen sheet,kilogram,market,waste treatment/Others/Market,2
waste bitumen sheet,kilogram,transformation,waste treatment/Incineration/Municipal incineration/Transformation,3
waste brick,kilogram,market,waste treatment/Construction waste/Market,3
waste brick,kilogram,market,waste treatment/Others/Obsolete,1
waste brick,kilogram,transformation,waste treatment/Construction waste/Transformation,8
"waste building wood, chrome preserved",kilogram,market,waste treatment/Wood/Market,2
"waste building wood, chrome preserved",kilogram,transformation,waste treatment/Incineration/Municipal incineration/Transformation,3
"waste bulk iron, excluding reinforcement",kilogram,market,waste treatment/Construction waste/Market,3
"waste bulk iron, excluding reinforcement",kilogram,market,waste treatment/Others/Obsolete,1
"waste bulk iron, excluding reinforcement",kilogram,transformation,waste treatment/Construction waste/Transformation,3
waste cement in concrete and mortar,kilogram,market,waste treatment/Construction waste/Market,3
waste cement in concrete and mortar,kilogram,market,waste treatment/Others/Obsolete,1
waste cement in concrete and mortar,kilogram,transformation,waste treatment/Construction waste/Transformation,6
"waste cement, hydrated",kilogram,market,waste treatment/Construction waste/Market,3
"waste cement, hydrated",kilogram,market,waste treatment/Others/Obsolete,1
"waste cement, hydrated",kilogram,transformation,waste treatment/Landfill/Residual material landfill/Transformation,3
waste cement-fibre slab,kilogram,market,waste treatment/Construction waste/Market,2
waste cement-fibre slab,kilogram,market,waste treatment/Others/Obsolete,1
waste cement-fibre slab,kilogram,transformation,waste treatment/Construction waste/Transformation,4
"waste cement-fibre slab, dismantled",kilogram,market,waste treatment/Construction waste/Market,2
"waste cement-fibre slab, dismantled",kilogram,market,waste treatment/Others/Obsolete,1
"waste cement-fibre slab, dismantled",kilogram,transformation,waste treatment/Incineration/Municipal incineration/Transformation,3
"waste collection lorry, 21 metric ton",unit,market,transport/Road/Market/Infrastructure,1
"waste collection lorry, 21 metric ton",unit,transformation,transport/Road/Transformation/Infrastructure,2
waste concrete,kilogram,market,waste treatment/Construction waste/Market,3
waste concrete,kilogram,market,waste treatment/Others/Obsolete,1
waste concrete,kilogram,transformation,waste treatment/Landfill/Inert material landfill/Transformation,3
waste concrete gravel,kilogram,market,waste treatment/Construction waste/Market,2
waste concrete gravel,kilogram,market,waste treatment/Others/Obsolete,1
waste concrete gravel,kilogram,transformation,waste treatment/Construction waste/Transformation,10
"waste concrete, not reinforced",kilogram,market,waste treatment/Construction waste/Market,3
"waste concrete, not reinforced",kilogram,market,waste treatment/Others/Obsolete,1
"waste concrete, not reinforced",kilogram,transformation,waste treatment/Construction waste/Transformation,9
waste electric and electronic equipment,kilogram,market,waste treatment/Electronics waste/Market,1
waste electric and electronic equipment,kilogram,transformation,waste treatment/Electronics waste/Transformation,1
waste electric wiring,kilogram,market,waste treatment/Electronics waste/Market,2
waste electric wiring,kilogram,market,waste treatment/Others/Obsolete,1
waste electric wiring,kilogram,transformation,waste treatment/Electronics waste/Transformation,2
waste emulsion paint,kilogram,market,waste treatment/Others/Market,3
waste emulsion paint,kilogram,market,waste treatment/Others/Obsolete,1
waste emulsion paint,kilogram,transformation,waste treatment/Incineration/Hazardous waste incineration/Transformation,6
waste emulsion paint,kilogram,transformation,waste treatment/Incineration/Municipal incineration/Transformation,4
waste emulsion paint,kilogram,transformation,waste treatment/Landfill/Inert material landfill/Transformation,3
waste emulsion paint,kilogram,transformation,waste treatment/Landfill/Sanitary landfill/Transformation,3
"waste emulsion paint, on wall",kilogram,market,waste treatment/Others/Market,1
"waste emulsion paint, on wall",kilogram,transformation,waste treatment/Others/Transformation,4
"waste emulsion paint, on wood",kilogram,market,waste treatment/Others/Market,1
"waste emulsion paint, on wood",kilogram,transformation,waste treatment/Others/Transformation,2
"waste emulsion paint, separated",kilogram,market,waste treatment/Others/Market,1
"waste emulsion paint, separated",kilogram,transformation,waste treatment/Others/Transformation,2
waste expanded polystyrene,kilogram,market,waste treatment/Others/Obsolete,1
waste expanded polystyrene,kilogram,market,waste treatment/Plastics/Market,2
waste expanded polystyrene,kilogram,transformation,waste treatment/Incineration/Municipal incineration/Transformation,3
waste fibreboard,kilogram,market,waste treatment/Construction waste/Market,2
waste fibreboard,kilogram,market,waste treatment/Others/Obsolete,1
waste fibreboard,kilogram,transformation,waste treatment/Construction waste/Transformation,2
waste foundry sand,kilogram,market,waste treatment/Others/Market,1
waste foundry sand,kilogram,transformation,waste treatment/Others/Transformation,2
waste frit from cathode ray tube production,kilogram,market,waste treatment/Electronics waste/Market,1
waste frit from cathode ray tube production,kilogram,transformation,waste treatment/Landfill/Residual material landfill/Transformation,2
waste glass,kilogram,market,waste treatment/Construction waste/Market,45
waste glass,kilogram,market,waste treatment/Others/Obsolete,2
waste glass,kilogram,transformation,waste treatment/Construction waste/Transformation,12
waste glass,kilogram,transformation,waste treatment/Incineration/Municipal incineration/Transformation,3
waste glass,kilogram,transformation,waste treatment/Landfill/Inert material landfill/Transformation,1
waste glass,kilogram,transformation,waste treatment/Others/Obsolete,1
waste glass pane in burnable frame,kilogram,market,waste treatment/Construction waste/Market,2
waste glass pane in burnable frame,kilogram,market,waste treatment/Others/Obsolete,1
waste glass pane in burnable frame,kilogram,transformation,waste treatment/Construction waste/Transformation,4
waste glass pane in burnable frame,kilogram,transformation,waste treatment/Others/Obsolete,1
waste glass sheet,kilogram,market,waste treatment/Construction waste/Market,3
waste glass sheet,kilogram,market,waste treatment/Others/Obsolete,1
waste glass sheet,kilogram,transformation,waste treatment/Construction waste/Transformation,6
waste graphical paper,kilogram,market,waste treatment/Others/Obsolete,2
waste graphical paper,kilogram,market,waste treatment/Paper+ Board/Market,45
waste graphical paper,kilogram,transformation,waste treatment/Incineration/Municipal incineration/Transformation,3
waste graphical paper,kilogram,transformation,waste treatment/Landfill/Sanitary landfill/Transformation,2
waste graphical paper,kilogram,transformation,waste treatment/Others/Obsolete,2
waste graphical paper,kilogram,transformation,waste treatment/Paper+ Board/Transformation,11
waste gypsum,kilogram,market,waste treatment/Construction waste/Market,3
waste gypsum,kilogram,market,waste treatment/Others/Obsolete,1
waste gypsum,kilogram,transformation,waste treatment/Landfill/Inert material landfill/Transformation,3
waste gypsum,kilogram,transformation,waste treatment/Landfill/Sanitary landfill/Transformation,3
waste gypsum plasterboard,kilogram,market,waste treatment/Construction waste/Market,1
waste gypsum plasterboard,kilogram,transformation,waste treatment/Construction waste/Transformation,3
waste gypsum plasterboard,kilogram,transformation,waste treatment/Others/Obsolete,1
waste mineral oil,kilogram,market,waste treatment/Construction waste/Market,3
waste mineral oil,kilogram,market,waste treatment/Others/Obsolete,1
waste mineral oil,kilogram,transformation,waste treatment/Construction waste/Transformation,5
waste mineral oil,kilogram,transformation,waste treatment/Incineration/Hazardous waste incineration/Transformation,6
waste mineral plaster,kilogram,market,waste treatment/Construction waste/Market,2
waste mineral plaster,kilogram,market,waste treatment/Others/Obsolete,1
waste mineral plaster,kilogram,transformation,waste treatment/Construction waste/Transformation,4
waste mineral wool,kilogram,market,waste treatment/Construction waste/Market,3
waste mineral wool,kilogram,market,waste treatment/Others/Obsolete,1
waste mineral wool,kilogram,transformation,waste treatment/Construction waste/Transformation,9
"waste mineral wool, for final disposal",kilogram,market,waste treatment/Construction waste/Market,3
"waste mineral wool, for final disposal",kilogram,market,waste treatment/Others/Obsolete,1
"waste mineral wool, for final disposal",kilogram,transformation,waste treatment/Landfill/Inert material landfill/Transformation,3
"waste mixed aggregates, from demolition",kilogram,market,waste treatment/Wastewater treatment/Market,1
"waste mixed aggregates, from demolition",kilogram,transformation,waste treatment/Construction waste/Transformation,3
"waste natural gas, sour",megajoule,market,waste treatment/Others/Market,1
"waste natural gas, sour",megajoule,transformation,waste treatment/Others/Transformation,1
"waste natural gas, sweet",megajoule,market,waste treatment/Others/Market,1
"waste natural gas, sweet",megajoule,transformation,waste treatment/Others/Transformation,1
waste newspaper,kilogram,market,material/Paper+ Board/Waste paper/Market,1
waste newspaper,kilogram,transformation,material/Paper+ Board/Waste paper/Transformation,1
"waste packaging glass, unsorted",kilogram,market,material/Glass/Waste glass/Market,1
"waste packaging glass, unsorted",kilogram,market,waste treatment/Others/Obsolete,1
"waste packaging glass, unsorted",kilogram,transformation,material/Glass/Waste glass/Transformation,1
"waste packaging glass, unsorted",kilogram,transformation,processing/Others/Obsolete,1
waste packaging paper,kilogram,market,material/Paper+ Board/Waste paper/Market,45
waste packaging paper,kilogram,market,processing/Others/Obsolete,1
waste packaging paper,kilogram,market,waste treatment/Others/Obsolete,45
waste packaging paper,kilogram,transformation,material/Paper+ Board/Waste paper/Transformation,1
waste paint,kilogram,market,waste treatment/Others/Market,3
waste paint,kilogram,market,waste treatment/Others/Obsolete,1
waste paint,kilogram,transformation,waste treatment/Construction waste/Transformation,5
waste paint,kilogram,transformation,waste treatment/Incineration/Hazardous waste incineration/Transformation,6
waste paint,kilogram,transformation,waste treatment/Incineration/Municipal incineration/Transformation,4
waste paint,kilogram,transformation,waste treatment/Landfill/Inert material landfill/Transformation,3
waste paint,kilogram,transformation,waste treatment/Landfill/Sanitary landfill/Transformation,3
waste paint on metal,kilogram,market,waste treatment/Construction waste/Market,2
waste paint on metal,kilogram,market,waste treatment/Others/Obsolete,1
waste paint on metal,kilogram,transformation,waste treatment/Construction waste/Transformation,4
waste paint on wall,kilogram,market,waste treatment/Construction waste/Market,1
waste paint on wall,kilogram,transformation,waste treatment/Construction waste/Transformation,4
waste paint on wood,kilogram,market,waste treatment/Construction waste/Market,2
waste paint on wood,kilogram,market,waste treatment/Others/Obsolete,1
waste paint on wood,kilogram,transformation,waste treatment/Construction waste/Transformation,2
"waste paint, collection for hazardous waste incineration",kilogram,market,waste treatment/Others/Obsolete,1
"waste paint, collection for hazardous waste incineration",kilogram,transformation,waste treatment/Others/Obsolete,2
waste paper sorting facility,unit,market,material/Paper+ Board/Waste paper/Market/Infrastructure,1
waste paper sorting facility,unit,transformation,material/Paper+ Board/Waste paper/Transformation/Infrastructure,2
"waste paper, sorted",kilogram,market,material/Paper+ Board/Waste paper/Market,1
"waste paper, sorted",kilogram,market,waste treatment/Others/Obsolete,1
"waste paper, sorted",kilogram,transformation,material/Paper+ Board/Waste paper/Transformation,4
"waste paper, unsorted",kilogram,market,material/Paper+ Board/Waste paper/Market,3
"waste paper, unsorted",kilogram,market,waste treatment/Others/Obsolete,3
"waste paper, unsorted",kilogram,transformation,material/Others/Obsolete,1
"waste paper, unsorted",kilogram,transformation,material/Paper+ Board/Waste paper/Transformation,1
waste paperboard,kilogram,market,waste treatment/Others/Obsolete,2
waste paperboard,kilogram,market,waste treatment/Paper+ Board/Market,45
waste paperboard,kilogram,transformation,waste treatment/Incineration/Municipal incineration/Transformation,3
waste paperboard,kilogram,transformation,waste treatment/Landfill/Inert material landfill/Transformation,2
waste paperboard,kilogram,transformation,waste treatment/Landfill/Sanitary landfill/Transformation,2
waste paperboard,kilogram,transformation,waste treatment/Others/Obsolete,6
waste paperboard,kilogram,transformation,waste treatment/Paper+ Board/Transformation,11
"waste paperboard, sorted",kilogram,market,material/Paper+ Board/Waste paper/Market,1
"waste paperboard, sorted",kilogram,transformation,material/Paper+ Board/Waste paper/Transformation,4
"waste paperboard, unsorted",kilogram,market,material/Paper+ Board/Waste paper/Market,3
"waste paperboard, unsorted",kilogram,market,waste treatment/Others/Obsolete,4
"waste paperboard, unsorted",kilogram,transformation,material/Paper+ Board/Waste paper/Transformation,1
waste plaster-cardboard sandwich,kilogram,market,waste treatment/Others/Market,1
waste plaster-cardboard sandwich,kilogram,transformation,waste treatment/Others/Obsolete,1
waste plaster-cardboard sandwich,kilogram,transformation,waste treatment/Paper+ Board/Transformation,3
waste plastic plaster,kilogram,market,waste treatment/Construction waste/Market,1
waste plastic plaster,kilogram,transformation,waste treatment/Construction waste/Transformation,2
waste plastic plaster,kilogram,transformation,waste treatment/Others/Obsolete,1
"waste plastic plaster, for final disposal",kilogram,market,waste treatment/Construction waste/Market,2
"waste plastic plaster, for final disposal",kilogram,market,waste treatment/Others/Obsolete,1
"waste plastic plaster, for final disposal",kilogram,transformation,waste treatment/Landfill/Inert material landfill/Transformation,2
"waste plastic plaster, for final disposal",kilogram,transformation,waste treatment/Landfill/Sanitary landfill/Transformation,2
"waste plastic, consumer electronics",kilogram,market,waste treatment/Others/Obsolete,1
"waste plastic, consumer electronics",kilogram,market,waste treatment/Plastics/Market,2
"waste plastic, consumer electronics",kilogram,transformation,waste treatment/Electronics waste/Transformation,3
"waste plastic, consumer electronics",kilogram,transformation,waste treatment/Incineration/Municipal incineration/Transformation,3
"waste plastic, consumer electronics, sorted",kilogram,market,material/Plastics/Recycling/Transformation,1
"waste plastic, consumer electronics, sorted",kilogram,transformation,material/Plastics/Recycling/Transformation,3
"waste plastic, consumer electronics, sorted",kilogram,transformation,waste treatment/Others/Obsolete,3
"waste plastic, consumer electronics, unsorted",kilogram,market,material/Plastics/Recycling/Market,2
"waste plastic, consumer electronics, unsorted",kilogram,market,waste treatment/Others/Obsolete,2
"waste plastic, consumer electronics, unsorted",kilogram,transformation,material/Plastics/Recycling/Transformation,1
"waste plastic, consumer electronics, unsorted",kilogram,transformation,waste treatment/Others/Obsolete,1
"waste plastic, industrial electronics",kilogram,market,waste treatment/Others/Obsolete,1
"waste plastic, industrial electronics",kilogram,market,waste treatment/Plastics/Market,2
"waste plastic, industrial electronics",kilogram,transformation,waste treatment/Incineration/Municipal incineration/Transformation,3
"waste plastic, mixture",kilogram,market,waste treatment/Others/Obsolete,2
"waste plastic, mixture",kilogram,market,waste treatment/Plastics/Market,45
"waste plastic, mixture",kilogram,transformation,waste treatment/Construction waste/Transformation,6
"waste plastic, mixture",kilogram,transformation,waste treatment/Incineration/Municipal incineration/Transformation,3
"waste plastic, mixture",kilogram,transformation,waste treatment/Landfill/Sanitary landfill/Transformation,2
"waste plastic, mixture",kilogram,transformation,waste treatment/Others/Obsolete,2
"waste plastic, mixture",kilogram,transformation,waste treatment/Plastics/Transformation,11
waste polyethylene,kilogram,market,waste treatment/Others/Obsolete,2
waste polyethylene,kilogram,market,waste treatment/Plastics/Market,45
waste polyethylene,kilogram,transformation,waste treatment/Incineration/Municipal incineration/Transformation,3
waste polyethylene,kilogram,transformation,waste treatment/Landfill/Sanitary landfill/Transformation,2
waste polyethylene,kilogram,transformation,waste treatment/Others/Obsolete,2
waste polyethylene,kilogram,transformation,waste treatment/Plastics/Transformation,11
waste polyethylene terephtalate,kilogram,market,waste treatment/Others/Obsolete,4
waste polyethylene terephtalate,kilogram,transformation,waste treatment/Others/Obsolete,7
waste polyethylene terephthalate,kilogram,market,waste treatment/Plastics/Market,45
waste polyethylene terephthalate,kilogram,transformation,waste treatment/Plastics/Transformation,16
"waste polyethylene terephthalate, for recycling, sorted",kilogram,market,material/Plastics/Recycling/Market,4
"waste polyethylene terephthalate, for recycling, sorted",kilogram,transformation,material/Plastics/Recycling/Transformation,5
"waste polyethylene terephthalate, for recycling, unsorted",kilogram,market,material/Plastics/Recycling/Market,4
"waste polyethylene terephthalate, for recycling, unsorted",kilogram,transformation,material/Plastics/Recycling/Transformation,1
"waste polyethylene, for recycling, sorted",kilogram,market,material/Plastics/Recycling/Market,4
"waste polyethylene, for recycling, sorted",kilogram,transformation,material/Plastics/Recycling/Transformation,5
"waste polyethylene, for recycling, sorted",kilogram,transformation,waste treatment/Others/Obsolete,4
"waste polyethylene, for recycling, unsorted",kilogram,market,material/Plastics/Recycling/Market,4
"waste polyethylene, for recycling, unsorted",kilogram,market,waste treatment/Others/Obsolete,4
"waste polyethylene, for recycling, unsorted",kilogram,transformation,material/Plastics/Recycling/Transformation,1
waste polyethylene/polypropylene product,kilogram,market,waste treatment/Others/Obsolete,1
waste polyethylene/polypropylene product,kilogram,market,waste treatment/Plastics/Market,3
waste polyethylene/polypropylene product,kilogram,transformation,waste treatment/Landfill/Sanitary landfill/Transformation,3
waste polypropylene,kilogram,market,waste treatment/Others/Obsolete,1
waste polypropylene,kilogram,market,waste treatment/Plastics/Market,45
waste polypropylene,kilogram,transformation,waste treatment/Incineration/Municipal incineration/Transformation,3
waste polypropylene,kilogram,transformation,waste treatment/Landfill/Sanitary landfill/Transformation,2
waste polypropylene,kilogram,transformation,waste treatment/Plastics/Transformation,11
waste polystyrene,kilogram,market,waste treatment/Others/Obsolete,2
waste polystyrene,kilogram,market,waste treatment/Plastics/Market,45
waste polystyrene,kilogram,transformation,waste treatment/Incineration/Municipal incineration/Transformation,3
waste polystyrene,kilogram,transformation,waste treatment/Landfill/Sanitary landfill/Transformation,2
waste polystyrene,kilogram,transformation,waste treatment/Others/Obsolete,2
waste polystyrene,kilogram,transformation,waste treatment/Plastics/Transformation,11
"waste polystyrene isolation, flame-retardant",kilogram,market,waste treatment/Others/Obsolete,1
"waste polystyrene isolation, flame-retardant",kilogram,market,waste treatment/Plastics/Market,3
"waste polystyrene isolation, flame-retardant",kilogram,transformation,waste treatment/Construction waste/Transformation,3
waste polyurethane,kilogram,market,waste treatment/Others/Obsolete,2
waste polyurethane,kilogram,market,waste treatment/Plastics/Market,45
waste polyurethane,kilogram,transformation,waste treatment/Incineration/Municipal incineration/Transformation,3
waste polyurethane,kilogram,transformation,waste treatment/Landfill/Inert material landfill/Transformation,2
waste polyurethane,kilogram,transformation,waste treatment/Landfill/Sanitary landfill/Transformation,2
waste polyurethane,kilogram,transformation,waste treatment/Others/Obsolete,3
waste polyurethane,kilogram,transformation,waste treatment/Plastics/Transformation,11
waste polyurethane foam,kilogram,market,waste treatment/Others/Obsolete,1
waste polyurethane foam,kilogram,market,waste treatment/Plastics/Market,2
waste polyurethane foam,kilogram,transformation,waste treatment/Construction waste/Transformation,2
waste polyurethane seal,kilogram,market,waste treatment/Construction waste/Market,1
waste polyurethane seal,kilogram,transformation,waste treatment/Construction waste/Transformation,4
waste polyvinylchloride,kilogram,market,waste treatment/Others/Obsolete,2
waste polyvinylchloride,kilogram,market,waste treatment/Plastics/Market,45
waste polyvinylchloride,kilogram,transformation,waste treatment/Incineration/Municipal incineration/Transformation,3
waste polyvinylchloride,kilogram,transformation,waste treatment/Landfill/Sanitary landfill/Transformation,2
waste polyvinylchloride,kilogram,transformation,waste treatment/Others/Obsolete,2
waste polyvinylchloride,kilogram,transformation,waste treatment/Plastics/Transformation,11
waste polyvinylchloride product,kilogram,market,waste treatment/Others/Obsolete,1
waste polyvinylchloride product,kilogram,market,waste treatment/Plastics/Market,3
waste polyvinylchloride product,kilogram,transformation,waste treatment/Construction waste/Transformation,3
waste polyvinylfluoride,kilogram,market,waste treatment/Others/Obsolete,1
waste polyvinylfluoride,kilogram,market,waste treatment/Plastics/Market,2
waste polyvinylfluoride,kilogram,transformation,waste treatment/Incineration/Municipal incineration/Transformation,3
waste preparation facility,unit,market,processing/Waste/Market/Infrastructure,1
waste preparation facility,unit,transformation,processing/Waste/Transformation/Infrastructure,2
waste refinery gas,megajoule,market,waste treatment/Others/Market,1
waste refinery gas,megajoule,transformation,waste treatment/Others/Transformation,1
waste reinforced concrete,kilogram,market,waste treatment/Construction waste/Market,3
waste reinforced concrete,kilogram,market,waste treatment/Others/Obsolete,1
waste reinforced concrete,kilogram,transformation,waste treatment/Construction waste/Transformation,9
waste reinforced plasterboard,kilogram,market,waste treatment/Construction waste/Market,1
waste reinforced plasterboard,kilogram,transformation,waste treatment/Construction waste/Transformation,3
waste reinforced plasterboard,kilogram,transformation,waste treatment/Others/Obsolete,1
waste reinforcement steel,kilogram,market,waste treatment/Construction waste/Market,2
waste reinforcement steel,kilogram,market,waste treatment/Others/Obsolete,1
waste reinforcement steel,kilogram,transformation,waste treatment/Construction waste/Transformation,6
"waste rubber, unspecified",kilogram,market,waste treatment/Others/Market,3
"waste rubber, unspecified",kilogram,market,waste treatment/Others/Obsolete,1
"waste rubber, unspecified",kilogram,transformation,waste treatment/Incineration/Municipal incineration/Transformation,4
"waste rubber, unspecified",kilogram,transformation,waste treatment/Others/Transformation,2
"waste sealing sheet, polyethylene",kilogram,market,waste treatment/Others/Obsolete,1
"waste sealing sheet, polyethylene",kilogram,market,waste treatment/Plastics/Market,2
"waste sealing sheet, polyethylene",kilogram,transformation,waste treatment/Incineration/Municipal incineration/Transformation,3
"waste sealing sheet, polyvinylchloride",kilogram,market,waste treatment/Plastics/Market,2
"waste sealing sheet, polyvinylchloride",kilogram,transformation,waste treatment/Incineration/Municipal incineration/Transformation,3
"waste textile, soiled",kilogram,market,waste treatment/Others/Market,2
"waste textile, soiled",kilogram,market,waste treatment/Others/Obsolete,1
"waste textile, soiled",kilogram,transformation,waste treatment/Incineration/Municipal incineration/Transformation,3
"waste textile, soiled",kilogram,transformation,waste treatment/Others/Transformation,2
"waste vapour barrier, flame-retarded",kilogram,market,waste treatment/Others/Market,2
"waste vapour barrier, flame-retarded",kilogram,transformation,waste treatment/Construction waste/Transformation,3
waste wire plastic,kilogram,market,waste treatment/Others/Obsolete,1
waste wire plastic,kilogram,market,waste treatment/Plastics/Market,2
waste wire plastic,kilogram,transformation,waste treatment/Incineration/Municipal incineration/Transformation,3
"waste wood pole, chrome preserved",kilogram,market,waste treatment/Others/Obsolete,1
"waste wood pole, chrome preserved",kilogram,market,waste treatment/Wood/Market,2
"waste wood pole, chrome preserved",kilogram,transformation,waste treatment/Incineration/Municipal incineration/Transformation,3
"waste wood, post-consumer",kilogram,market,material/Wood/Byproducts/Market,2
"waste wood, post-consumer",kilogram,market,waste treatment/Others/Obsolete,3
"waste wood, post-consumer",kilogram,transformation,material/Wood/Byproducts/Transformation,1
"waste wood, untreated",kilogram,market,waste treatment/Others/Obsolete,2
"waste wood, untreated",kilogram,market,waste treatment/Wood/Market,45
"waste wood, untreated",kilogram,transformation,waste treatment/Construction waste/Transformation,5
"waste wood, untreated",kilogram,transformation,waste treatment/Incineration/Municipal incineration/Transformation,3
"waste wood, untreated",kilogram,transformation,waste treatment/Landfill/Sanitary landfill/Transformation,2
"waste wood, untreated",kilogram,transformation,waste treatment/Others/Obsolete,1
"waste wood, untreated",kilogram,transformation,waste treatment/Wood/Transformation,15
waste x-ray film,kilogram,market,waste treatment/Others/Market,1
waste x-ray film,kilogram,transformation,waste treatment/Others/Transformation,1
waste yarn and waste textile,kilogram,market,waste treatment/Others/Market,1
waste yarn and waste textile,kilogram,transformation,waste treatment/Others/Transformation,2
waste zeolite,kilogram,market,waste treatment/Others/Market,2
waste zeolite,kilogram,market,waste treatment/Others/Obsolete,1
waste zeolite,kilogram,transformation,waste treatment/Landfill/Inert material landfill/Transformation,2
"waste, electrical and electronic cables",kilogram,market,waste treatment/Electronics waste/Market,1
"waste, electrical and electronic cables",kilogram,transformation,waste treatment/Electronics waste/Transformation,2
"waste, from silicon wafer production",kilogram,market,waste treatment/Others/Market,1
"waste, from silicon wafer production",kilogram,transformation,waste treatment/Underground deposit/Transformation,2
"waste, from silicon wafer production, inorganic",kilogram,market,waste treatment/Others/Market,1
"waste, from silicon wafer production, inorganic",kilogram,transformation,waste treatment/Landfill/Residual material landfill/Transformation,2
"waste, pneumatic tyres",kilogram,market,waste treatment/Others/Market,1
"waste, pneumatic tyres",kilogram,transformation,waste treatment/Others/Transformation,2
wastewater from ammonium paratungstate production,cubic meter,market,waste treatment/Others/Market,2
wastewater from ammonium paratungstate production,cubic meter,transformation,waste treatment/Wastewater treatment/Transformation,2
wastewater from anaerobic digestion of whey,cubic meter,market,waste treatment/Others/Obsolete,1
wastewater from anaerobic digestion of whey,cubic meter,market,waste treatment/Wastewater treatment/Market,2
wastewater from anaerobic digestion of whey,cubic meter,transformation,waste treatment/Wastewater treatment/Transformation,2
wastewater from black chrome coating,cubic meter,market,waste treatment/Others/Obsolete,1
wastewater from black chrome coating,cubic meter,market,waste treatment/Wastewater treatment/Market,2
wastewater from black chrome coating,cubic meter,transformation,waste treatment/Wastewater treatment/Transformation,2
wastewater from cathode ray tube production,cubic meter,market,waste treatment/Others/Obsolete,1
wastewater from cathode ray tube production,cubic meter,market,waste treatment/Wastewater treatment/Market,2
wastewater from cathode ray tube production,cubic meter,transformation,waste treatment/Wastewater treatment/Transformation,2
wastewater from ceramic production,cubic meter,market,waste treatment/Others/Obsolete,1
wastewater from ceramic production,cubic meter,market,waste treatment/Wastewater treatment/Market,2
wastewater from ceramic production,cubic meter,transformation,waste treatment/Wastewater treatment/Transformation,2
wastewater from concrete production,cubic meter,market,waste treatment/Others/Obsolete,1
wastewater from concrete production,cubic meter,market,waste treatment/Wastewater treatment/Market,2
wastewater from concrete production,cubic meter,transformation,waste treatment/Wastewater treatment/Transformation,2
wastewater from glass production,cubic meter,market,waste treatment/Others/Obsolete,1
wastewater from glass production,cubic meter,market,waste treatment/Wastewater treatment/Market,2
wastewater from glass production,cubic meter,transformation,waste treatment/Wastewater treatment/Transformation,2
wastewater from grass refinery,cubic meter,market,waste treatment/Others/Obsolete,1
wastewater from grass refinery,cubic meter,market,waste treatment/Wastewater treatment/Market,2
wastewater from grass refinery,cubic meter,transformation,waste treatment/Wastewater treatment/Transformation,2
wastewater from ground granulated blast furnace slag production,cubic meter,market,waste treatment/Others/Obsolete,1
wastewater from ground granulated blast furnace slag production,cubic meter,market,waste treatment/Wastewater treatment/Market,2
wastewater from ground granulated blast furnace slag production,cubic meter,transformation,waste treatment/Wastewater treatment/Transformation,2
wastewater from hard fibreboard production,cubic meter,market,waste treatment/Others/Obsolete,1
wastewater from hard fibreboard production,cubic meter,market,waste treatment/Wastewater treatment/Market,2
wastewater from hard fibreboard production,cubic meter,transformation,waste treatment/Wastewater treatment/Transformation,2
wastewater from liquid crystal display backlight production,cubic meter,market,waste treatment/Others/Obsolete,1
wastewater from liquid crystal display backlight production,cubic meter,market,waste treatment/Wastewater treatment/Market,2
wastewater from liquid crystal display backlight production,cubic meter,transformation,waste treatment/Wastewater treatment/Transformation,2
wastewater from liquid crystal display production,cubic meter,market,waste treatment/Others/Obsolete,1
wastewater from liquid crystal display production,cubic meter,market,waste treatment/Wastewater treatment/Market,2
wastewater from liquid crystal display production,cubic meter,transformation,waste treatment/Wastewater treatment/Transformation,2
wastewater from liquid crystal production,cubic meter,market,waste treatment/Others/Obsolete,1
wastewater from liquid crystal production,cubic meter,market,waste treatment/Wastewater treatment/Market,2
wastewater from liquid crystal production,cubic meter,transformation,waste treatment/Wastewater treatment/Transformation,2
wastewater from lorry production,cubic meter,market,waste treatment/Others/Obsolete,1
wastewater from lorry production,cubic meter,market,waste treatment/Wastewater treatment/Market,2
wastewater from lorry production,cubic meter,transformation,waste treatment/Wastewater treatment/Transformation,2
wastewater from maize starch production,cubic meter,market,waste treatment/Others/Obsolete,1
wastewater from maize starch production,cubic meter,market,waste treatment/Wastewater treatment/Market,2
wastewater from maize starch production,cubic meter,transformation,waste treatment/Wastewater treatment/Transformation,2
wastewater from medium density board production,cubic meter,market,waste treatment/Others/Obsolete,1
wastewater from medium density board production,cubic meter,market,waste treatment/Wastewater treatment/Market,2
wastewater from medium density board production,cubic meter,transformation,waste treatment/Wastewater treatment/Transformation,2
wastewater from particle board production,cubic meter,market,waste treatment/Wastewater treatment/Market,2
wastewater from particle board production,cubic meter,transformation,waste treatment/Wastewater treatment/Transformation,2
wastewater from particleboard production,cubic meter,market,waste treatment/Others/Obsolete,1
wastewater from pig iron production,cubic meter,market,waste treatment/Others/Obsolete,1
wastewater from pig iron production,cubic meter,market,waste treatment/Wastewater treatment/Market,3
wastewater from pig iron production,cubic meter,transformation,waste treatment/Wastewater treatment/Transformation,3
wastewater from plywood production,cubic meter,market,waste treatment/Others/Obsolete,1
wastewater from plywood production,cubic meter,market,waste treatment/Wastewater treatment/Market,2
wastewater from plywood production,cubic meter,transformation,waste treatment/Wastewater treatment/Transformation,2
wastewater from potato starch production,cubic meter,market,waste treatment/Others/Obsolete,1
wastewater from potato starch production,cubic meter,market,waste treatment/Wastewater treatment/Market,2
wastewater from potato starch production,cubic meter,transformation,waste treatment/Wastewater treatment/Transformation,2
wastewater from PV cell production,cubic meter,market,waste treatment/Others/Obsolete,1
wastewater from PV cell production,cubic meter,market,waste treatment/Wastewater treatment/Market,2
wastewater from PV cell production,cubic meter,transformation,waste treatment/Wastewater treatment/Transformation,2
wastewater from soft fibreboard production,cubic meter,market,waste treatment/Others/Obsolete,1
wastewater from soft fibreboard production,cubic meter,market,waste treatment/Wastewater treatment/Market,2
wastewater from soft fibreboard production,cubic meter,transformation,waste treatment/Wastewater treatment/Transformation,2
wastewater from textile production,cubic meter,market,waste treatment/Wastewater treatment/Market,1
wastewater from textile production,cubic meter,transformation,waste treatment/Wastewater treatment/Transformation,1
wastewater from tube collector production,cubic meter,market,waste treatment/Others/Obsolete,1
wastewater from tube collector production,cubic meter,market,waste treatment/Wastewater treatment/Market,2
wastewater from tube collector production,cubic meter,transformation,waste treatment/Wastewater treatment/Transformation,2
wastewater from vegetable oil refinery,cubic meter,market,waste treatment/Wastewater treatment/Market,1
wastewater from vegetable oil refinery,cubic meter,transformation,waste treatment/Wastewater treatment/Transformation,1
wastewater from wafer fabrication,cubic meter,market,waste treatment/Others/Obsolete,1
wastewater from wafer fabrication,cubic meter,market,waste treatment/Wastewater treatment/Market,2
wastewater from wafer fabrication,cubic meter,transformation,waste treatment/Wastewater treatment/Transformation,2
"wastewater treatment facility, capacity 1.1E10l/year",unit,market,processing/Waste/Market/Infrastructure,1
"wastewater treatment facility, capacity 1.1E10l/year",unit,transformation,processing/Others/Obsolete,2
"wastewater treatment facility, capacity 1.1E10l/year",unit,transformation,processing/Waste/Transformation/Infrastructure,1
"wastewater treatment facility, capacity 1.6E8l/year",unit,market,processing/Waste/Market/Infrastructure,1
"wastewater treatment facility, capacity 1.6E8l/year",unit,transformation,processing/Waste/Transformation/Infrastructure,3
"wastewater treatment facility, capacity 1E9l/year",unit,market,processing/Waste/Market/Infrastructure,1
"wastewater treatment facility, capacity 1E9l/year",unit,transformation,processing/Others/Obsolete,2
"wastewater treatment facility, capacity 1E9l/year",unit,transformation,processing/Waste/Transformation/Infrastructure,1
"wastewater treatment facility, capacity 4.7E10l/year",unit,market,processing/Others/Obsolete,1
"wastewater treatment facility, capacity 4.7E10l/year",unit,transformation,processing/Others/Obsolete,2
"wastewater treatment facility, capacity 5E9l/year",unit,market,processing/Others/Obsolete,2
"wastewater treatment facility, capacity 5E9l/year",unit,market,processing/Waste/Market/Infrastructure,1
"wastewater treatment facility, capacity 5E9l/year",unit,transformation,processing/Waste/Transformation/Infrastructure,3
"wastewater, average",cubic meter,market,waste treatment/Others/Obsolete,1
"wastewater, average",cubic meter,market,waste treatment/Wastewater treatment/Market,4
"wastewater, average",cubic meter,transformation,waste treatment/Others/Obsolete,14
"wastewater, average",cubic meter,transformation,waste treatment/Others/Transformation,2
"wastewater, average",cubic meter,transformation,waste treatment/Wastewater treatment/Transformation,4
"wastewater, from residence",cubic meter,market,waste treatment/Others/Obsolete,3
"wastewater, from residence",cubic meter,transformation,waste treatment/Others/Obsolete,2
"wastewater, unpolluted",cubic meter,market,waste treatment/Others/Obsolete,1
"wastewater, unpolluted",cubic meter,market,waste treatment/Wastewater treatment/Market,2
"wastewater, unpolluted",cubic meter,transformation,waste treatment/Wastewater treatment/Transformation,2
"wastewater, unpolluted, from residence",cubic meter,market,waste treatment/Others/Obsolete,3
"wastewater, unpolluted, from residence",cubic meter,transformation,waste treatment/Others/Obsolete,2
"water discharge from petroleum extraction, offshore",kilogram,market,waste treatment/Wastewater treatment/Market,1
"water discharge from petroleum extraction, offshore",kilogram,transformation,waste treatment/Wastewater treatment/Transformation,1
"water discharge from petroleum/natural gas extraction, onshore",kilogram,market,waste treatment/Wastewater treatment/Market,1
"water discharge from petroleum/natural gas extraction, onshore",kilogram,transformation,waste treatment/Wastewater treatment/Transformation,1
"water pump operation, diesel",megajoule,market,material/Water/Industry water/Market,1
"water pump operation, diesel",megajoule,transformation,material/Water/Industry water/Transformation,17
"water pump operation, electric",megajoule,market,material/Water/Industry water/Market,1
"water pump operation, electric",megajoule,transformation,material/Water/Industry water/Transformation,17
"water pump, 22kW",unit,market,material/Water/Drinking water/Market/Infrastructure,1
"water pump, 22kW",unit,transformation,material/Water/Drinking water/Transformation/Infrastructure,1
water storage,unit,market,material/Water/Drinking water/Market/Infrastructure,1
water storage,unit,transformation,material/Water/Drinking water/Transformation/Infrastructure,2
water supply network,kilometer,market,material/Water/Drinking water/Market/Infrastructure,1
water supply network,kilometer,transformation,material/Water/Drinking water/Transformation/Infrastructure,2
"water works, capacity 1.1E10l/year",unit,market,material/Water/Drinking water/Market/Infrastructure,4
"water works, capacity 1.1E10l/year",unit,transformation,material/Water/Drinking water/Transformation/Infrastructure,14
"water works, capacity 6.23E10l/year",unit,market,material/Water/Drinking water/Market/Infrastructure,1
"water works, capacity 6.23E10l/year",unit,transformation,material/Water/Drinking water/Transformation/Infrastructure,2
"water, completely softened",kilogram,market,material/Water/Industry water/Market,3
"water, completely softened",kilogram,transformation,material/Water/Industry water/Transformation,3
"water, completely softened, from decarbonised water, at user",kilogram,market,material/Others/Obsolete,1
"water, decarbonised",kilogram,market,material/Water/Industry water/Market,13
"water, decarbonised",kilogram,transformation,material/Water/Industry water/Transformation,14
"water, decarbonised, at user",kilogram,market,material/Others/Obsolete,1
"water, decarbonised, at user",kilogram,transformation,material/Others/Obsolete,2
"water, deionised",kilogram,market,material/Water/Industry water/Market,3
"water, deionised",kilogram,transformation,material/Water/Industry water/Transformation,3
"water, deionised, from tap water, at user",kilogram,market,material/Others/Obsolete,1
"water, harvested from rainwater",kilogram,market,material/Water/Industry water/Market,1
"water, harvested from rainwater",kilogram,transformation,material/Water/Industry water/Transformation,1
"water, ultrapure",kilogram,market,material/Others/Obsolete,1
"water, ultrapure",kilogram,market,material/Water/Industry water/Market,3
"water, ultrapure",kilogram,transformation,material/Water/Industry water/Transformation,3
"wax, lost-wax casting",kilogram,market,material/Chemicals/Organic/Market,1
"wax, lost-wax casting",kilogram,transformation,material/Chemicals/Organic/Transformation,1
"weaned calves, live weight",kilogram,market,material/Agricultural/Animal production/Bovine/Market,3
"weaned calves, live weight",kilogram,transformation,material/Agricultural/Animal production/Bovine/Transformation,7
"weaned heifers, live weight",kilogram,market,material/Agricultural/Animal production/Bovine/Market,3
"weaned heifers, live weight",kilogram,transformation,material/Agricultural/Animal production/Bovine/Transformation,15
"weaving, bast fibre",kilogram,market,processing/Others/Obsolete,1
"weaving, bast fibre",kilogram,transformation,processing/Others/Obsolete,2
"weaving, synthetic fibre",kilogram,market,processing/Textiles/Market,1
"weaving, synthetic fibre",kilogram,transformation,processing/Textiles/Transformation,1
"weed control, by brush cutter, pasture",hectare,market,processing/Agricultural/Market,1
"weed control, by brush cutter, pasture",hectare,transformation,processing/Agricultural/Transformation,2
"welding, arc, aluminium",meter,market,processing/Metals/Welding/Market,1
"welding, arc, aluminium",meter,transformation,processing/Metals/Welding/Transformation,3
"welding, arc, steel",meter,market,processing/Metals/Welding/Market,1
"welding, arc, steel",meter,transformation,processing/Metals/Welding/Transformation,2
"welding, gas, steel",meter,market,processing/Metals/Welding/Market,1
"welding, gas, steel",meter,transformation,processing/Metals/Welding/Transformation,2
wheat bran,kilogram,market,material/Agricultural/Food/Market,2
wheat bran,kilogram,transformation,material/Agricultural/Food/Transformation,2
wheat flour,kilogram,market,material/Agricultural/Food/Market,2
wheat flour,kilogram,transformation,material/Agricultural/Food/Transformation,2
wheat flour mix,kilogram,market,material/Agricultural/Food/Market,1
wheat flour mix,kilogram,transformation,material/Agricultural/Food/Transformation,2
wheat grain,kilogram,market,material/Agricultural/Plant production/Cereals/Market,2
wheat grain,kilogram,market,material/Others/Obsolete,1
wheat grain,kilogram,transformation,material/Agricultural/Plant production/Cereals/Market/Import,1
wheat grain,kilogram,transformation,material/Agricultural/Plant production/Cereals/Transformation,10
"wheat grain, feed",kilogram,market,material/Agricultural/Animal feed/Market,1
"wheat grain, feed",kilogram,transformation,material/Agricultural/Animal feed/Transformation,2
"wheat grain, feed, organic",kilogram,market,material/Agricultural/Animal feed/Market,1
"wheat grain, feed, organic",kilogram,transformation,material/Agricultural/Animal feed/Transformation,2
"wheat grain, feed, Swiss integrated production",kilogram,market,material/Agricultural/Animal feed/Market,1
"wheat grain, feed, Swiss integrated production",kilogram,transformation,material/Agricultural/Animal feed/Transformation,1
"wheat grain, feed, Swiss integrated production",kilogram,transformation,material/Others/Obsolete,1
"wheat grain, organic",kilogram,market,material/Agricultural/Plant production/Cereals/Market,1
"wheat grain, organic",kilogram,transformation,material/Agricultural/Plant production/Cereals/Transformation,2
"wheat grain, Swiss integrated production",kilogram,market,material/Agricultural/Plant production/Cereals/Market,1
"wheat grain, Swiss integrated production",kilogram,transformation,material/Agricultural/Plant production/Cereals/Transformation,2
"wheat seed, for sowing",kilogram,market,material/Agricultural/Plant seeds/Market,1
"wheat seed, for sowing",kilogram,transformation,material/Agricultural/Plant seeds/Transformation,1
"wheat seed, organic, for sowing",kilogram,market,material/Agricultural/Plant seeds/Market,1
"wheat seed, organic, for sowing",kilogram,transformation,material/Agricultural/Plant seeds/Transformation,2
"wheat seed, Swiss integrated production, for sowing",kilogram,market,material/Agricultural/Plant seeds/Market,1
"wheat seed, Swiss integrated production, for sowing",kilogram,market,material/Others/Obsolete,1
"wheat seed, Swiss integrated production, for sowing",kilogram,transformation,material/Agricultural/Plant seeds/Transformation,1
whey,kilogram,market,material/Agricultural/Food/Market,1
whey,kilogram,transformation,processing/Waste/Transformation,3
white asparagus,kilogram,market,material/Agricultural/Plant production/Vegetables/Market,1
white asparagus,kilogram,transformation,material/Agricultural/Plant production/Vegetables/Transformation,4
white asparagus,kilogram,transformation,material/Others/Obsolete,1
white lined chipboard carton,kilogram,market,material/Paper+ Board/Packagings/Market,2
white lined chipboard carton,kilogram,transformation,material/Paper+ Board/Packagings/Transformation,2
white spirit,kilogram,market,material/Chemicals/Organic/Market,1
white spirit,kilogram,transformation,material/Chemicals/Organic/Transformation,9
"willow stem cutting, for planting",unit,market,processing/Wood/Market,1
"willow stem cutting, for planting",unit,transformation,processing/Wood/Transformation,2
"wind power plant, 2MW, offshore, fixed parts",unit,market,energy/Electricity by fuel/Wind/Market/Infrastructure,1
"wind power plant, 2MW, offshore, fixed parts",unit,transformation,energy/Electricity by fuel/Wind/Transformation/Infrastructure,1
"wind power plant, 2MW, offshore, moving parts",unit,market,energy/Electricity by fuel/Wind/Market/Infrastructure,1
"wind power plant, 2MW, offshore, moving parts",unit,transformation,energy/Electricity by fuel/Wind/Transformation/Infrastructure,1
"wind power plant, 800kW, fixed parts",unit,market,energy/Electricity by fuel/Wind/Market/Infrastructure,1
"wind power plant, 800kW, fixed parts",unit,transformation,energy/Electricity by fuel/Wind/Transformation/Infrastructure,1
"wind power plant, 800kW, moving parts",unit,market,energy/Electricity by fuel/Wind/Market/Infrastructure,1
"wind power plant, 800kW, moving parts",unit,transformation,energy/Electricity by fuel/Wind/Transformation/Infrastructure,1
"wind turbine network connection, 2MW, onshore",unit,market,energy/Electricity by fuel/Wind/Market/Infrastructure,1
"wind turbine network connection, 2MW, onshore",unit,transformation,energy/Electricity by fuel/Wind/Transformation/Infrastructure,2
"wind turbine network connection, 4.5MW, onshore",unit,market,energy/Electricity by fuel/Wind/Market/Infrastructure,1
"wind turbine network connection, 4.5MW, onshore",unit,transformation,energy/Electricity by fuel/Wind/Transformation/Infrastructure,1
"wind turbine network connection, 750kW, onshore",unit,market,energy/Electricity by fuel/Wind/Market/Infrastructure,1
"wind turbine network connection, 750kW, onshore",unit,transformation,energy/Electricity by fuel/Wind/Transformation/Infrastructure,2
"wind turbine, 2.3MW, onshore",unit,market,energy/Electricity by fuel/Wind/Market/Infrastructure,1
"wind turbine, 2.3MW, onshore",unit,transformation,energy/Electricity by fuel/Wind/Transformation/Infrastructure,2
"wind turbine, 2MW, onshore",unit,market,energy/Electricity by fuel/Wind/Market/Infrastructure,1
"wind turbine, 2MW, onshore",unit,transformation,energy/Electricity by fuel/Wind/Transformation/Infrastructure,1
"wind turbine, 4.5MW, onshore",unit,market,energy/Electricity by fuel/Wind/Market/Infrastructure,1
"wind turbine, 4.5MW, onshore",unit,transformation,energy/Electricity by fuel/Wind/Transformation/Infrastructure,1
"wind turbine, 750kW, onshore",unit,market,energy/Electricity by fuel/Wind/Market/Infrastructure,1
"wind turbine, 750kW, onshore",unit,transformation,energy/Electricity by fuel/Wind/Transformation/Infrastructure,2
"window frame, aluminium, U=1.6 W/m2K",square meter,market,material/Construction/Windows/Market,1
"window frame, aluminium, U=1.6 W/m2K",square meter,transformation,material/Construction/Windows/Transformation,2
"window frame, poly vinyl chloride, U=1.6 W/m2K",square meter,market,material/Construction/Windows/Market,1
"window frame, poly vinyl chloride, U=1.6 W/m2K",square meter,transformation,material/Construction/Windows/Transformation,2
"window frame, wood, U=1.5 W/m2K",square meter,market,material/Construction/Windows/Market,1
"window frame, wood, U=1.5 W/m2K",square meter,transformation,material/Construction/Windows/Transformation,3
"window frame, wood-metal, U=1.6 W/m2K",square meter,market,material/Construction/Windows/Market,1
"window frame, wood-metal, U=1.6 W/m2K",square meter,transformation,material/Construction/Windows/Transformation,2
"wire drawing, copper",kilogram,market,processing/Metals/Chipless shaping/Market,1
"wire drawing, copper",kilogram,transformation,processing/Metals/Chipless shaping/Transformation,2
"wire drawing, steel",kilogram,market,processing/Metals/Chipless shaping/Market,1
"wire drawing, steel",kilogram,transformation,processing/Metals/Chipless shaping/Transformation,2
"wood (1.7823 kg CO2/kg dry wood) , use only in PAS2050 wizard",kilogram,transformation,material/Others/Carbon content biogenic materials,1
"wood ash mixture, pure",kilogram,market,waste treatment/Others/Obsolete,1
"wood ash mixture, pure",kilogram,market,waste treatment/Wood/Market,3
"wood ash mixture, pure",kilogram,transformation,waste treatment/Incineration/Municipal incineration/Transformation,4
"wood ash mixture, pure",kilogram,transformation,waste treatment/Landfarming/Transformation,3
"wood ash mixture, pure",kilogram,transformation,waste treatment/Landfill/Sanitary landfill/Transformation,3
"wood ash mixture, pure",kilogram,transformation,waste treatment/Others/Obsolete,1
"wood chipping, chipper, mobile, diesel, at forest road",hour,market,processing/Wood/Market,1
"wood chipping, chipper, mobile, diesel, at forest road",hour,transformation,processing/Wood/Transformation,2
"wood chipping, forwarder with terrain chipper, in forest",hour,market,processing/Wood/Market,1
"wood chipping, forwarder with terrain chipper, in forest",hour,transformation,processing/Wood/Transformation,2
"wood chipping, industrial residual wood, stationary electric chipper",kilogram,market,processing/Wood/Market,1
"wood chipping, industrial residual wood, stationary electric chipper",kilogram,transformation,processing/Wood/Transformation,2
"wood chips and particles, willow",kilogram,market,material/Others/Obsolete,1
"wood chips and particles, willow",kilogram,market,material/Wood/Byproducts/Market,2
"wood chips and particles, willow",kilogram,transformation,material/Wood/Byproducts/Transformation,2
"wood chips, dry, measured as dry mass",kilogram,market,material/Wood/Byproducts/Market,2
"wood chips, dry, measured as dry mass",kilogram,transformation,material/Others/Obsolete,15
"wood chips, dry, measured as dry mass",kilogram,transformation,material/Wood/Byproducts/Transformation,16
"wood chips, from post-consumer wood, measured as dry mass",kilogram,market,material/Others/Obsolete,1
"wood chips, from post-consumer wood, measured as dry mass",kilogram,market,material/Wood/Byproducts/Market,2
"wood chips, from post-consumer wood, measured as dry mass",kilogram,transformation,material/Wood/Byproducts/Transformation,2
"wood chips, from post-consumer wood, measured as dry mass",kilogram,transformation,waste treatment/Others/Obsolete,2
"wood chips, wet, measured as dry mass",kilogram,market,material/Others/Obsolete,1
"wood chips, wet, measured as dry mass",kilogram,market,material/Wood/Byproducts/Market,4
"wood chips, wet, measured as dry mass",kilogram,transformation,material/Others/Obsolete,1
"wood chips, wet, measured as dry mass",kilogram,transformation,material/Wood/Byproducts/Transformation,22
"wood cladding, softwood",square meter,market,material/Wood/Products/Market,1
"wood cladding, softwood",square meter,transformation,material/Wood/Products/Transformation,2
wood pellet factory,unit,market,material/Wood/Products/Market/Infrastructure,1
wood pellet factory,unit,transformation,material/Wood/Products/Transformation/Infrastructure,2
"wood pellet, measured as dry mass",kilogram,market,material/Wood/Products/Market,2
"wood pellet, measured as dry mass",kilogram,transformation,material/Wood/Products/Transformation,7
"wood preservation facility, dipping/immersion tank",unit,market,processing/Wood/Market/Infrastructure,1
"wood preservation facility, dipping/immersion tank",unit,transformation,processing/Wood/Transformation/Infrastructure,1
"wood preservation facility, flow coating equipment",unit,market,processing/Wood/Market/Infrastructure,1
"wood preservation facility, flow coating equipment",unit,transformation,processing/Wood/Transformation/Infrastructure,1
"wood preservation facility, hot/cold dipping tank",unit,market,processing/Wood/Market/Infrastructure,1
"wood preservation facility, hot/cold dipping tank",unit,transformation,processing/Wood/Transformation/Infrastructure,1
"wood preservation facility, oscillating pressure method",unit,market,processing/Wood/Market/Infrastructure,1
"wood preservation facility, oscillating pressure method",unit,transformation,processing/Wood/Transformation/Infrastructure,1
"wood preservation facility, vacuum pressure method",unit,market,processing/Wood/Market/Infrastructure,1
"wood preservation facility, vacuum pressure method",unit,transformation,processing/Wood/Transformation/Infrastructure,1
"wood preservation, dipping/immersion method, organic solvent-based, indoor use, dry",kilogram,market,processing/Wood/Market,1
"wood preservation, dipping/immersion method, organic solvent-based, indoor use, dry",kilogram,transformation,processing/Wood/Transformation,2
"wood preservation, dipping/immersion method, organic solvent-based, indoor use, occasionally wet",kilogram,market,processing/Wood/Market,1
"wood preservation, dipping/immersion method, organic solvent-based, indoor use, occasionally wet",kilogram,transformation,processing/Wood/Transformation,2
"wood preservation, dipping/immersion method, organic solvent-based, outdoor use, no ground contact",kilogram,market,processing/Others/Obsolete,1
"wood preservation, dipping/immersion method, organic solvent-based, outdoor use, no ground contact",kilogram,market,processing/Wood/Market,1
"wood preservation, dipping/immersion method, organic solvent-based, outdoor use, no ground contact",kilogram,transformation,processing/Wood/Transformation,2
"wood preservation, dipping/immersion method, water-based, indoor use, dry",kilogram,market,processing/Wood/Market,1
"wood preservation, dipping/immersion method, water-based, indoor use, dry",kilogram,transformation,processing/Wood/Transformation,2
"wood preservation, dipping/immersion method, water-based, indoor use, occasionally wet",kilogram,market,processing/Wood/Market,1
"wood preservation, dipping/immersion method, water-based, indoor use, occasionally wet",kilogram,transformation,processing/Wood/Transformation,2
"wood preservation, dipping/immersion method, water-based, outdoor use, no ground contact",kilogram,market,processing/Wood/Market,1
"wood preservation, dipping/immersion method, water-based, outdoor use, no ground contact",kilogram,transformation,processing/Wood/Transformation,2
"wood preservation, hot/cold dipping, creosote, outdoor use, ground contact",kilogram,market,processing/Wood/Market,1
"wood preservation, hot/cold dipping, creosote, outdoor use, ground contact",kilogram,transformation,processing/Wood/Transformation,2
"wood preservation, oscillating pressure method, inorganic salt, containing Cr, outdoor use, ground contact",kilogram,market,processing/Wood/Market,1
"wood preservation, oscillating pressure method, inorganic salt, containing Cr, outdoor use, ground contact",kilogram,transformation,processing/Wood/Transformation,2
"wood preservation, oscillating pressure method, organic salt, Cr-free, outdoor use, ground contact",kilogram,market,processing/Others/Obsolete,1
"wood preservation, oscillating pressure method, organic salt, Cr-free, outdoor use, ground contact",kilogram,market,processing/Wood/Market,1
"wood preservation, oscillating pressure method, organic salt, Cr-free, outdoor use, ground contact",kilogram,transformation,processing/Wood/Transformation,2
"wood preservation, pressure vessel, creosote, outdoor use, ground contact",kilogram,market,processing/Wood/Market,1
"wood preservation, pressure vessel, creosote, outdoor use, ground contact",kilogram,transformation,processing/Wood/Transformation,2
"wood preservation, spray tunnel/deluging, organic solvent-based, indoor use, dry",kilogram,market,processing/Wood/Market,1
"wood preservation, spray tunnel/deluging, organic solvent-based, indoor use, dry",kilogram,transformation,processing/Wood/Transformation,2
"wood preservation, spray tunnel/deluging, organic solvent-based, indoor use, occasionally wet",kilogram,market,processing/Others/Obsolete,1
"wood preservation, spray tunnel/deluging, organic solvent-based, indoor use, occasionally wet",kilogram,market,processing/Wood/Market,1
"wood preservation, spray tunnel/deluging, organic solvent-based, indoor use, occasionally wet",kilogram,transformation,processing/Wood/Transformation,2
"wood preservation, spray tunnel/deluging, organic solvent-based, outdoor use, no ground contact",kilogram,market,processing/Others/Obsolete,1
"wood preservation, spray tunnel/deluging, organic solvent-based, outdoor use, no ground contact",kilogram,market,processing/Wood/Market,1
"wood preservation, spray tunnel/deluging, organic solvent-based, outdoor use, no ground contact",kilogram,transformation,processing/Wood/Transformation,2
"wood preservation, spray tunnel/deluging, water-based, indoor use, dry",kilogram,market,processing/Wood/Market,1
"wood preservation, spray tunnel/deluging, water-based, indoor use, dry",kilogram,transformation,processing/Wood/Transformation,2
"wood preservation, spray tunnel/deluging, water-based, indoor use, occasionally wet",kilogram,market,processing/Wood/Market,1
"wood preservation, spray tunnel/deluging, water-based, indoor use, occasionally wet",kilogram,transformation,processing/Wood/Transformation,2
"wood preservation, spray tunnel/deluging, water-based, outdoor use, no ground contact",kilogram,market,processing/Wood/Market,1
"wood preservation, spray tunnel/deluging, water-based, outdoor use, no ground contact",kilogram,transformation,processing/Wood/Transformation,2
"wood preservation, vaccum pressure method, inorganic salt, containing Cr, outdoor use, ground contact",kilogram,market,processing/Others/Obsolete,1
"wood preservation, vacuum pressure method, inorganic salt, containing Cr, outdoor use, ground contact",kilogram,market,processing/Wood/Market,1
"wood preservation, vacuum pressure method, inorganic salt, containing Cr, outdoor use, ground contact",kilogram,transformation,processing/Wood/Transformation,2
"wood preservation, vacuum pressure method, organic salts, Cr-free, outdoor use, ground contact",kilogram,market,processing/Others/Obsolete,1
"wood preservation, vacuum pressure method, organic salts, Cr-free, outdoor use, ground contact",kilogram,market,processing/Wood/Market,1
"wood preservation, vacuum pressure method, organic salts, Cr-free, outdoor use, ground contact",kilogram,transformation,processing/Wood/Transformation,2
"wood preservative, creosote",kilogram,market,material/Chemicals/Pesticides/Market,2
"wood preservative, creosote",kilogram,market,material/Others/Obsolete,1
"wood preservative, creosote",kilogram,transformation,material/Chemicals/Pesticides/Transformation,2
"wood preservative, inorganic salt, containing Cr",kilogram,market,material/Chemicals/Pesticides/Market,1
"wood preservative, inorganic salt, containing Cr",kilogram,transformation,material/Chemicals/Pesticides/Transformation,1
"wood preservative, organic salt, Cr-free",kilogram,market,material/Chemicals/Pesticides/Market,1
"wood preservative, organic salt, Cr-free",kilogram,transformation,material/Chemicals/Pesticides/Transformation,1
"wood preservative, organic, indoor use, dry",kilogram,market,processing/Wood/Market,1
"wood preservative, organic, indoor use, dry",kilogram,transformation,processing/Wood/Transformation,1
"wood preservative, organic, indoor use, occasionally wet",kilogram,market,processing/Wood/Market,1
"wood preservative, organic, indoor use, occasionally wet",kilogram,transformation,processing/Wood/Transformation,1
"wood preservative, organic, outdoor use, no ground contact",kilogram,market,processing/Wood/Market,1
"wood preservative, organic, outdoor use, no ground contact",kilogram,transformation,processing/Wood/Transformation,1
"wood preservative, water-based, indoor use, dry",kilogram,market,processing/Wood/Market,1
"wood preservative, water-based, indoor use, dry",kilogram,transformation,processing/Wood/Transformation,1
"wood preservative, water-based, indoor use, occasionally wet",kilogram,market,processing/Wood/Market,1
"wood preservative, water-based, indoor use, occasionally wet",kilogram,transformation,processing/Wood/Transformation,1
"wood preservative, water-based, outdoor use, no ground contact",kilogram,market,processing/Wood/Market,1
"wood preservative, water-based, outdoor use, no ground contact",kilogram,transformation,processing/Wood/Transformation,1
wood wool,kilogram,market,material/Others/Obsolete,1
wood wool,kilogram,market,material/Wood/Products/Market,2
wood wool,kilogram,transformation,material/Wood/Products/Transformation,3
"wood wool boards, cement bonded",cubic meter,market,material/Others/Obsolete,1
"wood wool boards, cement bonded",cubic meter,market,material/Wood/Products/Market,2
"wood wool boards, cement bonded",cubic meter,transformation,material/Wood/Products/Transformation,2
"wooden board factory, cement bonded boards",unit,market,material/Wood/Products/Market/Infrastructure,1
"wooden board factory, cement bonded boards",unit,transformation,material/Wood/Products/Transformation/Infrastructure,2
"wooden board factory, organic bonded boards",unit,market,material/Wood/Products/Market/Infrastructure,1
"wooden board factory, organic bonded boards",unit,transformation,material/Wood/Products/Transformation/Infrastructure,2
woven bamboo mat,kilogram,market,material/Wood/Products/Market,5
woven bamboo mat,kilogram,transformation,material/Wood/Products/Transformation,5
"xenon, gaseous",kilogram,market,material/Chemicals/Gases/Market,2
"xenon, gaseous",kilogram,market,material/Others/Obsolete,1
"xenon, gaseous",kilogram,transformation,material/Chemicals/Gases/Transformation,3
xylene,kilogram,market,material/Chemicals/Organic/Market,2
xylene,kilogram,market,material/Others/Obsolete,1
xylene,kilogram,transformation,material/Chemicals/Organic/Transformation,2
"yarn, cotton",kilogram,market,material/Textiles/Market,1
"yarn, cotton",kilogram,transformation,material/Textiles/Transformation,6
"yarn, jute",kilogram,market,material/Textiles/Market,1
"yarn, jute",kilogram,transformation,material/Textiles/Transformation,3
"yarn, kenaf",kilogram,market,material/Textiles/Market,1
"yarn, kenaf",kilogram,transformation,material/Textiles/Transformation,2
"yarn, silk",kilogram,market,material/Textiles/Market,1
"yarn, silk",kilogram,transformation,material/Textiles/Transformation,4
"yogurt, from cow milk",kilogram,market,material/Agricultural/Food/Market,1
"yogurt, from cow milk",kilogram,transformation,material/Agricultural/Food/Transformation,2
ytterbium oxide,kilogram,market,material/Chemicals/Inorganic/Market,1
ytterbium oxide,kilogram,transformation,material/Chemicals/Inorganic/Transformation,2
yttrium oxide,kilogram,market,material/Chemicals/Inorganic/Market,1
yttrium oxide,kilogram,transformation,material/Chemicals/Inorganic/Transformation,3
"zeolite, powder",kilogram,market,material/Chemicals/Washing agents/Builders/Market,1
"zeolite, powder",kilogram,transformation,material/Chemicals/Washing agents/Builders/Transformation,2
"zeolite, slurry, without water, in 50% solution state",kilogram,market,material/Chemicals/Washing agents/Builders/Market,2
"zeolite, slurry, without water, in 50% solution state",kilogram,market,material/Others/Obsolete,1
"zeolite, slurry, without water, in 50% solution state",kilogram,transformation,material/Chemicals/Washing agents/Builders/Transformation,2
zinc,kilogram,market,material/Metals/Non ferro/Market,1
zinc,kilogram,transformation,material/Metals/Non ferro/Transformation,4
zinc,kilogram,transformation,material/Others/Obsolete,2
"zinc coat, coils",square meter,market,processing/Metals/Coating/Market,1
"zinc coat, coils",square meter,transformation,processing/Metals/Coating/Transformation,2
"zinc coat, pieces",square meter,market,processing/Metals/Coating/Market,1
"zinc coat, pieces",square meter,transformation,processing/Metals/Coating/Transformation,2
"zinc coat, pieces, adjustment per micro-m",square meter,market,processing/Metals/Coating/Market,1
"zinc coat, pieces, adjustment per micro-m",square meter,transformation,processing/Metals/Coating/Transformation,2
zinc concentrate,kilogram,market,material/Minerals/Market,1
zinc concentrate,kilogram,transformation,material/Chemicals/Inorganic/Transformation,1
zinc concentrate,kilogram,transformation,material/Minerals/Transformation,4
zinc concentrate,kilogram,transformation,processing/Others/Obsolete,49
zinc in car shredder residue,kilogram,market,waste treatment/Others/Obsolete,1
zinc in car shredder residue,kilogram,market,waste treatment/Transport/Market,2
zinc in car shredder residue,kilogram,transformation,waste treatment/Incineration/Municipal incineration/Transformation,3
zinc monosulfate,kilogram,market,material/Chemicals/Inorganic/Market,2
zinc monosulfate,kilogram,market,material/Others/Obsolete,1
zinc monosulfate,kilogram,transformation,material/Chemicals/Inorganic/Transformation,2
zinc monosulfate,kilogram,transformation,material/Minerals/Transformation,1
zinc oxide,kilogram,market,material/Chemicals/Inorganic/Market,1
zinc oxide,kilogram,transformation,material/Chemicals/Inorganic/Transformation,2
"zinc scrap, post-consumer",kilogram,market,material/Metals/Non ferro/Market,1
"zinc scrap, post-consumer",kilogram,market,waste treatment/Others/Obsolete,1
"zinc scrap, post-consumer",kilogram,transformation,material/Metals/Non ferro/Transformation,1
zinc slag,kilogram,market,waste treatment/Others/Market,1
zinc slag,kilogram,transformation,waste treatment/Landfill/Residual material landfill/Transformation,1
zinc sulfide,kilogram,market,material/Chemicals/Inorganic/Market,1
zinc sulfide,kilogram,transformation,material/Chemicals/Inorganic/Transformation,3
zineb,kilogram,market,material/Chemicals/Organic/Market,1
zineb,kilogram,transformation,material/Chemicals/Organic/Transformation,1
zircon,kilogram,market,material/Metals/Non ferro/Market,1
zircon,kilogram,transformation,material/Metals/Non ferro/Transformation,3
"zircon, 50% zirconium",kilogram,transformation,material/Others/Obsolete,1
zirconium oxide,kilogram,market,material/Chemicals/Inorganic/Market,1
zirconium oxide,kilogram,transformation,material/Chemicals/Inorganic/Transformation,2
"zirconium sponge, nuclear-grade",kilogram,market,material/Metals/Non ferro/Market,1
"zirconium sponge, nuclear-grade",kilogram,transformation,material/Metals/Non ferro/Transformation,3
zirconium tetrachloride,kilogram,market,material/Chemicals/Inorganic/Market,1
zirconium tetrachloride,kilogram,transformation,material/Chemicals/Inorganic/Transformation,3
zucchini,kilogram,market,material/Agricultural/Plant production/Vegetables/Market,1
zucchini,kilogram,transformation,material/Agricultural/Plant production/Vegetables/Transformation,1
